strain,inferred_ploidy,het_fraction,method,het_per_mb,n_het,n_snp_sites,callable_bp
DBVPG_4946,haploid,0.004354,custom_het_per_mb,28.272,529,121493,18711364
EXF_5940,haploid,0.004901,custom_het_per_mb,44.279,826,168528,18654244
EXF_8006,haploid,0.046053,custom_het_per_mb,1.091,21,456,19250446
TFCN_98C-3,haploid,0.006974,custom_het_per_mb,0.261,5,717,19127866
EXF_7944,haploid,0.067568,custom_het_per_mb,1.557,30,444,19261970
DBVPG_3384,haploid,0.004534,custom_het_per_mb,31.222,587,129464,18800700
EXF_13261,haploid,0.016162,custom_het_per_mb,0.417,8,495,19176572
DBVPG_3446,diploid,0.643715,custom_het_per_mb,33064.679,602206,935517,18212970
TFCN_209-6-12,haploid,0.021583,custom_het_per_mb,0.784,15,695,19133291
EXF_7949,haploid,0.004697,custom_het_per_mb,42.846,800,170335,18671418
EXF_3860,haploid,0.004058,custom_het_per_mb,26.900,505,124444,18773473
EXF_8109,haploid,0.005006,custom_het_per_mb,37.399,703,140436,18797436
DBVPG_10656,haploid,0.004413,custom_het_per_mb,29.457,553,125300,18773351
TFCN_211C-2,haploid,0.014859,custom_het_per_mb,977.094,1506,101355,1541305
DBVPG_4466,haploid,0.017123,custom_het_per_mb,0.522,10,584,19141633
TFCN_22C-4,diploid,0.732435,custom_het_per_mb,37243.912,701488,957748,18834971
TFCN_25-337Y-1,haploid,0.011594,custom_het_per_mb,0.417,8,690,19168205
DBVPG_6093,haploid,0.008012,custom_het_per_mb,22.711,432,53916,19021384
EXF_1510,haploid,0.003984,custom_het_per_mb,22.097,417,104665,18870983
EXF_6360,haploid,0.005382,custom_het_per_mb,39.020,735,136572,18836654
TFCN_54D-2,haploid,0.011461,custom_het_per_mb,0.417,8,698,19168018
TFCN_138A-1,haploid,0.017192,custom_het_per_mb,0.627,12,698,19132568
TFCN_25-335Y-1,haploid,0.063566,custom_het_per_mb,2.144,41,645,19127500
DBVPG_3443,haploid,0.004526,custom_het_per_mb,30.072,564,124607,18755066
TFCN_89D-3,haploid,0.010392,custom_het_per_mb,24.029,414,39838,17228911
EXF_7934,haploid,0.295868,custom_het_per_mb,9.294,179,605,19259183
DBVPG_3856,diploid,0.711207,custom_het_per_mb,34631.456,653795,919275,18878646
TFCN_54D-1,diploid,0.697239,custom_het_per_mb,37206.988,696693,999217,18724789
EXF_3604,haploid,0.004925,custom_het_per_mb,40.285,755,153299,18741356
DBVPG_4376,haploid,0.007327,custom_het_per_mb,67.044,1249,170458,18629630
EXF_6252,haploid,0.004852,custom_het_per_mb,44.212,825,170022,18659883
TFCN_102C-2,haploid,0.010627,custom_het_per_mb,0.522,10,941,19164606
TFCN_25-333Y-9,haploid,0.007504,custom_het_per_mb,22.389,427,56900,19071554
TFCN_363-1-2,haploid,0.010825,custom_het_per_mb,26.373,457,42218,17328298
EXF_12265,haploid,0.014136,custom_het_per_mb,929.543,1440,101864,1549148
EXF_8463,haploid,0.001615,custom_het_per_mb,6.543,124,76777,18951418
TFCN_17-325D-2,haploid,0.068966,custom_het_per_mb,1.662,32,464,19257078
DBVPG_6743,haploid,0.004433,custom_het_per_mb,29.617,556,125415,18773251
CHIFNET_14NJ214,diploid,0.667647,custom_het_per_mb,33901.524,595993,892677,17580124
TFCN_17-334Y-5,diploid,0.691230,custom_het_per_mb,36877.633,690432,998845,18722243
EXF_13599,haploid,0.005715,custom_het_per_mb,52.276,976,170785,18670253
TFCN_17-332C-1,haploid,0.017742,custom_het_per_mb,0.575,11,620,19145113
TFCN_17-267M-1,diploid,0.548463,custom_het_per_mb,22955.980,436216,795343,19002282
TFCN_102D-2,haploid,0.011876,custom_het_per_mb,0.262,5,421,19092956
DBVPG_4379,diploid,0.267190,custom_het_per_mb,13067.096,248283,929239,19000625
TFCN_134A-3,haploid,0.006442,custom_het_per_mb,395.361,5573,865049,14095988
TFCN_4M-1-3,haploid,0.036290,custom_het_per_mb,1.409,27,744,19156376
TFCN_211A-3,haploid,0.007775,custom_het_per_mb,23.239,443,56978,19062776
TFCN_86A-3,haploid,0.047233,custom_het_per_mb,1.830,35,741,19127628
DBVPG_10882,haploid,0.004119,custom_het_per_mb,22.122,417,101234,18850392
TFCN_17Y-278-1,diploid,0.697719,custom_het_per_mb,37344.290,699091,1001967,18720158
TFCN_17-0-2E334-4,diploid,0.737142,custom_het_per_mb,34682.909,657374,891788,18953831
TFCN_17-325D-4,haploid,0.055670,custom_het_per_mb,1.412,27,485,19117814
TFCN_102C-1,haploid,0.020882,custom_het_per_mb,0.470,9,431,19130166
TFCN_25-0-2E334-1,diploid,0.662593,custom_het_per_mb,35402.071,658498,993819,18600550
EXF_1585,haploid,0.022436,custom_het_per_mb,0.365,7,312,19169556
DBVPG_3239,haploid,0.010615,custom_het_per_mb,30.528,581,54732,19031841
DBVPG_5229,haploid,0.004546,custom_het_per_mb,24.884,470,103378,18887370
EXF_9950,haploid,0.005471,custom_het_per_mb,49.978,933,170542,18668390
DBVPG_3382,haploid,0.004570,custom_het_per_mb,32.195,606,132595,18823015
TFCN_25-333P-2,haploid,0.009082,custom_het_per_mb,25.903,493,54284,19032229
DBVPG_3090,haploid,0.006184,custom_het_per_mb,59.604,1111,179664,18639772
EXF_8254,haploid,0.012821,custom_het_per_mb,0.313,6,468,19167021
EXF_3609,haploid,0.015936,custom_het_per_mb,0.417,8,502,19170828
DBVPG_3857,diploid,0.714608,custom_het_per_mb,34992.112,660810,924717,18884542
TFCN_7-6-3,diploid,0.025064,custom_het_per_mb,1683.415,2460,98149,1461315
TFCN_25-333Y-10,haploid,0.005247,custom_het_per_mb,348.560,4377,834134,12557382
DBVPG_3236,haploid,0.004659,custom_het_per_mb,44.164,823,176655,18635085
TFCN_17-334P-3,haploid,0.008794,custom_het_per_mb,24.354,463,52650,19011254
DBVPG_4956,haploid,0.006620,custom_het_per_mb,18.547,353,53322,19032508
TFCN_4M-1-2,haploid,0.007880,custom_het_per_mb,22.830,435,55202,19053786
TFCN_17-329Y-4,haploid,0.006228,custom_het_per_mb,63.090,1174,188507,18608286
TFCN_107A-6,haploid,0.008341,custom_het_per_mb,22.603,428,51313,18935405
DBVPG_8043,haploid,0.004071,custom_het_per_mb,278.246,3580,879398,12866333
TFCN_25-0-2E390-1,diploid,0.680936,custom_het_per_mb,34117.862,642849,944067,18842007
EXF_3862,haploid,0.004140,custom_het_per_mb,27.433,515,124393,18772923
TFCN_25-332M-1,haploid,0.025276,custom_het_per_mb,0.835,16,633,19166864
TFCN_17-338D-3,haploid,0.056911,custom_het_per_mb,1.454,28,492,19256343
DBVPG_6091,haploid,0.003832,custom_het_per_mb,25.372,476,124211,18760641
EXF_7931,haploid,0.023810,custom_het_per_mb,0.522,10,420,19166632
TFCN_17-0-2E337-3,diploid,0.682719,custom_het_per_mb,36528.812,682986,1000391,18697186
EXF_1676,haploid,0.019608,custom_het_per_mb,0.522,10,510,19172780
DBVPG_4377,haploid,0.008814,custom_het_per_mb,61.903,1160,131606,18738961
TFCN_25-337M-3,haploid,0.036765,custom_het_per_mb,1.161,20,544,17230718
EXF_5546,haploid,0.020121,custom_het_per_mb,0.522,10,497,19165970
TFCN_25-325Y-1,haploid,0.051440,custom_het_per_mb,1.298,25,486,19257971
DBVPG_3777,haploid,0.004772,custom_het_per_mb,32.070,602,126156,18771422
DBVPG_6593,haploid,0.004795,custom_het_per_mb,32.325,607,126596,18778125
DBVPG_3235,haploid,0.005775,custom_het_per_mb,54.304,1011,175063,18617259
EXF_3569,haploid,0.030093,custom_het_per_mb,0.675,13,432,19259002
EXF_9762,haploid,0.014210,custom_het_per_mb,0.417,8,563,19170830
TFCN_209-6-11,haploid,0.021930,custom_het_per_mb,0.789,15,684,19001426
TFCN_25-333C-2,haploid,0.006541,custom_het_per_mb,19.508,372,56874,19068908
TFCN_17-332P-1,haploid,0.028662,custom_het_per_mb,0.939,18,628,19164523
TFCN_25-332P-2,haploid,0.009693,custom_het_per_mb,0.314,6,619,19130983
DBVPG_10780,haploid,0.006874,custom_het_per_mb,19.637,374,54406,19045349
DBVPG_3442,haploid,0.004934,custom_het_per_mb,32.592,611,123827,18747079
TFCN_25-0-2E333-5,haploid,0.009274,custom_het_per_mb,25.665,488,52621,19013852
EXF_3790,haploid,0.004154,custom_het_per_mb,27.928,525,126371,18798188
TFCN_17-333M-1,diploid,0.695666,custom_het_per_mb,34929.869,653712,939692,18714986
DBVPG_3780,haploid,0.004704,custom_het_per_mb,31.672,595,126475,18786528
TFCN_98A-10,haploid,0.008122,custom_het_per_mb,24.292,463,57003,19060022
EXF_8151,haploid,0.065463,custom_het_per_mb,1.505,29,443,19267043
TFCN_25-334D-3,haploid,0.006707,custom_het_per_mb,45.660,854,127333,18703559
IIF8SW-B2,haploid,0.004989,custom_het_per_mb,24.685,465,93199,18837295
TFCN_2M-1-4,haploid,0.009474,custom_het_per_mb,26.708,508,53618,19020179
TFCN_86A-5,haploid,0.010496,custom_het_per_mb,890.436,2462,234560,2764937
DBVPG_3778,haploid,0.006192,custom_het_per_mb,38.406,717,115786,18668926
EXF_8891,haploid,0.027379,custom_het_per_mb,1.095,21,767,19175729
TFCN_98C-7,haploid,0.007691,custom_het_per_mb,21.402,407,52917,19016801
EXF_2251,haploid,0.036145,custom_het_per_mb,0.779,15,415,19260386
TFCN_152A-5,haploid,0.007728,custom_het_per_mb,0.262,5,647,19095040
TFCN_17-332M-1,haploid,0.007597,custom_het_per_mb,452.707,6277,826224,13865479
DBVPG_4920,haploid,0.005250,custom_het_per_mb,32.243,598,113905,18546462
EXF_8155,haploid,0.050885,custom_het_per_mb,1.198,23,452,19193792
TFCN_100D-1,haploid,0.007799,custom_het_per_mb,21.439,407,52189,18984173
TFCN_25-327D-1,haploid,0.007658,custom_het_per_mb,22.922,437,57064,19064664
TFCN_340-1,haploid,0.007149,custom_het_per_mb,21.299,406,56794,19061542
TFCN_209-6-1,haploid,0.011662,custom_het_per_mb,0.418,8,686,19137484
TFCN_25-331D-1,diploid,0.581441,custom_het_per_mb,27580.560,519755,893908,18844976
TFCN_110C-1,haploid,0.012802,custom_het_per_mb,0.470,9,703,19160359
CHIFNET_12H1194,haploid,0.008212,custom_het_per_mb,68.364,1190,144904,17406871
DBVPG_3983,haploid,0.006459,custom_het_per_mb,61.899,1154,178672,18643423
TFCN_17-0-2E390-1,diploid,0.539055,custom_het_per_mb,24098.794,454853,843797,18874513
DBVPG_4958,haploid,0.004592,custom_het_per_mb,30.788,581,126521,18870852
DBVPG_4962,haploid,0.003917,custom_het_per_mb,25.955,487,124334,18762934
EXF_3629,haploid,0.005915,custom_het_per_mb,364.124,5157,871917,14162740
TFCN_106A-1,haploid,0.019100,custom_het_per_mb,0.732,14,733,19123721
TFCN_273H-1,haploid,0.012519,custom_het_per_mb,36.773,700,55915,19035625
EXF_3861,haploid,0.003993,custom_het_per_mb,26.673,501,125454,18783210
TFCN_17-390M-1,diploid,0.725883,custom_het_per_mb,37033.300,697040,960265,18821979
TFCN_1A-14,haploid,0.006293,custom_het_per_mb,410.258,6030,958237,14698070
DBVPG_3444,diploid,0.690963,custom_het_per_mb,34566.818,647007,936385,18717575
DBVPG_5236,haploid,0.047191,custom_het_per_mb,1.091,21,445,19249066
DBVPG_6742,haploid,0.010363,custom_het_per_mb,0.313,6,579,19155823
EXF_3540,haploid,0.012270,custom_het_per_mb,0.313,6,489,19171893
TFCN_213-6-4,haploid,0.017621,custom_het_per_mb,0.627,12,681,19153611
DBVPG_5758,haploid,0.005139,custom_het_per_mb,46.780,873,169871,18662010
TFCN_340-3,haploid,0.008036,custom_het_per_mb,23.149,441,54881,19050760
EXF_6370,haploid,0.005091,custom_het_per_mb,46.345,865,169915,18664378
DBVPG_4952,diploid,0.412984,custom_het_per_mb,27796.710,521835,1263572,18773265
TFCN_209-6-17,haploid,0.018466,custom_het_per_mb,0.679,13,704,19141915
TFCN_17-333P-6,diploid,0.752059,custom_het_per_mb,35795.693,681963,906794,19051538
EXF_5775,haploid,0.005167,custom_het_per_mb,47.200,881,170521,18665100
TFCN_17-0-2E390-2,diploid,0.722332,custom_het_per_mb,36625.876,689901,955103,18836437
DBVPG_3044,haploid,0.004671,custom_het_per_mb,44.895,838,179412,18665850
EXF_10854,haploid,0.003875,custom_het_per_mb,228.904,3094,798414,13516592
TFCN_213-6-2,haploid,0.016492,custom_het_per_mb,0.580,11,667,18980053
TFCN_98D-11,haploid,0.013569,custom_het_per_mb,0.523,10,737,19110712
TFCN_86C-3,haploid,0.024390,custom_het_per_mb,0.784,15,615,19125067
EXF_3626,haploid,0.005331,custom_het_per_mb,44.390,833,156242,18765439
TFCN_98D-9,haploid,0.017570,custom_het_per_mb,0.628,12,683,19121481
TFCN_102D-1,haploid,0.010224,custom_het_per_mb,29.770,567,55457,19046155
DBVPG_5226,haploid,0.004262,custom_het_per_mb,23.102,436,102291,18873090
EXF_13604,haploid,0.004014,custom_het_per_mb,21.722,410,102144,18875141
EXF_5939,haploid,0.038095,custom_het_per_mb,1.039,20,525,19252026
EXF_8921,haploid,0.012876,custom_het_per_mb,0.313,6,466,19177151
TFCN_152A-12,haploid,0.015936,custom_het_per_mb,0.626,12,753,19157154
EXF_12768,diploid,0.281720,custom_het_per_mb,2295.262,44001,156187,19170357
EXF_1686,haploid,0.027368,custom_het_per_mb,0.675,13,475,19260794
EXF_3633,haploid,0.005933,custom_het_per_mb,363.296,5137,865885,14139976
EXF_9926,haploid,0.004318,custom_het_per_mb,28.265,532,123195,18821534
TFCN_4M-1-5,haploid,0.017473,custom_het_per_mb,0.678,13,744,19163201
EXF_13500,haploid,0.004856,custom_het_per_mb,423.552,2214,455936,5227219
DBVPG_3776,haploid,0.005336,custom_het_per_mb,35.764,671,125757,18761970
EXF_8395,haploid,0.005394,custom_het_per_mb,38.085,716,132741,18799902
DBVPG_3237,haploid,0.004383,custom_het_per_mb,30.022,564,128680,18786497
TFCN_137D-4,haploid,0.030822,custom_het_per_mb,1.067,18,584,16869253
TFCN_25-332M-2,haploid,0.059633,custom_het_per_mb,2.038,39,654,19134540
EXF_3538,haploid,0.004655,custom_het_per_mb,38.149,715,153582,18742333
DBVPG_4945,haploid,0.004743,custom_het_per_mb,21.416,373,78649,17416933
EXF_10630,diploid,0.020052,custom_het_per_mb,1277.638,2078,103632,1626439
EXF_8464,haploid,0.017893,custom_het_per_mb,0.469,9,503,19171744
DBVPG_3858,haploid,0.003939,custom_het_per_mb,27.528,518,131505,18817109
TFCN_223A-8,haploid,0.011645,custom_het_per_mb,0.418,8,687,19158602
DBVPG_5225,haploid,0.003813,custom_het_per_mb,20.579,388,101744,18854552
TFCN_118C-2,haploid,0.010363,custom_het_per_mb,30.811,587,56644,19051631
EXF_13260,haploid,0.012024,custom_het_per_mb,0.313,6,499,19165689
TFCN_2M-1-3,haploid,0.010881,custom_het_per_mb,30.048,571,52479,19002956
DBVPG_4408,haploid,0.006295,custom_het_per_mb,55.082,1023,162501,18572317
TFCN_107C-3,haploid,0.009504,custom_het_per_mb,26.945,513,53980,19039101
DBVPG_3381,haploid,0.004024,custom_het_per_mb,28.461,536,133189,18833075
DBVPG_4202,haploid,0.058957,custom_het_per_mb,1.358,26,441,19145827
TFCN_17-333D-2,haploid,0.020958,custom_het_per_mb,0.760,14,668,18417294
TFCN_152A-2,haploid,0.010147,custom_het_per_mb,30.491,581,57256,19054985
EXF_14606,diploid,0.154457,custom_het_per_mb,10335.788,15531,100552,1502643
TFCN_BY120-C7,haploid,0.012303,custom_het_per_mb,33.661,639,51937,18983642
DBVPG_4378,haploid,0.004334,custom_het_per_mb,24.465,463,106833,18924726
DBVPG_10886,haploid,0.012500,custom_het_per_mb,0.313,6,480,19160928
DBVPG_6092,haploid,0.003552,custom_het_per_mb,23.825,447,125845,18761888
TFCN_140A-3,haploid,0.009104,custom_het_per_mb,25.273,480,52722,18992528
DBVPG_3045,diploid,0.683106,custom_het_per_mb,33045.384,619656,907116,18751666
DBVPG_6649,diploid,0.398519,custom_het_per_mb,26579.718,511384,1283211,19239632
EXF_7386,haploid,0.006120,custom_het_per_mb,374.379,5276,862144,14092658
TFCN_1A-1-5,haploid,0.045337,custom_het_per_mb,1.830,35,772,19128102
EXF_5941,haploid,0.013678,custom_het_per_mb,0.470,9,658,19160006
DBVPG_5227,haploid,0.004115,custom_het_per_mb,22.257,420,102059,18870158
NRRL_Y-2510,haploid,0.006211,custom_het_per_mb,55.987,1043,167935,18629169
EXF_6325,haploid,0.026163,custom_het_per_mb,0.470,9,344,19166422
DBVPG_4304,haploid,0.008446,custom_het_per_mb,0.261,5,592,19167905
EXF_7920,haploid,0.095041,custom_het_per_mb,2.388,46,484,19263089
EXF_4885,haploid,0.004600,custom_het_per_mb,24.810,468,101750,18863150
DBVPG_4201,haploid,0.066667,custom_het_per_mb,1.714,33,495,19248541
DBVPG_3855,diploid,0.562211,custom_het_per_mb,24116.491,457236,813282,18959475
EXF_6373,haploid,0.005215,custom_het_per_mb,46.917,875,167785,18649782
EXF_13255,haploid,0.005849,custom_het_per_mb,356.834,5022,858638,14073784
DBVPG_3538,diploid,0.692464,custom_het_per_mb,35639.303,668049,964742,18744727
TFCN_25-332C-1,haploid,0.019078,custom_het_per_mb,0.626,12,629,19160382
DBVPG_6803,haploid,0.009470,custom_het_per_mb,0.261,5,528,19162471
TFCN_17-332D-1,haploid,0.018838,custom_het_per_mb,0.626,12,637,19161266
EXF_3622,haploid,0.013807,custom_het_per_mb,0.365,7,507,19168401
EXF_3417,haploid,0.030568,custom_het_per_mb,0.727,14,458,19264886
TFCN_25-332D-2,haploid,0.042945,custom_het_per_mb,1.463,28,652,19140259
DBVPG_6741,haploid,0.012251,custom_het_per_mb,0.418,8,653,19153929
DBVPG_3445,diploid,0.053989,custom_het_per_mb,1784.868,34026,630241,19063591
EXF_10533,haploid,0.010364,custom_het_per_mb,663.173,841,81146,1268145
TFCN_404D-1,diploid,0.678477,custom_het_per_mb,33523.576,617834,910619,18429836
DBVPG_4947,haploid,0.004936,custom_het_per_mb,24.111,451,91366,18705222
TFCN_17-332M-2,haploid,0.060000,custom_het_per_mb,2.042,39,650,19098515
DBVPG_4380,diploid,0.274979,custom_het_per_mb,20492.075,250790,912033,12238390
CCFEE_5036,haploid,0.004618,custom_het_per_mb,26.859,508,109993,18913266
EXF_3530,haploid,0.020367,custom_het_per_mb,0.522,10,491,19159642
DBVPG_3238,haploid,0.008724,custom_het_per_mb,24.342,463,53074,19020355
DBVPG_4534,haploid,0.004108,custom_het_per_mb,281.860,3639,885856,12910679
TFCN_4M-1-4,haploid,0.009669,custom_het_per_mb,0.366,7,724,19123978
EXF_8014,haploid,0.019465,custom_het_per_mb,0.417,8,411,19171829
EXF_13250,haploid,0.005535,custom_het_per_mb,334.125,4675,844574,13991754
TFCN_25-332D-1,haploid,0.025357,custom_het_per_mb,0.835,16,631,19171039
DBVPG_4957,haploid,0.007189,custom_het_per_mb,20.374,388,53975,19044323
DBVPG_7019,haploid,0.004587,custom_het_per_mb,0.157,3,654,19163350
TFCN_17-334C-1,haploid,0.026446,custom_het_per_mb,0.836,16,605,19142373
TFCN_209-6-4,haploid,0.010029,custom_het_per_mb,0.365,7,698,19164223
EXF_3592,haploid,0.011696,custom_het_per_mb,0.313,6,513,19162214
DBVPG_6660,haploid,0.005797,custom_het_per_mb,357.456,5056,872133,14144381
TFCN_25-0-2E333-1,diploid,0.764219,custom_het_per_mb,35922.006,684117,895184,19044510
TFCN_212C-2,haploid,0.016129,custom_het_per_mb,0.574,11,682,19166986
DBVPG_4963,haploid,0.003784,custom_het_per_mb,25.404,477,126042,18776926
DBVPG_3774,haploid,0.004192,custom_het_per_mb,29.334,552,131668,18817577
TFCN_270H-1,diploid,0.680248,custom_het_per_mb,36615.485,681593,1001977,18614884
DBVPG_4618,haploid,0.005698,custom_het_per_mb,41.978,792,138987,18867112
TFCN_25-332Y-1,haploid,0.012678,custom_het_per_mb,0.418,8,631,19131814
EXF_9051,haploid,0.001894,custom_het_per_mb,1.930,37,19535,19169647
EXF_8984,haploid,0.034115,custom_het_per_mb,0.831,16,469,19259774
TFCN_25-0-2E332-1,haploid,0.043178,custom_het_per_mb,1.326,25,579,18856740
TFCN_141C-2,haploid,0.002759,custom_het_per_mb,0.105,2,725,19079170
DBVPG_5759,haploid,0.004890,custom_het_per_mb,44.377,828,169316,18658318
EXF_8465,haploid,0.012567,custom_het_per_mb,0.365,7,557,19161237
TFCN_25-0-2E333-7,haploid,0.066667,custom_het_per_mb,1.767,34,510,19237258
TFCN_98D-7,haploid,0.020000,custom_het_per_mb,0.731,14,700,19153973
TFCN_105A-2,haploid,0.010989,custom_het_per_mb,0.365,7,637,19161582
EXF_9595,haploid,0.004646,custom_het_per_mb,31.126,584,125687,18762174
EXF_6243,haploid,0.005282,custom_het_per_mb,47.883,893,169060,18649743
TFCN_17-334Y-2,haploid,0.019118,custom_het_per_mb,0.678,13,680,19173397
DBVPG_3984,haploid,0.006943,custom_het_per_mb,65.958,1229,177011,18633148
TFCN_3M-1-1,diploid,0.073813,custom_het_per_mb,4153.949,71180,964326,17135500
TFCN_342-3,haploid,0.008361,custom_het_per_mb,0.261,5,598,19140391
DBVPG_3775,haploid,0.003957,custom_het_per_mb,27.572,519,131161,18823154
TFCN_17-337P-5,diploid,0.751069,custom_het_per_mb,35615.135,677596,902175,19025507
EXF_3544,haploid,0.031891,custom_het_per_mb,0.727,14,439,19263491
TFCN_17-332P-2,haploid,0.009524,custom_het_per_mb,0.313,6,630,19149969
TFCN_152A-3,haploid,0.013703,custom_het_per_mb,655.042,580,42328,885439
TFCN_17-332C-2,haploid,0.007886,custom_het_per_mb,0.261,5,634,19159541
DBVPG_3383,haploid,0.004387,custom_het_per_mb,30.323,570,129939,18797648
TFCN_181A-1,haploid,0.045394,custom_het_per_mb,1.776,34,749,19148316
EXF_9756,haploid,0.013746,custom_het_per_mb,0.417,8,582,19164702
TFCN_17-325P-1,haploid,0.044586,custom_het_per_mb,1.090,21,471,19270984
TFCN_98A-5,haploid,0.007246,custom_het_per_mb,0.261,5,690,19158769
TFCN_86A-12,haploid,0.015432,custom_het_per_mb,0.535,10,648,18706668
EXF_12281,haploid,0.005008,custom_het_per_mb,45.787,855,170727,18673484
TFCN_33A-4,haploid,0.005676,custom_het_per_mb,404.638,5416,954116,13384796
TFCN_209-6-14,haploid,0.029957,custom_het_per_mb,1.096,21,701,19156759
DBVPG_4203,haploid,0.026066,custom_het_per_mb,0.574,11,422,19162676
DBVPG_4669,haploid,0.006446,custom_het_per_mb,18.519,353,54759,19061493
EXF_1565,haploid,0.016158,custom_het_per_mb,0.470,9,557,19163517
TFCN_17-334Y-3,haploid,0.007217,custom_het_per_mb,21.563,411,56948,19060489
TFCN_152C-5,haploid,0.010555,custom_het_per_mb,27.213,506,47941,18593995
TFCN_270H-2,haploid,0.009171,custom_het_per_mb,25.103,475,51791,18921922
DBVPG_10937,haploid,0.004474,custom_het_per_mb,29.655,559,124944,18850232
DBVPG_5235,haploid,0.004372,custom_het_per_mb,23.784,449,102692,18878039
TFCN_25-395P-1,haploid,0.005008,custom_het_per_mb,358.272,4791,956686,13372517
TFCN_152A-1,diploid,0.691840,custom_het_per_mb,37002.276,691838,999997,18697174
EXF_1695,haploid,0.032602,custom_het_per_mb,304.023,5708,175079,18774874
TFCN_209-6-2,haploid,0.013062,custom_het_per_mb,0.470,9,689,19162569
EXF_5938,haploid,0.007326,custom_het_per_mb,0.209,4,546,19162266
EXF_13601,haploid,0.005790,custom_het_per_mb,352.877,4976,859475,14101242
TFCN_17-291Y-1,diploid,0.695642,custom_het_per_mb,37118.273,695215,999386,18729724
EXF_8898,haploid,0.013725,custom_het_per_mb,0.365,7,510,19171124
DBVPG_10619,haploid,0.006960,custom_het_per_mb,20.163,384,55171,19045232
TFCN_172A-1,haploid,0.008759,custom_het_per_mb,0.313,6,685,19154574
TFCN_137C-3,haploid,0.023112,custom_het_per_mb,0.802,15,649,18708276
EXF_8400,haploid,0.001966,custom_het_per_mb,7.967,151,76808,18952547
EXF_13602,haploid,0.012590,custom_het_per_mb,0.365,7,556,19169502
EXF_13600,haploid,0.016349,custom_het_per_mb,0.313,6,367,19162678
EXF_5666,haploid,0.006133,custom_het_per_mb,413.383,5337,870159,12910531
DBVPG_5228,haploid,0.003756,custom_het_per_mb,20.248,382,101704,18865905
TFCN_98C-5,haploid,0.011180,custom_het_per_mb,0.470,9,805,19152378
EXF_5668,diploid,0.051338,custom_het_per_mb,3973.560,56254,1095750,14157079
EXF_3612,haploid,0.052036,custom_het_per_mb,1.193,23,442,19271422
DBVPG_4949,haploid,0.007013,custom_het_per_mb,20.096,383,54616,19058761
DBVPG_5757,haploid,0.004983,custom_het_per_mb,45.273,845,169565,18664444
DBVPG_4964,haploid,0.006737,custom_het_per_mb,19.115,364,54028,19042618
TFCN_122C-2,haploid,0.014265,custom_het_per_mb,0.522,10,701,19152995
TFCN_25-334Y-6,haploid,0.005070,custom_het_per_mb,363.658,4923,971087,13537458
DBVPG_4950,haploid,0.007135,custom_het_per_mb,20.366,388,54378,19051824
DBVPG_3854,diploid,0.700054,custom_het_per_mb,34775.931,648843,926847,18657818
TFCN_186CL-2,diploid,0.677191,custom_het_per_mb,35435.494,657508,970935,18555068
DBVPG_10842,haploid,0.003173,custom_het_per_mb,16.592,314,98971,18925239
TFCN_17-0-2E334-10,haploid,0.010978,custom_het_per_mb,32.312,615,56022,19033336
EXF_17335,haploid,0.006994,custom_het_per_mb,417.873,5796,828767,13870246
TFCN_130D-4,haploid,0.017945,custom_het_per_mb,0.574,11,613,19159071
EXF_1704,haploid,0.004302,custom_het_per_mb,35.330,664,154363,18794179
EXF_8942,haploid,0.031558,custom_het_per_mb,0.834,16,507,19183392
TFCN_25-0-2E333-9,haploid,0.009713,custom_het_per_mb,23.581,423,43549,17938083
EXF_3595,haploid,0.004112,custom_het_per_mb,27.712,521,126697,18800396
TFCN_98C-8,haploid,0.027322,custom_het_per_mb,1.044,20,732,19157274
TFCN_BY120-C1,haploid,0.011639,custom_het_per_mb,32.578,619,53184,19000474
TFCN_17-334D-6,diploid,0.669204,custom_het_per_mb,35625.241,665725,994802,18686891
DBVPG_6094,haploid,0.012727,custom_het_per_mb,35.355,672,52800,19006967
TFCN_209-6-5,haploid,0.032764,custom_het_per_mb,1.201,23,702,19145989
