strain,ploidy
TFCN_25-337Y-1,haploid
DBVPG_3777,haploid
TFCN_404D-1,diploid
EXF_10630,diploid
TFCN_1A-1-5,haploid
TFCN_86A-3,haploid
DBVPG_5229,haploid
EXF_1676,haploid
TFCN_270H-2,haploid
DBVPG_10619,haploid
TFCN_152A-1,diploid
EXF_8984,haploid
TFCN_17-291Y-1,diploid
EXF_5938,haploid
TFCN_213-6-2,haploid
DBVPG_5226,haploid
DBVPG_6092,haploid
TFCN_211A-3,haploid
EXF_13500,haploid
EXF_8464,haploid
DBVPG_5228,haploid
TFCN_105A-2,haploid
DBVPG_4379,diploid
DBVPG_5235,haploid
DBVPG_5236,haploid
DBVPG_6094,haploid
TFCN_25-333C-2,haploid
DBVPG_4201,haploid
EXF_6252,haploid
TFCN_17-332P-1,haploid
EXF_3595,haploid
DBVPG_3237,haploid
DBVPG_4202,haploid
TFCN_340-3,haploid
EXF_1565,haploid
TFCN_98C-8,haploid
TFCN_98D-11,haploid
TFCN_17-333D-2,haploid
TFCN_122C-2,haploid
TFCN_209-6-4,haploid
TFCN_152C-5,haploid
DBVPG_3857,diploid
DBVPG_6660,haploid
EXF_13604,haploid
EXF_13255,haploid
TFCN_186CL-2,diploid
TFCN_4M-1-3,haploid
EXF_8014,haploid
EXF_3417,haploid
DBVPG_3445,diploid
TFCN_25-333Y-9,haploid
TFCN_17-334Y-2,haploid
EXF_1695,haploid
EXF_7386,haploid
TFCN_25-333Y-10,haploid
DBVPG_4618,haploid
DBVPG_4946,haploid
DBVPG_4949,haploid
DBVPG_4378,haploid
EXF_9926,haploid
EXF_6373,haploid
TFCN_33A-4,haploid
TFCN_340-1,haploid
EXF_8109,haploid
EXF_9762,haploid
DBVPG_4376,haploid
EXF_3544,haploid
EXF_5546,haploid
TFCN_25-332C-1,haploid
EXF_6360,haploid
DBVPG_4920,haploid
TFCN_17-0-2E334-4,diploid
TFCN_54D-2,haploid
DBVPG_4958,haploid
EXF_5668,diploid
TFCN_209-6-5,haploid
TFCN_98D-9,haploid
TFCN_223A-8,haploid
TFCN_17-334P-3,haploid
TFCN_134A-3,haploid
TFCN_212C-2,haploid
DBVPG_3383,haploid
TFCN_98C-3,haploid
TFCN_17-333P-6,diploid
TFCN_17-332D-1,haploid
EXF_1686,haploid
DBVPG_3774,haploid
TFCN_363-1-2,haploid
TFCN_17-332M-2,haploid
TFCN_137D-4,haploid
DBVPG_6741,haploid
DBVPG_3984,haploid
TFCN_17-332C-1,haploid
TFCN_25-332M-2,haploid
TFCN_2M-1-4,haploid
TFCN_211C-2,diploid
EXF_10533,haploid
DBVPG_4377,haploid
DBVPG_10882,haploid
EXF_8921,haploid
EXF_13261,haploid
TFCN_107C-3,haploid
TFCN_270H-1,diploid
TFCN_17-390M-1,diploid
EXF_9595,haploid
TFCN_140A-3,haploid
EXF_17335,haploid
TFCN_17-325D-4,haploid
TFCN_118C-2,haploid
IIF8SW-B2,haploid
DBVPG_4950,haploid
EXF_8465,haploid
EXF_5939,haploid
TFCN_25-0-2E333-9,haploid
TFCN_25-332P-2,haploid
TFCN_342-3,haploid
TFCN_4M-1-5,haploid
EXF_14606,diploid
EXF_3861,haploid
TFCN_102C-2,haploid
DBVPG_3044,haploid
TFCN_17-325P-1,haploid
DBVPG_3776,haploid
EXF_3540,haploid
TFCN_25-334Y-6,haploid
TFCN_17-332M-1,haploid
EXF_13599,haploid
DBVPG_10937,haploid
TFCN_25-332M-1,haploid
DBVPG_5225,haploid
EXF_3862,haploid
TFCN_102D-1,haploid
DBVPG_5758,haploid
EXF_1510,haploid
DBVPG_4963,haploid
TFCN_209-6-12,haploid
TFCN_100D-1,haploid
DBVPG_4952,diploid
DBVPG_3444,diploid
DBVPG_3780,haploid
EXF_8891,haploid
TFCN_17-334Y-5,diploid
TFCN_17-0-2E390-1,diploid
TFCN_25-332Y-1,haploid
DBVPG_4947,haploid
TFCN_17-334C-1,haploid
EXF_2251,haploid
EXF_7931,haploid
TFCN_25-0-2E334-1,diploid
TFCN_17-332P-2,haploid
TFCN_25-0-2E333-5,haploid
DBVPG_4957,haploid
DBVPG_3239,haploid
TFCN_86A-5,haploid
TFCN_4M-1-4,haploid
DBVPG_3381,haploid
TFCN_107A-6,haploid
DBVPG_6743,haploid
TFCN_3M-1-1,diploid
EXF_3622,haploid
EXF_8151,haploid
TFCN_152A-12,haploid
EXF_8254,haploid
EXF_7944,haploid
TFCN_213-6-4,haploid
TFCN_25-332D-2,haploid
TFCN_25-337M-3,haploid
EXF_3633,haploid
TFCN_25-335Y-1,haploid
TFCN_25-0-2E333-7,haploid
EXF_5775,haploid
DBVPG_4945,haploid
TFCN_17Y-278-1,diploid
TFCN_17-334D-6,diploid
DBVPG_6649,diploid
DBVPG_3446,diploid
NRRL_Y-2510,haploid
TFCN_138A-1,haploid
DBVPG_6803,haploid
TFCN_25-333P-2,haploid
TFCN_152A-2,haploid
TFCN_17-338D-3,haploid
TFCN_17-334Y-3,haploid
TFCN_17-329Y-4,haploid
DBVPG_4203,haploid
TFCN_209-6-17,haploid
TFCN_89D-3,haploid
DBVPG_10656,haploid
TFCN_209-6-14,haploid
TFCN_106A-1,haploid
DBVPG_5227,haploid
DBVPG_6093,haploid
TFCN_25-0-2E390-1,diploid
EXF_8400,haploid
DBVPG_3238,haploid
DBVPG_6742,haploid
TFCN_25-0-2E332-1,haploid
DBVPG_7019,haploid
TFCN_17-0-2E390-2,diploid
DBVPG_3855,diploid
EXF_3790,haploid
TFCN_25-325Y-1,haploid
DBVPG_3775,haploid
EXF_5941,haploid
EXF_9756,haploid
DBVPG_10842,haploid
EXF_13602,haploid
EXF_13260,haploid
EXF_1704,haploid
TFCN_86A-12,haploid
EXF_9051,haploid
TFCN_17-267M-1,diploid
DBVPG_4669,haploid
TFCN_25-331D-1,diploid
TFCN_25-334D-3,haploid
TFCN_181A-1,haploid
TFCN_130D-4,haploid
TFCN_22C-4,diploid
TFCN_110C-1,haploid
DBVPG_3090,haploid
EXF_8898,haploid
DBVPG_6091,haploid
TFCN_17-0-2E334-10,haploid
DBVPG_3235,haploid
DBVPG_3778,haploid
CHIFNET_14NJ214,diploid
DBVPG_3856,diploid
EXF_6325,haploid
EXF_6370,haploid
TFCN_2M-1-3,haploid
EXF_3629,haploid
DBVPG_10886,haploid
EXF_3626,haploid
TFCN_172A-1,haploid
TFCN_98C-7,haploid
TFCN_137C-3,haploid
DBVPG_3236,haploid
EXF_5940,haploid
TFCN_152A-3,diploid
DBVPG_4956,haploid
DBVPG_4304,haploid
DBVPG_3384,haploid
EXF_5666,haploid
DBVPG_4534,haploid
EXF_13601,haploid
TFCN_209-6-11,haploid
TFCN_7-6-3,diploid
TFCN_86C-3,haploid
DBVPG_4964,haploid
DBVPG_10780,haploid
TFCN_98A-10,haploid
EXF_3592,haploid
EXF_4885,haploid
TFCN_141C-2,haploid
EXF_13250,haploid
DBVPG_3854,diploid
EXF_8395,haploid
EXF_3612,haploid
DBVPG_3443,haploid
EXF_3530,haploid
EXF_7920,haploid
TFCN_4M-1-2,haploid
TFCN_25-332D-1,haploid
TFCN_98C-5,haploid
TFCN_25-395P-1,haploid
EXF_6243,haploid
DBVPG_3382,haploid
TFCN_17-333M-1,diploid
TFCN_209-6-2,haploid
TFCN_98D-7,haploid
DBVPG_3442,haploid
EXF_10854,haploid
DBVPG_4466,haploid
EXF_1585,haploid
TFCN_54D-1,diploid
EXF_3538,haploid
EXF_12281,haploid
EXF_8006,haploid
CHIFNET_12H1194,haploid
EXF_7934,haploid
EXF_3860,haploid
TFCN_17-332C-2,haploid
EXF_3604,haploid
DBVPG_3045,diploid
DBVPG_3983,haploid
DBVPG_4962,haploid
EXF_3609,haploid
DBVPG_3538,diploid
TFCN_1A-14,haploid
TFCN_102C-1,haploid
TFCN_273H-1,haploid
DBVPG_3858,haploid
EXF_8942,haploid
DBVPG_5759,haploid
TFCN_209-6-1,haploid
EXF_8463,haploid
EXF_3569,haploid
DBVPG_6593,haploid
TFCN_25-0-2E333-1,diploid
EXF_12768,haploid
TFCN_102D-2,haploid
DBVPG_5757,haploid
TFCN_17-0-2E337-3,diploid
DBVPG_4408,haploid
EXF_7949,haploid
TFCN_17-337P-5,diploid
EXF_13600,haploid
EXF_8155,haploid
TFCN_25-327D-1,haploid
TFCN_152A-5,haploid
EXF_12265,diploid
DBVPG_4380,diploid
TFCN_98A-5,haploid
TFCN_17-325D-2,haploid
EXF_9950,haploid
DBVPG_8043,haploid
