strain,inferred_ploidy,metadata_ploidy,status
DBVPG_4946,haploid,haploid,AGREE
EXF_5940,haploid,haploid,AGREE
EXF_8006,haploid,haploid,AGREE
TFCN_98C-3,haploid,haploid,AGREE
EXF_7944,haploid,haploid,AGREE
DBVPG_3384,haploid,haploid,AGREE
EXF_13261,haploid,haploid,AGREE
DBVPG_3446,diploid,too low,DISAGREE
TFCN_209-6-12,haploid,haploid,AGREE
EXF_7949,haploid,haploid,AGREE
EXF_3860,haploid,haploid,AGREE
EXF_8109,haploid,haploid,AGREE
DBVPG_10656,haploid,haploid,AGREE
TFCN_211C-2,haploid,,NO_METADATA
DBVPG_4466,haploid,haploid,AGREE
TFCN_22C-4,diploid,diploid,AGREE
TFCN_25-337Y-1,haploid,haploid,AGREE
DBVPG_6093,haploid,haploid,AGREE
EXF_1510,haploid,haploid,AGREE
EXF_6360,haploid,haploid,AGREE
TFCN_54D-2,haploid,haploid,AGREE
TFCN_138A-1,haploid,haploid,AGREE
TFCN_25-335Y-1,haploid,haploid,AGREE
DBVPG_3443,haploid,haploid,AGREE
TFCN_89D-3,haploid,haploid,AGREE
EXF_7934,haploid,haploid,AGREE
DBVPG_3856,diploid,diploid,AGREE
TFCN_54D-1,diploid,diploid,AGREE
EXF_3604,haploid,haploid,AGREE
DBVPG_4376,haploid,haploid,AGREE
EXF_6252,haploid,haploid,AGREE
TFCN_102C-2,haploid,haploid,AGREE
TFCN_25-333Y-9,haploid,haploid,AGREE
TFCN_363-1-2,haploid,haploid,AGREE
EXF_12265,haploid,,NO_METADATA
EXF_8463,haploid,haploid,AGREE
TFCN_17-325D-2,haploid,haploid,AGREE
DBVPG_6743,haploid,haploid,AGREE
CHIFNET_14NJ214,diploid,diploid,AGREE
TFCN_17-334Y-5,diploid,diploid,AGREE
EXF_13599,haploid,haploid,AGREE
TFCN_17-332C-1,haploid,haploid,AGREE
TFCN_17-267M-1,diploid,diploid,AGREE
TFCN_102D-2,haploid,haploid,AGREE
DBVPG_4379,diploid,too low,DISAGREE
TFCN_134A-3,haploid,haploid,AGREE
TFCN_4M-1-3,haploid,haploid,AGREE
TFCN_211A-3,haploid,haploid,AGREE
TFCN_86A-3,haploid,haploid,AGREE
DBVPG_10882,haploid,haploid,AGREE
TFCN_17Y-278-1,diploid,haploid_from_hybrid,DISAGREE
TFCN_17-0-2E334-4,diploid,haploid_from_hybrid,DISAGREE
TFCN_17-325D-4,haploid,haploid,AGREE
TFCN_102C-1,haploid,haploid,AGREE
TFCN_25-0-2E334-1,diploid,diploid,AGREE
EXF_1585,haploid,haploid,AGREE
DBVPG_3239,haploid,too low,DISAGREE
DBVPG_5229,haploid,haploid,AGREE
EXF_9950,haploid,haploid,AGREE
DBVPG_3382,haploid,haploid,AGREE
TFCN_25-333P-2,haploid,haploid,AGREE
DBVPG_3090,haploid,haploid,AGREE
EXF_8254,haploid,haploid,AGREE
EXF_3609,haploid,haploid,AGREE
DBVPG_3857,diploid,diploid,AGREE
TFCN_7-6-3,diploid,,NO_METADATA
TFCN_25-333Y-10,haploid,haploid,AGREE
DBVPG_3236,haploid,haploid,AGREE
TFCN_17-334P-3,haploid,haploid,AGREE
DBVPG_4956,haploid,haploid,AGREE
TFCN_4M-1-2,haploid,haploid,AGREE
TFCN_17-329Y-4,haploid,haploid,AGREE
TFCN_107A-6,haploid,haploid,AGREE
DBVPG_8043,haploid,haploid,AGREE
TFCN_25-0-2E390-1,diploid,diploid,AGREE
EXF_3862,haploid,haploid,AGREE
TFCN_25-332M-1,haploid,haploid,AGREE
TFCN_17-338D-3,haploid,haploid,AGREE
DBVPG_6091,haploid,haploid,AGREE
EXF_7931,haploid,haploid,AGREE
TFCN_17-0-2E337-3,diploid,diploid,AGREE
EXF_1676,haploid,haploid,AGREE
DBVPG_4377,haploid,haploid,AGREE
TFCN_25-337M-3,haploid,haploid,AGREE
EXF_5546,haploid,haploid,AGREE
TFCN_25-325Y-1,haploid,haploid,AGREE
DBVPG_3777,haploid,haploid,AGREE
DBVPG_6593,haploid,haploid,AGREE
DBVPG_3235,haploid,haploid,AGREE
EXF_3569,haploid,haploid,AGREE
EXF_9762,haploid,haploid,AGREE
TFCN_209-6-11,haploid,haploid,AGREE
TFCN_25-333C-2,haploid,haploid,AGREE
TFCN_17-332P-1,haploid,haploid,AGREE
TFCN_25-332P-2,haploid,haploid,AGREE
DBVPG_10780,haploid,haploid,AGREE
DBVPG_3442,haploid,haploid,AGREE
TFCN_25-0-2E333-5,haploid,haploid,AGREE
EXF_3790,haploid,haploid,AGREE
TFCN_17-333M-1,diploid,,NO_METADATA
DBVPG_3780,haploid,haploid,AGREE
TFCN_98A-10,haploid,haploid,AGREE
EXF_8151,haploid,haploid,AGREE
TFCN_25-334D-3,haploid,haploid,AGREE
IIF8SW-B2,haploid,haploid,AGREE
TFCN_2M-1-4,haploid,haploid,AGREE
TFCN_86A-5,haploid,,NO_METADATA
DBVPG_3778,haploid,haploid,AGREE
EXF_8891,haploid,haploid,AGREE
TFCN_98C-7,haploid,haploid,AGREE
EXF_2251,haploid,haploid,AGREE
TFCN_152A-5,haploid,haploid,AGREE
TFCN_17-332M-1,haploid,haploid,AGREE
DBVPG_4920,haploid,haploid,AGREE
EXF_8155,haploid,haploid,AGREE
TFCN_100D-1,haploid,haploid,AGREE
TFCN_25-327D-1,haploid,haploid,AGREE
TFCN_340-1,haploid,haploid,AGREE
TFCN_209-6-1,haploid,haploid,AGREE
TFCN_25-331D-1,diploid,diploid,AGREE
TFCN_110C-1,haploid,haploid,AGREE
CHIFNET_12H1194,haploid,haploid,AGREE
DBVPG_3983,haploid,haploid,AGREE
TFCN_17-0-2E390-1,diploid,diploid,AGREE
DBVPG_4958,haploid,haploid,AGREE
DBVPG_4962,haploid,haploid,AGREE
EXF_3629,haploid,haploid,AGREE
TFCN_106A-1,haploid,haploid,AGREE
TFCN_273H-1,haploid,haploid,AGREE
EXF_3861,haploid,haploid,AGREE
TFCN_17-390M-1,diploid,diploid,AGREE
TFCN_1A-14,haploid,haploid,AGREE
DBVPG_3444,diploid,diploid,AGREE
DBVPG_5236,haploid,haploid,AGREE
DBVPG_6742,haploid,haploid,AGREE
EXF_3540,haploid,haploid,AGREE
TFCN_213-6-4,haploid,haploid,AGREE
DBVPG_5758,haploid,haploid,AGREE
TFCN_340-3,haploid,haploid,AGREE
EXF_6370,haploid,haploid,AGREE
DBVPG_4952,diploid,too low,DISAGREE
TFCN_209-6-17,haploid,haploid,AGREE
TFCN_17-333P-6,diploid,diploid,AGREE
EXF_5775,haploid,haploid,AGREE
TFCN_17-0-2E390-2,diploid,diploid,AGREE
DBVPG_3044,haploid,haploid,AGREE
EXF_10854,haploid,,NO_METADATA
TFCN_213-6-2,haploid,haploid,AGREE
TFCN_98D-11,haploid,haploid,AGREE
TFCN_86C-3,haploid,,NO_METADATA
EXF_3626,haploid,haploid,AGREE
TFCN_98D-9,haploid,haploid,AGREE
TFCN_102D-1,haploid,haploid,AGREE
DBVPG_5226,haploid,haploid,AGREE
EXF_13604,haploid,haploid,AGREE
EXF_5939,haploid,haploid,AGREE
EXF_8921,haploid,haploid,AGREE
TFCN_152A-12,haploid,haploid,AGREE
EXF_12768,diploid,haploid,DISAGREE
EXF_1686,haploid,haploid,AGREE
EXF_3633,haploid,haploid,AGREE
EXF_9926,haploid,haploid,AGREE
TFCN_4M-1-5,haploid,haploid,AGREE
EXF_13500,haploid,,NO_METADATA
DBVPG_3776,haploid,haploid,AGREE
EXF_8395,haploid,haploid,AGREE
DBVPG_3237,haploid,haploid,AGREE
TFCN_137D-4,haploid,haploid,AGREE
TFCN_25-332M-2,haploid,,NO_METADATA
EXF_3538,haploid,haploid,AGREE
DBVPG_4945,haploid,haploid,AGREE
EXF_10630,diploid,,NO_METADATA
EXF_8464,haploid,haploid,AGREE
DBVPG_3858,haploid,haploid,AGREE
TFCN_223A-8,haploid,haploid,AGREE
DBVPG_5225,haploid,haploid,AGREE
TFCN_118C-2,haploid,haploid,AGREE
EXF_13260,haploid,haploid,AGREE
TFCN_2M-1-3,haploid,,NO_METADATA
DBVPG_4408,haploid,haploid,AGREE
TFCN_107C-3,haploid,haploid,AGREE
DBVPG_3381,haploid,haploid,AGREE
DBVPG_4202,haploid,haploid,AGREE
TFCN_17-333D-2,haploid,haploid,AGREE
TFCN_152A-2,haploid,haploid,AGREE
EXF_14606,diploid,,NO_METADATA
TFCN_BY120-C7,haploid,,NO_METADATA
DBVPG_4378,haploid,haploid,AGREE
DBVPG_10886,haploid,haploid,AGREE
DBVPG_6092,haploid,haploid,AGREE
TFCN_140A-3,haploid,haploid,AGREE
DBVPG_3045,diploid,haploid_from_hybrid,DISAGREE
DBVPG_6649,diploid,too low,DISAGREE
EXF_7386,haploid,haploid,AGREE
TFCN_1A-1-5,haploid,,NO_METADATA
EXF_5941,haploid,haploid,AGREE
DBVPG_5227,haploid,haploid,AGREE
NRRL_Y-2510,haploid,,NO_METADATA
EXF_6325,haploid,haploid,AGREE
DBVPG_4304,haploid,haploid,AGREE
EXF_7920,haploid,haploid,AGREE
EXF_4885,haploid,haploid,AGREE
DBVPG_4201,haploid,haploid,AGREE
DBVPG_3855,diploid,haploid_from_hybrid,DISAGREE
EXF_6373,haploid,haploid,AGREE
EXF_13255,haploid,haploid,AGREE
DBVPG_3538,diploid,too low,DISAGREE
TFCN_25-332C-1,haploid,haploid,AGREE
DBVPG_6803,haploid,haploid,AGREE
TFCN_17-332D-1,haploid,haploid,AGREE
EXF_3622,haploid,haploid,AGREE
EXF_3417,haploid,haploid,AGREE
TFCN_25-332D-2,haploid,too low,DISAGREE
DBVPG_6741,haploid,haploid,AGREE
DBVPG_3445,diploid,too low,DISAGREE
EXF_10533,haploid,,NO_METADATA
TFCN_404D-1,diploid,diploid,AGREE
DBVPG_4947,haploid,haploid,AGREE
TFCN_17-332M-2,haploid,haploid,AGREE
DBVPG_4380,diploid,diploid,AGREE
CCFEE_5036,haploid,haploid,AGREE
EXF_3530,haploid,haploid,AGREE
DBVPG_3238,haploid,haploid,AGREE
DBVPG_4534,haploid,haploid,AGREE
TFCN_4M-1-4,haploid,haploid,AGREE
EXF_8014,haploid,haploid,AGREE
EXF_13250,haploid,haploid,AGREE
TFCN_25-332D-1,haploid,haploid,AGREE
DBVPG_4957,haploid,haploid,AGREE
DBVPG_7019,haploid,haploid,AGREE
TFCN_17-334C-1,haploid,haploid,AGREE
TFCN_209-6-4,haploid,haploid,AGREE
EXF_3592,haploid,haploid,AGREE
DBVPG_6660,haploid,haploid,AGREE
TFCN_25-0-2E333-1,diploid,diploid,AGREE
TFCN_212C-2,haploid,haploid,AGREE
DBVPG_4963,haploid,haploid,AGREE
DBVPG_3774,haploid,haploid,AGREE
TFCN_270H-1,diploid,too low,DISAGREE
DBVPG_4618,haploid,haploid,AGREE
TFCN_25-332Y-1,haploid,haploid,AGREE
EXF_9051,haploid,haploid,AGREE
EXF_8984,haploid,haploid,AGREE
TFCN_25-0-2E332-1,haploid,haploid,AGREE
TFCN_141C-2,haploid,haploid,AGREE
DBVPG_5759,haploid,haploid,AGREE
EXF_8465,haploid,haploid,AGREE
TFCN_25-0-2E333-7,haploid,haploid,AGREE
TFCN_98D-7,haploid,haploid,AGREE
TFCN_105A-2,haploid,haploid,AGREE
EXF_9595,haploid,haploid,AGREE
EXF_6243,haploid,haploid,AGREE
TFCN_17-334Y-2,haploid,haploid,AGREE
DBVPG_3984,haploid,haploid,AGREE
TFCN_3M-1-1,diploid,aneuploid,DISAGREE
TFCN_342-3,haploid,haploid,AGREE
DBVPG_3775,haploid,haploid,AGREE
TFCN_17-337P-5,diploid,diploid,AGREE
EXF_3544,haploid,haploid,AGREE
TFCN_17-332P-2,haploid,haploid,AGREE
TFCN_152A-3,haploid,,NO_METADATA
TFCN_17-332C-2,haploid,haploid,AGREE
DBVPG_3383,haploid,haploid,AGREE
TFCN_181A-1,haploid,haploid,AGREE
EXF_9756,haploid,haploid,AGREE
TFCN_17-325P-1,haploid,haploid,AGREE
TFCN_98A-5,haploid,haploid,AGREE
TFCN_86A-12,haploid,haploid,AGREE
EXF_12281,haploid,haploid,AGREE
TFCN_33A-4,haploid,haploid,AGREE
TFCN_209-6-14,haploid,haploid,AGREE
DBVPG_4203,haploid,haploid,AGREE
DBVPG_4669,haploid,haploid,AGREE
EXF_1565,haploid,haploid,AGREE
TFCN_17-334Y-3,haploid,haploid,AGREE
TFCN_152C-5,haploid,haploid,AGREE
TFCN_270H-2,haploid,haploid,AGREE
DBVPG_10937,haploid,haploid,AGREE
DBVPG_5235,haploid,haploid,AGREE
TFCN_25-395P-1,haploid,haploid,AGREE
TFCN_152A-1,diploid,diploid,AGREE
EXF_1695,haploid,haploid,AGREE
TFCN_209-6-2,haploid,haploid,AGREE
EXF_5938,haploid,haploid,AGREE
EXF_13601,haploid,haploid,AGREE
TFCN_17-291Y-1,diploid,diploid,AGREE
EXF_8898,haploid,haploid,AGREE
DBVPG_10619,haploid,haploid,AGREE
TFCN_172A-1,haploid,haploid,AGREE
TFCN_137C-3,haploid,haploid,AGREE
EXF_8400,haploid,haploid,AGREE
EXF_13602,haploid,haploid,AGREE
EXF_13600,haploid,haploid,AGREE
EXF_5666,haploid,haploid,AGREE
DBVPG_5228,haploid,haploid,AGREE
TFCN_98C-5,haploid,haploid,AGREE
EXF_5668,diploid,,NO_METADATA
EXF_3612,haploid,haploid,AGREE
DBVPG_4949,haploid,haploid,AGREE
DBVPG_5757,haploid,haploid,AGREE
DBVPG_4964,haploid,haploid,AGREE
TFCN_122C-2,haploid,haploid,AGREE
TFCN_25-334Y-6,haploid,haploid,AGREE
DBVPG_4950,haploid,haploid,AGREE
DBVPG_3854,diploid,diploid,AGREE
TFCN_186CL-2,diploid,,NO_METADATA
DBVPG_10842,haploid,haploid,AGREE
TFCN_17-0-2E334-10,haploid,haploid,AGREE
EXF_17335,haploid,,NO_METADATA
TFCN_130D-4,haploid,haploid,AGREE
EXF_1704,haploid,haploid,AGREE
EXF_8942,haploid,haploid,AGREE
TFCN_25-0-2E333-9,haploid,haploid,AGREE
EXF_3595,haploid,haploid,AGREE
TFCN_98C-8,haploid,haploid,AGREE
TFCN_BY120-C1,haploid,,NO_METADATA
TFCN_17-334D-6,diploid,diploid,AGREE
DBVPG_6094,haploid,too low,DISAGREE
TFCN_209-6-5,haploid,haploid,AGREE
