CCFEE_5036_CCFEE_5036	haploid
CHIFNET_12H1194_CHIFNET_12H1194	haploid
DBVPG_10619_DBVPG_10619	haploid
DBVPG_10656_DBVPG_10656	haploid
DBVPG_10780_DBVPG_10780	haploid
DBVPG_10842_DBVPG_10842	haploid
DBVPG_10882_DBVPG_10882	haploid
DBVPG_10886_DBVPG_10886	haploid
DBVPG_10937_DBVPG_10937	haploid
DBVPG_3044_DBVPG_3044	haploid
DBVPG_3045_DBVPG_3045	diploid_hybrid_other
DBVPG_3090_DBVPG_3090	haploid
DBVPG_3235_DBVPG_3235	haploid
DBVPG_3236_DBVPG_3236	haploid
DBVPG_3237_DBVPG_3237	haploid
DBVPG_3238_DBVPG_3238	haploid
DBVPG_3381_DBVPG_3381	haploid
DBVPG_3382_DBVPG_3382	haploid
DBVPG_3383_DBVPG_3383	haploid
DBVPG_3384_DBVPG_3384	haploid
DBVPG_3442_DBVPG_3442	haploid
DBVPG_3443_DBVPG_3443	haploid
DBVPG_3444_DBVPG_3444	diploid_hybrid_other
DBVPG_3446_DBVPG_3446	diploid_hybrid_other
DBVPG_3538_DBVPG_3538	diploid_hybrid_affmuc-like
DBVPG_3774_DBVPG_3774	haploid
DBVPG_3775_DBVPG_3775	haploid
DBVPG_3776_DBVPG_3776	haploid
DBVPG_3777_DBVPG_3777	haploid
DBVPG_3778_DBVPG_3778	haploid
DBVPG_3780_DBVPG_3780	haploid
DBVPG_3854_DBVPG_3854	diploid_hybrid_other
DBVPG_3855_DBVPG_3855	diploid_hybrid_other
DBVPG_3856_DBVPG_3856	diploid_hybrid_other
DBVPG_3857_DBVPG_3857	diploid_hybrid_other
DBVPG_3858_DBVPG_3858	haploid
DBVPG_3983_DBVPG_3983	haploid
DBVPG_3984_DBVPG_3984	haploid
DBVPG_4201_DBVPG_4201	haploid
DBVPG_4202_DBVPG_4202	haploid
DBVPG_4203_DBVPG_4203	haploid
DBVPG_4304_DBVPG_4304	haploid
DBVPG_4376_DBVPG_4376	haploid
DBVPG_4377_DBVPG_4377	haploid
DBVPG_4378_DBVPG_4378	haploid
DBVPG_4379_DBVPG_4379	diploid_hybrid_affmuc-like
DBVPG_4408_DBVPG_4408	haploid
DBVPG_4466_DBVPG_4466	haploid
DBVPG_4618_DBVPG_4618	haploid
DBVPG_4669_DBVPG_4669	haploid
DBVPG_4920_DBVPG_4920	haploid
DBVPG_4945_DBVPG_4945	haploid
DBVPG_4946_DBVPG_4946	haploid
DBVPG_4947_DBVPG_4947	haploid
DBVPG_4949_DBVPG_4949	haploid
DBVPG_4950_DBVPG_4950	haploid
DBVPG_4952_DBVPG_4952	diploid_hybrid_other
DBVPG_4956_DBVPG_4956	haploid
DBVPG_4957_DBVPG_4957	haploid
DBVPG_4958_DBVPG_4958	haploid
DBVPG_4962_DBVPG_4962	haploid
DBVPG_4963_DBVPG_4963	haploid
DBVPG_4964_DBVPG_4964	haploid
DBVPG_5225_DBVPG_5225	haploid
DBVPG_5226_DBVPG_5226	haploid
DBVPG_5227_DBVPG_5227	haploid
DBVPG_5228_DBVPG_5228	haploid
DBVPG_5229_DBVPG_5229	haploid
DBVPG_5235_DBVPG_5235	haploid
DBVPG_5236_DBVPG_5236	haploid
DBVPG_5757_DBVPG_5757	haploid
DBVPG_5758_DBVPG_5758	haploid
DBVPG_5759_DBVPG_5759	haploid
DBVPG_6091_DBVPG_6091	haploid
DBVPG_6092_DBVPG_6092	haploid
DBVPG_6093_DBVPG_6093	haploid
DBVPG_6593_DBVPG_6593	haploid
DBVPG_6649_DBVPG_6649	diploid_hybrid_other
DBVPG_6741_DBVPG_6741	haploid
DBVPG_6742_DBVPG_6742	haploid
DBVPG_6743_DBVPG_6743	haploid
DBVPG_6803_DBVPG_6803	haploid
DBVPG_7019_DBVPG_7019	haploid
EXF_12281_EXF_12281	haploid
EXF_13260_EXF_13260	haploid
EXF_13261_EXF_13261	haploid
EXF_13599_EXF_13599	haploid
EXF_13600_EXF_13600	haploid
EXF_13602_EXF_13602	haploid
EXF_13604_EXF_13604	haploid
EXF_1510_EXF_1510	haploid
EXF_1565_EXF_1565	haploid
EXF_1585_EXF_1585	haploid
EXF_1676_EXF_1676	haploid
EXF_1686_EXF_1686	haploid
EXF_1695_EXF_1695	haploid
EXF_1704_EXF_1704	haploid
EXF_2251_EXF_2251	haploid
EXF_3417_EXF_3417	haploid
EXF_3530_EXF_3530	haploid
EXF_3538_EXF_3538	haploid
EXF_3540_EXF_3540	haploid
EXF_3544_EXF_3544	haploid
EXF_3569_EXF_3569	haploid
EXF_3592_EXF_3592	haploid
EXF_3595_EXF_3595	haploid
EXF_3604_EXF_3604	haploid
EXF_3609_EXF_3609	haploid
EXF_3612_EXF_3612	haploid
EXF_3622_EXF_3622	haploid
EXF_3626_EXF_3626	haploid
EXF_3790_EXF_3790	haploid
EXF_3860_EXF_3860	haploid
EXF_3861_EXF_3861	haploid
EXF_3862_EXF_3862	haploid
EXF_4885_EXF_4885	haploid
EXF_5546_EXF_5546	haploid
EXF_5775_EXF_5775	haploid
EXF_5938_EXF_5938	haploid
EXF_5939_EXF_5939	haploid
EXF_5940_EXF_5940	haploid
EXF_5941_EXF_5941	haploid
EXF_6243_EXF_6243	haploid
EXF_6252_EXF_6252	haploid
EXF_6325_EXF_6325	haploid
EXF_6360_EXF_6360	haploid
EXF_6370_EXF_6370	haploid
EXF_6373_EXF_6373	haploid
EXF_7920_EXF_7920	haploid
EXF_7931_EXF_7931	haploid
EXF_7944_EXF_7944	haploid
EXF_7949_EXF_7949	haploid
EXF_8006_EXF_8006	haploid
EXF_8014_EXF_8014	haploid
EXF_8109_EXF_8109	haploid
EXF_8151_EXF_8151	haploid
EXF_8155_EXF_8155	haploid
EXF_8254_EXF_8254	haploid
EXF_8395_EXF_8395	haploid
EXF_8400_EXF_8400	haploid
EXF_8463_EXF_8463	haploid
EXF_8464_EXF_8464	haploid
EXF_8465_EXF_8465	haploid
EXF_8898_EXF_8898	haploid
EXF_8921_EXF_8921	haploid
EXF_8942_EXF_8942	haploid
EXF_8984_EXF_8984	haploid
EXF_9595_EXF_9595	haploid
EXF_9756_EXF_9756	haploid
EXF_9762_EXF_9762	haploid
EXF_9926_EXF_9926	haploid
EXF_9950_EXF_9950	haploid
IIF8SW-B2_IIF8SW-B2	haploid
TFCN_100D-1_TFCN_100D-1	haploid
TFCN_102C-1_TFCN_102C-1	haploid
TFCN_102C-2_TFCN_102C-2	haploid
TFCN_102D-1_TFCN_102D-1	haploid
TFCN_102D-2_TFCN_102D-2	haploid
TFCN_105A-2_TFCN_105A-2	haploid
TFCN_106A-1_TFCN_106A-1	haploid
TFCN_107A-6_TFCN_107A-6	haploid
TFCN_107C-3_TFCN_107C-3	haploid
TFCN_110C-1_TFCN_110C-1	haploid
TFCN_118C-2_TFCN_118C-2	haploid
TFCN_122C-2_TFCN_122C-2	haploid
TFCN_130D-4_TFCN_130D-4	haploid
TFCN_137C-3_TFCN_137C-3	haploid
TFCN_138A-1_TFCN_138A-1	haploid
TFCN_140A-3_TFCN_140A-3	haploid
TFCN_141C-2_TFCN_141C-2	haploid
TFCN_152A-1_TFCN_152A-1	diploid_hybrid_affmuc-like
TFCN_152A-12_TFCN_152A-12	haploid
TFCN_152A-2_TFCN_152A-2	haploid
TFCN_152A-5_TFCN_152A-5	haploid
TFCN_152C-5_TFCN_152C-5	haploid
TFCN_17-0-2E334-10_TFCN_17-0-2E334-10	haploid
TFCN_17-0-2E334-4_TFCN_17-0-2E334-4	diploid_hybrid_affmuc-like
TFCN_17-0-2E337-3_TFCN_17-0-2E337-3	diploid_hybrid_affmuc-like
TFCN_17-0-2E390-1_TFCN_17-0-2E390-1	diploid_hybrid_affmuc-like
TFCN_17-0-2E390-2_TFCN_17-0-2E390-2	diploid_hybrid_affmuc-like
TFCN_17-267M-1_TFCN_17-267M-1	diploid_hybrid_affmuc-like
TFCN_17-291Y-1_TFCN_17-291Y-1	diploid_hybrid_affmuc-like
TFCN_17-325D-2_TFCN_17-325D-2	haploid
TFCN_17-325D-4_TFCN_17-325D-4	haploid
TFCN_17-325P-1_TFCN_17-325P-1	haploid
TFCN_17-329Y-4_TFCN_17-329Y-4	haploid
TFCN_17-332C-1_TFCN_17-332C-1	haploid
TFCN_17-332C-2_TFCN_17-332C-2	haploid
TFCN_17-332D-1_TFCN_17-332D-1	haploid
TFCN_17-332M-2_TFCN_17-332M-2	haploid
TFCN_17-332P-1_TFCN_17-332P-1	haploid
TFCN_17-332P-2_TFCN_17-332P-2	haploid
TFCN_17-333P-6_TFCN_17-333P-6	diploid_hybrid_affmuc-like
TFCN_17-334C-1_TFCN_17-334C-1	haploid
TFCN_17-334D-6_TFCN_17-334D-6	diploid_hybrid_affmuc-like
TFCN_17-334P-3_TFCN_17-334P-3	haploid
TFCN_17-334Y-2_TFCN_17-334Y-2	haploid
TFCN_17-334Y-3_TFCN_17-334Y-3	haploid
TFCN_17-334Y-5_TFCN_17-334Y-5	diploid_hybrid_affmuc-like
TFCN_17-337P-5_TFCN_17-337P-5	diploid_hybrid_affmuc-like
TFCN_17-338D-3_TFCN_17-338D-3	haploid
TFCN_17-390M-1_TFCN_17-390M-1	diploid_hybrid_affmuc-like
TFCN_172A-1_TFCN_172A-1	haploid
TFCN_17Y-278-1_TFCN_17Y-278-1	diploid_hybrid_affmuc-like
TFCN_181A-1_TFCN_181A-1	haploid
TFCN_209-6-1_TFCN_209-6-1	haploid
TFCN_209-6-11_TFCN_209-6-11	haploid
TFCN_209-6-12_TFCN_209-6-12	haploid
TFCN_209-6-14_TFCN_209-6-14	haploid
TFCN_209-6-17_TFCN_209-6-17	haploid
TFCN_209-6-2_TFCN_209-6-2	haploid
TFCN_209-6-4_TFCN_209-6-4	haploid
TFCN_209-6-5_TFCN_209-6-5	haploid
TFCN_211A-3_TFCN_211A-3	haploid
TFCN_212C-2_TFCN_212C-2	haploid
TFCN_213-6-2_TFCN_213-6-2	haploid
TFCN_213-6-4_TFCN_213-6-4	haploid
TFCN_223A-8_TFCN_223A-8	haploid
TFCN_22C-4_TFCN_22C-4	diploid_hybrid_affmuc-like
TFCN_25-0-2E333-1_TFCN_25-0-2E333-1	diploid_hybrid_affmuc-like
TFCN_25-0-2E333-5_TFCN_25-0-2E333-5	haploid
TFCN_25-0-2E333-7_TFCN_25-0-2E333-7	haploid
TFCN_25-0-2E333-9_TFCN_25-0-2E333-9	haploid
TFCN_25-0-2E334-1_TFCN_25-0-2E334-1	diploid_hybrid_affmuc-like
TFCN_25-0-2E390-1_TFCN_25-0-2E390-1	diploid_hybrid_affmuc-like
TFCN_25-325Y-1_TFCN_25-325Y-1	haploid
TFCN_25-327D-1_TFCN_25-327D-1	haploid
TFCN_25-331D-1_TFCN_25-331D-1	diploid_hybrid_affmuc-like
TFCN_25-332C-1_TFCN_25-332C-1	haploid
TFCN_25-332D-1_TFCN_25-332D-1	haploid
TFCN_25-332M-1_TFCN_25-332M-1	haploid
TFCN_25-332P-2_TFCN_25-332P-2	haploid
TFCN_25-332Y-1_TFCN_25-332Y-1	haploid
TFCN_25-333C-2_TFCN_25-333C-2	haploid
TFCN_25-333P-2_TFCN_25-333P-2	haploid
TFCN_25-333Y-9_TFCN_25-333Y-9	haploid
TFCN_25-334D-3_TFCN_25-334D-3	haploid
TFCN_25-335Y-1_TFCN_25-335Y-1	haploid
TFCN_25-337Y-1_TFCN_25-337Y-1	haploid
TFCN_270H-1_TFCN_270H-1	diploid_hybrid_affmuc-like
TFCN_270H-2_TFCN_270H-2	haploid
TFCN_273H-1_TFCN_273H-1	haploid
TFCN_2M-1-4_TFCN_2M-1-4	haploid
TFCN_340-1_TFCN_340-1	haploid
TFCN_340-3_TFCN_340-3	haploid
TFCN_342-3_TFCN_342-3	haploid
TFCN_404D-1_TFCN_404D-1	diploid_hybrid_affmuc-like
TFCN_4M-1-2_TFCN_4M-1-2	haploid
TFCN_4M-1-3_TFCN_4M-1-3	haploid
TFCN_4M-1-4_TFCN_4M-1-4	haploid
TFCN_4M-1-5_TFCN_4M-1-5	haploid
TFCN_54D-1_TFCN_54D-1	diploid_hybrid_affmuc-like
TFCN_54D-2_TFCN_54D-2	haploid
TFCN_86A-12_TFCN_86A-12	haploid
TFCN_86A-3_TFCN_86A-3	haploid
TFCN_98A-10_TFCN_98A-10	haploid
TFCN_98A-5_TFCN_98A-5	haploid
TFCN_98C-3_TFCN_98C-3	haploid
TFCN_98C-5_TFCN_98C-5	haploid
TFCN_98C-7_TFCN_98C-7	haploid
TFCN_98C-8_TFCN_98C-8	haploid
TFCN_98D-11_TFCN_98D-11	haploid
TFCN_98D-7_TFCN_98D-7	haploid
TFCN_98D-9_TFCN_98D-9	haploid
DBVPG_3239_DBVPG_3239	diploid_low_het
DBVPG_6094_DBVPG_6094	diploid_low_het
TFCN_25-332D-2_TFCN_25-332D-2	diploid_low_het
