near_identical_group	size	strain	representative	missing_frac	mosdepth_mean	Origin	Environment	max_diffs_within	min_diffs_to_outside
NI001	13	TFCN_152A-5	0	0.0000	27.67	China	marsh_tidalflat	12	6
NI001	13	TFCN_17-332C-1	0	0.0000	34.95	China	marsh_tidalflat	12	6
NI001	13	TFCN_17-332C-2	0	0.0000	44.05	China	marsh_tidalflat	12	6
NI001	13	TFCN_17-332D-1	0	0.0000	244.97	China	marsh_tidalflat	12	6
NI001	13	TFCN_17-332P-1	0	0.0000	302.52	China	marsh_tidalflat	12	6
NI001	13	TFCN_17-332P-2	0	0.0000	38.56	China	marsh_tidalflat	12	6
NI001	13	TFCN_25-332C-1	0	0.0001	470.02	China	marsh_tidalflat	12	6
NI001	13	TFCN_25-332D-2	0	0.0000	63.18	China	marsh_tidalflat	12	6
NI001	13	TFCN_25-332M-1	1	0.0000	460.05	China	marsh_tidalflat	12	6
NI001	13	TFCN_25-332M-2	0	0.0001	37.1	NA	NA	12	6
NI001	13	TFCN_25-332Y-1	0	0.0000	31.5	China	marsh_tidalflat	12	6
NI001	13	TFCN_25-335Y-1	0	0.0000	84.12	China	marsh_tidalflat	12	6
NI001	13	TFCN_25-337M-3	0	0.0000	16.12	China	marsh_tidalflat	12	6
NI002	8	TFCN_102C-1	0	0.0000	31.28	China	marsh_tidalflat	9	239
NI002	8	TFCN_102D-2	0	0.0000	27.21	China	marsh_tidalflat	9	239
NI002	8	TFCN_17-325D-2	0	0.0000	46.72	China	marsh_tidalflat	9	239
NI002	8	TFCN_17-325D-4	0	0.0000	26.22	China	marsh_tidalflat	9	239
NI002	8	TFCN_17-325P-1	0	0.0000	69.86	China	marsh_tidalflat	9	239
NI002	8	TFCN_17-338D-3	0	0.0000	300.5	China	marsh_tidalflat	9	239
NI002	8	TFCN_25-0-2E333-7	0	0.0000	34.9	China	marsh_tidalflat	9	239
NI002	8	TFCN_25-325Y-1	1	0.0000	475.8	China	marsh_tidalflat	9	239
NI003	8	TFCN_209-6-1	0	0.0000	33.54	China	marsh_tidalflat	4	11
NI003	8	TFCN_209-6-11	0	0.0000	23.67	China	marsh_tidalflat	4	11
NI003	8	TFCN_209-6-12	0	0.0000	30.39	China	marsh_tidalflat	4	11
NI003	8	TFCN_209-6-14	0	0.0000	44.37	China	marsh_tidalflat	4	11
NI003	8	TFCN_209-6-17	0	0.0000	187.99	China	marsh_tidalflat	4	11
NI003	8	TFCN_209-6-2	0	0.0000	426.93	China	marsh_tidalflat	4	11
NI003	8	TFCN_209-6-4	1	0.0000	568.38	China	marsh_tidalflat	4	11
NI003	8	TFCN_209-6-5	0	0.0000	137.78	China	marsh_tidalflat	4	11
NI004	6	TFCN_137D-4	0	0.0001	17.96	China	marsh_tidalflat	7	10
NI004	6	TFCN_17-334Y-2	1	0.0000	700.81	China	marsh_tidalflat	7	10
NI004	6	TFCN_212C-2	0	0.0000	328.9	China	marsh_tidalflat	7	10
NI004	6	TFCN_213-6-2	0	0.0000	27.46	China	marsh_tidalflat	7	10
NI004	6	TFCN_213-6-4	0	0.0000	89.44	China	marsh_tidalflat	7	10
NI004	6	TFCN_86A-12	0	0.0000	24.0	China	marsh_tidalflat	7	10
NI005	4	EXF_3417	1	0.0000	65.97	Arctic	glacier_ice	2	68
NI005	4	EXF_3544	0	0.0000	56.93	Arctic	glacier_ice	2	68
NI005	4	EXF_3569	0	0.0000	53.93	Arctic	Glacial_water_with_sediment	2	68
NI005	4	EXF_3612	0	0.0000	65.03	Arctic	Glacial_water	2	68
NI006	3	DBVPG_4304	1	0.0002	64.28	Italy	unknown	1	309
NI006	3	DBVPG_6742	0	0.0002	51.52	Italy	unknown	1	309
NI006	3	TFCN_86C-3	0	0.0002	34.03	NA	NA	1	309
NI007	3	TFCN_152A-12	0	0.0001	51.73	China	marsh_tidalflat	1	7
NI007	3	TFCN_17-333D-2	0	0.0001	19.06	China	marsh_tidalflat	1	7
NI007	3	TFCN_54D-2	1	0.0001	61.12	China	marsh_tidalflat	1	7
NI008	3	TFCN_4M-1-3	1	0.0001	193.57	China	marsh_tidalflat	6	6
NI008	3	TFCN_4M-1-4	0	0.0001	31.47	China	marsh_tidalflat	6	6
NI008	3	TFCN_86A-3	0	0.0001	90.14	China	marsh_tidalflat	6	6
NI009	2	DBVPG_6741	0	0.0000	42.41	Italy	soil	2	375
NI009	2	DBVPG_7019	1	0.0000	47.41	Italy	unknown	2	375
NI010	2	EXF_13260	0	0.0000	50.92	Mexico	volcano	1	244
NI010	2	EXF_13261	1	0.0000	64.76	Mexico	volcano	1	244
NI011	2	EXF_1565	0	0.0000	59.12	Arctic	Sea_ice	5	249
NI011	2	EXF_1676	1	0.0000	67.83	Arctic	glacier_ice	5	249
NI012	2	TFCN_17-334C-1	0	0.0000	34.65	China	marsh_tidalflat	1	308
NI012	2	TFCN_342-3	1	0.0000	35.37	China	marsh_tidalflat	1	308
