sample	covered	mixed	balanced	mixed_per_kcov	balanced_per_kcov	peak_bin	frac_f_045_050	frac_f_030_037	bin_0.10	bin_0.15	bin_0.20	bin_0.25	bin_0.30	bin_0.35	bin_0.40	bin_0.45
CCFEE_5036_CCFEE_5036	1023697	57	43	0.06	0.04	0.45	0.263	0.193	6	5	3	7	4	7	10	15
CHIFNET_12H1194_CHIFNET_12H1194	427708	349	154	0.82	0.36	0.10	0.189	0.077	139	36	23	11	10	17	47	66
CHIFNET_14NJ214_CHIFNET_14NJ214	1048861	232478	216609	221.65	206.52	0.45	0.301	0.267	3287	4751	10873	14469	25920	36147	67013	70018
DBVPG_10619_DBVPG_10619	1024767	49	38	0.05	0.04	0.45	0.449	0.061	1	7	4	1	2	1	11	22
DBVPG_10656_DBVPG_10656	1047399	63	53	0.06	0.05	0.45	0.540	0.048	4	3	5	4	2	1	10	34
DBVPG_10780_DBVPG_10780	993658	44	32	0.04	0.03	0.45	0.318	0.091	1	6	6	4	2	2	9	14
DBVPG_10842_DBVPG_10842	1023584	19	12	0.02	0.01	0.30	0.158	0.421	1	3	3	0	5	3	1	3
DBVPG_10882_DBVPG_10882	1040153	70	53	0.07	0.05	0.45	0.271	0.271	7	6	5	4	8	11	10	19
DBVPG_10886_DBVPG_10886	856906	0	0	0.00	0.00	0.10	0.000	0.000	0	0	0	0	0	0	0	0
DBVPG_10937_DBVPG_10937	1019818	77	69	0.08	0.07	0.45	0.416	0.078	2	3	6	10	3	3	18	32
DBVPG_3044_DBVPG_3044	1063986	186	157	0.17	0.15	0.45	0.387	0.199	13	4	12	17	14	23	31	72
DBVPG_3045_DBVPG_3045	1077335	238460	221129	221.34	205.26	0.45	0.398	0.199	4807	5448	8236	9358	15891	31454	68358	94908
DBVPG_3090_DBVPG_3090	1066317	144	114	0.14	0.11	0.45	0.347	0.167	8	3	19	18	7	17	22	50
DBVPG_3235_DBVPG_3235	1053783	139	97	0.13	0.09	0.45	0.288	0.137	13	16	13	10	7	12	28	40
DBVPG_3236_DBVPG_3236	1061540	175	142	0.16	0.13	0.45	0.383	0.217	12	10	13	17	17	21	18	67
DBVPG_3237_DBVPG_3237	1030146	72	51	0.07	0.05	0.45	0.361	0.111	9	8	4	3	3	5	14	26
DBVPG_3238_DBVPG_3238	897362	49	40	0.05	0.04	0.45	0.408	0.122	2	5	3	0	0	6	13	20
DBVPG_3239_DBVPG_3239	1080787	213	153	0.20	0.14	0.30	0.160	0.315	27	16	17	29	43	24	23	34
DBVPG_3381_DBVPG_3381	1059861	46	28	0.04	0.03	0.45	0.217	0.174	5	8	5	2	4	4	8	10
DBVPG_3382_DBVPG_3382	1058539	57	46	0.05	0.04	0.45	0.474	0.140	3	4	4	3	3	5	8	27
DBVPG_3383_DBVPG_3383	1041242	63	50	0.06	0.05	0.45	0.349	0.111	4	3	7	6	1	6	14	22
DBVPG_3384_DBVPG_3384	1025793	58	42	0.06	0.04	0.45	0.362	0.172	5	6	5	2	1	9	9	21
DBVPG_3442_DBVPG_3442	1051312	51	35	0.05	0.03	0.45	0.333	0.118	7	8	1	3	2	4	9	17
DBVPG_3443_DBVPG_3443	1046618	61	41	0.06	0.04	0.45	0.344	0.131	11	3	6	2	5	3	10	21
DBVPG_3444_DBVPG_3444	1076731	237529	219700	220.60	204.04	0.45	0.352	0.234	5166	5358	8654	10975	20165	35472	68209	83530
DBVPG_3445_DBVPG_3445	1080934	188281	51855	174.18	47.97	0.10	0.014	0.117	53742	48301	36759	19526	13263	8696	5365	2629
DBVPG_3446_DBVPG_3446	1055945	195295	179807	184.95	170.28	0.45	0.332	0.252	4283	4728	7598	10168	18499	30697	54400	64922
DBVPG_3538_DBVPG_3538	1077392	252915	238179	234.75	221.07	0.40	0.230	0.367	2593	3671	10125	21492	39941	52947	64011	58135
DBVPG_3774_DBVPG_3774	1051000	64	50	0.06	0.05	0.45	0.484	0.094	8	2	5	1	2	4	11	31
DBVPG_3775_DBVPG_3775	1066668	35	26	0.03	0.02	0.45	0.429	0.114	6	2	1	2	2	2	5	15
DBVPG_3776_DBVPG_3776	1057140	56	39	0.05	0.04	0.45	0.375	0.161	2	6	9	2	7	2	7	21
DBVPG_3777_DBVPG_3777	1059366	78	56	0.07	0.05	0.45	0.449	0.051	9	4	9	7	2	2	10	35
DBVPG_3778_DBVPG_3778	817396	111	92	0.14	0.11	0.45	0.423	0.117	16	2	1	4	8	5	28	47
DBVPG_3780_DBVPG_3780	1056573	69	57	0.07	0.05	0.45	0.406	0.087	5	2	6	2	3	3	20	28
DBVPG_3854_DBVPG_3854	1079986	228800	213086	211.85	197.30	0.45	0.385	0.216	4245	4927	7240	9437	16526	32860	65404	88161
DBVPG_3855_DBVPG_3855	1080711	214612	185005	198.58	171.19	0.45	0.380	0.224	7357	9565	12857	16549	21652	26315	38818	81499
DBVPG_3856_DBVPG_3856	1079269	229432	213805	212.58	198.10	0.45	0.354	0.242	4257	4756	7650	10626	19865	35593	65392	81293
DBVPG_3857_DBVPG_3857	1079562	229542	214136	212.63	198.35	0.45	0.366	0.233	4041	4759	7547	9745	18950	34509	66055	83936
DBVPG_3858_DBVPG_3858	1069370	50	33	0.05	0.03	0.45	0.400	0.060	11	5	1	4	3	0	6	20
DBVPG_3983_DBVPG_3983	1064054	153	116	0.14	0.11	0.45	0.242	0.203	8	14	15	17	5	26	31	37
DBVPG_3984_DBVPG_3984	1059484	160	109	0.15	0.10	0.45	0.300	0.138	14	11	27	19	9	13	19	48
DBVPG_4201_DBVPG_4201	580252	0	0	0.00	0.00	0.10	0.000	0.000	0	0	0	0	0	0	0	0
DBVPG_4202_DBVPG_4202	623108	3	3	0.00	0.00	0.45	1.000	0.000	0	0	0	0	0	0	0	3
DBVPG_4203_DBVPG_4203	729684	0	0	0.00	0.00	0.10	0.000	0.000	0	0	0	0	0	0	0	0
DBVPG_4304_DBVPG_4304	918976	0	0	0.00	0.00	0.10	0.000	0.000	0	0	0	0	0	0	0	0
DBVPG_4376_DBVPG_4376	1064845	77	64	0.07	0.06	0.45	0.429	0.117	3	5	5	4	2	7	18	33
DBVPG_4377_DBVPG_4377	911308	230	198	0.25	0.22	0.45	0.304	0.243	8	7	20	27	24	32	42	70
DBVPG_4378_DBVPG_4378	1068864	26	19	0.02	0.02	0.45	0.423	0.077	4	0	3	1	1	1	5	11
DBVPG_4379_DBVPG_4379	1080514	246352	170973	228.00	158.23	0.25	0.067	0.319	15941	22753	41694	45674	45161	33312	25313	16504
DBVPG_4380_DBVPG_4380	926208	130658	109166	141.07	117.86	0.45	0.240	0.259	5501	6823	11675	11340	15252	18642	30067	31358
DBVPG_4408_DBVPG_4408	890316	87	81	0.10	0.09	0.45	0.517	0.103	3	3	0	1	2	7	26	45
DBVPG_4466_DBVPG_4466	597553	0	0	0.00	0.00	0.10	0.000	0.000	0	0	0	0	0	0	0	0
DBVPG_4534_DBVPG_4534	1006476	659	478	0.65	0.47	0.45	0.261	0.203	83	38	67	56	61	73	109	172
DBVPG_4618_DBVPG_4618	1059607	108	92	0.10	0.09	0.45	0.343	0.204	8	4	4	17	12	10	16	37
DBVPG_4669_DBVPG_4669	1011436	36	25	0.04	0.02	0.45	0.417	0.056	5	4	2	1	2	0	7	15
DBVPG_4920_DBVPG_4920	617072	85	68	0.14	0.11	0.40	0.341	0.082	9	4	4	3	3	4	29	29
DBVPG_4945_DBVPG_4945	233436	32	28	0.14	0.12	0.45	0.625	0.000	1	1	2	4	0	0	4	20
DBVPG_4946_DBVPG_4946	899380	52	40	0.06	0.04	0.45	0.462	0.115	4	2	6	0	1	5	10	24
DBVPG_4947_DBVPG_4947	500223	40	22	0.08	0.04	0.45	0.275	0.100	7	5	8	1	1	3	4	11
DBVPG_4949_DBVPG_4949	1015495	54	41	0.05	0.04	0.45	0.519	0.074	2	4	7	2	4	0	7	28
DBVPG_4950_DBVPG_4950	998815	36	30	0.04	0.03	0.45	0.417	0.111	3	2	1	6	3	1	5	15
DBVPG_4952_DBVPG_4952	1079476	318434	243688	294.99	225.75	0.25	0.122	0.298	7396	19737	52424	64982	55556	39334	40049	38956
DBVPG_4956_DBVPG_4956	938880	55	50	0.06	0.05	0.45	0.418	0.145	1	3	1	2	4	4	17	23
DBVPG_4957_DBVPG_4957	966679	50	41	0.05	0.04	0.45	0.420	0.080	2	4	3	4	4	0	12	21
DBVPG_4958_DBVPG_4958	1044263	58	41	0.06	0.04	0.45	0.483	0.069	7	2	9	2	1	3	6	28
DBVPG_4962_DBVPG_4962	1054808	103	91	0.10	0.09	0.45	0.621	0.107	7	3	2	7	5	6	9	64
DBVPG_4963_DBVPG_4963	1049004	53	36	0.05	0.03	0.45	0.264	0.038	9	3	8	7	2	0	10	14
DBVPG_4964_DBVPG_4964	976952	29	16	0.03	0.02	0.45	0.310	0.103	6	3	4	0	3	0	4	9
DBVPG_5225_DBVPG_5225	1035537	69	58	0.07	0.06	0.45	0.391	0.159	4	5	2	11	6	5	9	27
DBVPG_5226_DBVPG_5226	1033385	92	76	0.09	0.07	0.45	0.413	0.130	4	6	6	7	7	5	19	38
DBVPG_5227_DBVPG_5227	1036418	76	61	0.07	0.06	0.45	0.329	0.211	4	1	12	10	9	7	8	25
DBVPG_5228_DBVPG_5228	1028757	75	58	0.07	0.06	0.45	0.253	0.333	10	2	5	6	11	14	8	19
DBVPG_5229_DBVPG_5229	1041923	71	59	0.07	0.06	0.45	0.296	0.254	2	5	5	3	8	10	17	21
DBVPG_5235_DBVPG_5235	1032031	73	60	0.07	0.06	0.45	0.342	0.164	2	7	7	4	5	7	16	25
DBVPG_5236_DBVPG_5236	761001	0	0	0.00	0.00	0.10	0.000	0.000	0	0	0	0	0	0	0	0
DBVPG_5757_DBVPG_5757	1062670	84	77	0.08	0.07	0.45	0.488	0.179	3	3	1	2	11	4	19	41
DBVPG_5758_DBVPG_5758	1062756	96	90	0.09	0.08	0.45	0.698	0.073	2	3	4	5	4	3	8	67
DBVPG_5759_DBVPG_5759	1060832	86	70	0.08	0.07	0.45	0.535	0.105	4	8	4	2	2	7	13	46
DBVPG_6091_DBVPG_6091	1036666	51	42	0.05	0.04	0.45	0.510	0.118	9	0	0	3	4	2	7	26
DBVPG_6092_DBVPG_6092	1045518	78	62	0.07	0.06	0.45	0.397	0.115	13	2	1	4	4	5	18	31
DBVPG_6093_DBVPG_6093	1001209	39	27	0.04	0.03	0.45	0.513	0.026	2	5	5	2	0	1	4	20
DBVPG_6094_DBVPG_6094	1080315	250	183	0.23	0.17	0.45	0.216	0.252	25	20	24	17	26	37	47	54
DBVPG_6593_DBVPG_6593	1051336	105	90	0.10	0.09	0.45	0.667	0.029	8	2	5	8	2	1	9	70
DBVPG_6649_DBVPG_6649	1082041	327126	235288	302.32	217.45	0.25	0.143	0.258	17248	26828	51849	56912	47807	36562	43164	46756
DBVPG_6660_DBVPG_6660	1029061	780	548	0.76	0.53	0.45	0.191	0.227	93	77	69	82	91	86	133	149
DBVPG_6741_DBVPG_6741	801355	0	0	0.00	0.00	0.10	0.000	0.000	0	0	0	0	0	0	0	0
DBVPG_6742_DBVPG_6742	845873	0	0	0.00	0.00	0.10	0.000	0.000	0	0	0	0	0	0	0	0
DBVPG_6743_DBVPG_6743	1045406	100	89	0.10	0.09	0.45	0.540	0.090	1	2	8	1	5	4	25	54
DBVPG_6803_DBVPG_6803	874991	0	0	0.00	0.00	0.10	0.000	0.000	0	0	0	0	0	0	0	0
DBVPG_7019_DBVPG_7019	846770	0	0	0.00	0.00	0.10	0.000	0.000	0	0	0	0	0	0	0	0
DBVPG_8043_DBVPG_8043	1003819	629	467	0.63	0.47	0.45	0.259	0.219	63	49	56	49	65	73	111	163
EXF_10533_EXF_10533	111554	182	92	1.63	0.82	0.15	0.110	0.187	29	34	29	17	21	13	19	20
EXF_10630_EXF_10630	131706	173	90	1.31	0.68	0.10	0.098	0.156	35	23	35	17	9	18	19	17
EXF_10854_EXF_10854	982394	457	276	0.47	0.28	0.10	0.168	0.197	96	41	53	30	29	61	70	77
EXF_12265_EXF_12265	128704	145	54	1.13	0.42	0.10	0.103	0.062	43	31	19	9	7	2	19	15
EXF_12281_EXF_12281	1067179	106	95	0.10	0.09	0.45	0.406	0.066	6	3	3	5	1	6	39	43
EXF_12768_EXF_12768	972559	1641	1632	1.69	1.68	0.45	0.840	0.023	0	3	8	5	9	29	209	1378
EXF_13250_EXF_13250	1020097	655	440	0.64	0.43	0.45	0.243	0.188	78	62	82	59	56	67	92	159
EXF_13255_EXF_13255	1022664	701	491	0.69	0.48	0.45	0.244	0.217	94	55	74	60	74	78	95	171
EXF_13260_EXF_13260	811935	0	0	0.00	0.00	0.10	0.000	0.000	0	0	0	0	0	0	0	0
EXF_13261_EXF_13261	822429	0	0	0.00	0.00	0.10	0.000	0.000	0	0	0	0	0	0	0	0
EXF_13500_EXF_13500	464026	329	142	0.71	0.31	0.10	0.055	0.182	81	67	45	30	33	27	28	18
EXF_13599_EXF_13599	1064366	142	132	0.13	0.12	0.45	0.577	0.134	5	2	3	1	1	18	30	82
EXF_13600_EXF_13600	686447	0	0	0.00	0.00	0.10	0.000	0.000	0	0	0	0	0	0	0	0
EXF_13601_EXF_13601	1025105	761	541	0.74	0.53	0.45	0.263	0.180	85	69	77	76	63	74	117	200
EXF_13602_EXF_13602	889779	0	0	0.00	0.00	0.10	0.000	0.000	0	0	0	0	0	0	0	0
EXF_13604_EXF_13604	1054624	75	60	0.07	0.06	0.45	0.253	0.227	7	5	4	6	10	7	17	19
EXF_14606_EXF_14606	121210	3674	3242	30.31	26.75	0.45	0.247	0.278	92	133	273	340	453	570	905	908
EXF_1510_EXF_1510	1002635	62	48	0.06	0.05	0.45	0.226	0.177	7	3	6	8	4	7	13	14
EXF_1565_EXF_1565	878318	28	0	0.03	0.00	0.10	0.000	0.000	23	3	2	0	0	0	0	0
EXF_1585_EXF_1585	761242	1	0	0.00	0.00	0.20	0.000	0.000	0	0	1	0	0	0	0	0
EXF_1676_EXF_1676	890009	0	0	0.00	0.00	0.10	0.000	0.000	0	0	0	0	0	0	0	0
EXF_1686_EXF_1686	822435	0	0	0.00	0.00	0.10	0.000	0.000	0	0	0	0	0	0	0	0
EXF_1695_EXF_1695	1066119	24002	903	22.51	0.85	0.10	0.005	0.010	15770	5887	1552	343	142	92	104	112
EXF_1704_EXF_1704	1061168	122	100	0.11	0.09	0.45	0.344	0.230	6	6	12	11	9	19	17	42
EXF_17335_EXF_17335	1008621	861	627	0.85	0.62	0.45	0.265	0.197	76	69	104	103	67	103	111	228
EXF_2251_EXF_2251	772051	0	0	0.00	0.00	0.10	0.000	0.000	0	0	0	0	0	0	0	0
EXF_3417_EXF_3417	877921	3	3	0.00	0.00	0.35	0.000	0.667	0	0	0	0	0	2	1	0
EXF_3530_EXF_3530	830508	0	0	0.00	0.00	0.10	0.000	0.000	0	0	0	0	0	0	0	0
EXF_3538_EXF_3538	1060682	108	86	0.10	0.08	0.45	0.306	0.231	5	10	10	5	7	18	20	33
EXF_3540_EXF_3540	903641	0	0	0.00	0.00	0.10	0.000	0.000	0	0	0	0	0	0	0	0
EXF_3544_EXF_3544	840556	0	0	0.00	0.00	0.10	0.000	0.000	0	0	0	0	0	0	0	0
EXF_3569_EXF_3569	794527	0	0	0.00	0.00	0.10	0.000	0.000	0	0	0	0	0	0	0	0
EXF_3592_EXF_3592	858607	0	0	0.00	0.00	0.10	0.000	0.000	0	0	0	0	0	0	0	0
EXF_3595_EXF_3595	1043579	60	47	0.06	0.05	0.45	0.633	0.083	7	2	4	3	2	3	1	38
EXF_3604_EXF_3604	1058030	125	102	0.12	0.10	0.45	0.384	0.200	8	8	7	12	17	8	17	48
EXF_3609_EXF_3609	861598	0	0	0.00	0.00	0.10	0.000	0.000	0	0	0	0	0	0	0	0
EXF_3612_EXF_3612	808968	0	0	0.00	0.00	0.10	0.000	0.000	0	0	0	0	0	0	0	0
EXF_3622_EXF_3622	883794	0	0	0.00	0.00	0.10	0.000	0.000	0	0	0	0	0	0	0	0
EXF_3626_EXF_3626	1064836	115	88	0.11	0.08	0.45	0.374	0.174	7	14	6	5	10	10	20	43
EXF_3629_EXF_3629	1029050	759	500	0.74	0.49	0.45	0.211	0.178	129	69	81	74	69	66	111	160
EXF_3633_EXF_3633	1026626	760	530	0.74	0.52	0.45	0.211	0.228	94	66	80	81	84	89	106	160
EXF_3790_EXF_3790	1040754	95	84	0.09	0.08	0.45	0.558	0.179	8	1	2	3	3	14	11	53
EXF_3860_EXF_3860	1030624	111	101	0.11	0.10	0.45	0.649	0.072	2	3	5	1	7	1	20	72
EXF_3861_EXF_3861	1030322	100	87	0.10	0.08	0.45	0.480	0.080	7	5	1	6	5	3	25	48
EXF_3862_EXF_3862	1037670	118	99	0.11	0.10	0.45	0.593	0.034	6	9	6	1	2	2	22	70
EXF_4885_EXF_4885	1036653	70	51	0.07	0.05	0.40	0.229	0.157	8	7	4	7	2	9	17	16
EXF_5546_EXF_5546	848297	2	0	0.00	0.00	0.15	0.000	0.000	0	1	1	0	0	0	0	0
EXF_5666_EXF_5666	996604	570	421	0.57	0.42	0.45	0.293	0.179	70	46	41	34	53	49	110	167
EXF_5668_EXF_5668	999710	211071	71894	211.13	71.91	0.20	0.012	0.117	36547	49430	59956	33851	17510	7257	4064	2456
EXF_5775_EXF_5775	1062388	102	90	0.10	0.08	0.45	0.608	0.088	10	0	2	0	5	4	19	62
EXF_5938_EXF_5938	868148	0	0	0.00	0.00	0.10	0.000	0.000	0	0	0	0	0	0	0	0
EXF_5939_EXF_5939	771227	1	1	0.00	0.00	0.45	1.000	0.000	0	0	0	0	0	0	0	1
EXF_5940_EXF_5940	1062702	101	83	0.10	0.08	0.45	0.426	0.168	12	4	2	3	8	9	20	43
EXF_5941_EXF_5941	895276	0	0	0.00	0.00	0.10	0.000	0.000	0	0	0	0	0	0	0	0
EXF_6243_EXF_6243	1057576	92	74	0.09	0.07	0.45	0.533	0.109	4	10	4	2	4	6	13	49
EXF_6252_EXF_6252	1058845	127	118	0.12	0.11	0.45	0.575	0.079	2	4	3	4	4	6	31	73
EXF_6325_EXF_6325	706947	0	0	0.00	0.00	0.10	0.000	0.000	0	0	0	0	0	0	0	0
EXF_6360_EXF_6360	1054510	109	88	0.10	0.08	0.45	0.339	0.138	10	7	7	9	6	9	24	37
EXF_6370_EXF_6370	1063107	112	98	0.11	0.09	0.45	0.571	0.107	11	2	1	2	4	8	20	64
EXF_6373_EXF_6373	1058381	133	115	0.13	0.11	0.45	0.519	0.150	9	8	1	1	9	11	25	69
EXF_7386_EXF_7386	1025337	691	499	0.67	0.49	0.45	0.289	0.185	75	60	64	74	52	76	90	200
EXF_7920_EXF_7920	829062	0	0	0.00	0.00	0.10	0.000	0.000	0	0	0	0	0	0	0	0
EXF_7931_EXF_7931	796854	1	0	0.00	0.00	0.10	0.000	0.000	1	0	0	0	0	0	0	0
EXF_7934_EXF_7934	787281	53	51	0.07	0.06	0.35	0.151	0.491	0	0	4	3	11	15	12	8
EXF_7944_EXF_7944	797057	0	0	0.00	0.00	0.10	0.000	0.000	0	0	0	0	0	0	0	0
EXF_7949_EXF_7949	1064907	67	59	0.06	0.06	0.45	0.373	0.239	3	2	3	4	7	9	14	25
EXF_8006_EXF_8006	713362	0	0	0.00	0.00	0.10	0.000	0.000	0	0	0	0	0	0	0	0
EXF_8014_EXF_8014	832970	1	1	0.00	0.00	0.40	0.000	0.000	0	0	0	0	0	0	1	0
EXF_8109_EXF_8109	1052657	130	98	0.12	0.09	0.45	0.469	0.038	5	14	14	3	1	4	28	61
EXF_8151_EXF_8151	870401	0	0	0.00	0.00	0.10	0.000	0.000	0	0	0	0	0	0	0	0
EXF_8155_EXF_8155	819211	13	0	0.02	0.00	0.10	0.000	0.000	9	4	0	0	0	0	0	0
EXF_8254_EXF_8254	856777	0	0	0.00	0.00	0.10	0.000	0.000	0	0	0	0	0	0	0	0
EXF_8395_EXF_8395	1031305	156	132	0.15	0.13	0.40	0.288	0.218	7	6	11	8	16	18	45	45
EXF_8400_EXF_8400	983835	10	8	0.01	0.01	0.40	0.300	0.000	2	0	0	1	0	0	4	3
EXF_8463_EXF_8463	991453	10	10	0.01	0.01	0.40	0.400	0.000	0	0	0	1	0	0	5	4
EXF_8464_EXF_8464	855194	0	0	0.00	0.00	0.10	0.000	0.000	0	0	0	0	0	0	0	0
EXF_8465_EXF_8465	797637	0	0	0.00	0.00	0.10	0.000	0.000	0	0	0	0	0	0	0	0
EXF_8891_EXF_8891	878563	53	15	0.06	0.02	0.20	0.019	0.038	4	16	19	10	2	0	1	1
EXF_8898_EXF_8898	879708	0	0	0.00	0.00	0.10	0.000	0.000	0	0	0	0	0	0	0	0
EXF_8921_EXF_8921	855284	0	0	0.00	0.00	0.10	0.000	0.000	0	0	0	0	0	0	0	0
EXF_8942_EXF_8942	904810	0	0	0.00	0.00	0.10	0.000	0.000	0	0	0	0	0	0	0	0
EXF_8984_EXF_8984	850653	0	0	0.00	0.00	0.10	0.000	0.000	0	0	0	0	0	0	0	0
EXF_9051_EXF_9051	825684	27	4	0.03	0.00	0.20	0.000	0.037	7	5	12	2	0	1	0	0
EXF_9595_EXF_9595	1049067	101	78	0.10	0.07	0.45	0.525	0.089	10	7	6	2	4	5	14	53
EXF_9756_EXF_9756	851774	1	0	0.00	0.00	0.10	0.000	0.000	1	0	0	0	0	0	0	0
EXF_9762_EXF_9762	918823	0	0	0.00	0.00	0.10	0.000	0.000	0	0	0	0	0	0	0	0
EXF_9926_EXF_9926	1037232	74	66	0.07	0.06	0.45	0.392	0.243	4	2	2	3	9	9	16	29
EXF_9950_EXF_9950	1063585	101	93	0.09	0.09	0.45	0.446	0.267	3	3	2	5	9	18	16	45
IIF8SW-B2_IIF8SW-B2	692709	39	27	0.06	0.04	0.45	0.487	0.051	4	5	3	4	2	0	2	19
NRRL_Y-2510_NRRL_Y-2510	1048925	87	80	0.08	0.08	0.45	0.379	0.172	3	4	1	4	2	13	27	33
TFCN_100D-1_TFCN_100D-1	563006	66	54	0.12	0.10	0.45	0.470	0.152	9	3	0	1	2	8	12	31
TFCN_102C-1_TFCN_102C-1	321730	0	0	0.00	0.00	0.10	0.000	0.000	0	0	0	0	0	0	0	0
TFCN_102C-2_TFCN_102C-2	933965	0	0	0.00	0.00	0.10	0.000	0.000	0	0	0	0	0	0	0	0
TFCN_102D-1_TFCN_102D-1	1029419	40	34	0.04	0.03	0.45	0.525	0.075	4	1	1	0	2	1	10	21
TFCN_102D-2_TFCN_102D-2	90045	0	0	0.00	0.00	0.10	0.000	0.000	0	0	0	0	0	0	0	0
TFCN_105A-2_TFCN_105A-2	910813	0	0	0.00	0.00	0.10	0.000	0.000	0	0	0	0	0	0	0	0
TFCN_106A-1_TFCN_106A-1	467418	0	0	0.00	0.00	0.10	0.000	0.000	0	0	0	0	0	0	0	0
TFCN_107A-6_TFCN_107A-6	456493	76	70	0.17	0.15	0.45	0.395	0.158	4	1	1	1	3	9	27	30
TFCN_107C-3_TFCN_107C-3	988286	52	41	0.05	0.04	0.45	0.327	0.212	6	2	3	0	3	8	13	17
TFCN_110C-1_TFCN_110C-1	966519	0	0	0.00	0.00	0.10	0.000	0.000	0	0	0	0	0	0	0	0
TFCN_118C-2_TFCN_118C-2	1035732	38	34	0.04	0.03	0.45	0.658	0.053	3	0	2	0	0	2	6	25
TFCN_122C-2_TFCN_122C-2	852680	0	0	0.00	0.00	0.10	0.000	0.000	0	0	0	0	0	0	0	0
TFCN_130D-4_TFCN_130D-4	835648	1	0	0.00	0.00	0.10	0.000	0.000	1	0	0	0	0	0	0	0
TFCN_134A-3_TFCN_134A-3	1026079	714	504	0.70	0.49	0.45	0.188	0.248	85	47	90	78	90	87	103	134
TFCN_137C-3_TFCN_137C-3	18381	2	2	0.11	0.11	0.45	1.000	0.000	0	0	0	0	0	0	0	2
TFCN_137D-4_TFCN_137D-4	856	1	1	1.17	1.17	0.45	1.000	0.000	0	0	0	0	0	0	0	1
TFCN_138A-1_TFCN_138A-1	522773	1	1	0.00	0.00	0.45	1.000	0.000	0	0	0	0	0	0	0	1
TFCN_140A-3_TFCN_140A-3	652879	69	53	0.11	0.08	0.45	0.449	0.072	10	3	3	2	3	2	15	31
TFCN_141C-2_TFCN_141C-2	171820	0	0	0.00	0.00	0.10	0.000	0.000	0	0	0	0	0	0	0	0
TFCN_152A-12_TFCN_152A-12	907614	0	0	0.00	0.00	0.10	0.000	0.000	0	0	0	0	0	0	0	0
TFCN_152A-1_TFCN_152A-1	1078496	238196	215902	220.86	200.19	0.45	0.380	0.213	6205	6933	9692	12303	18660	32080	61845	90478
TFCN_152A-2_TFCN_152A-2	1028379	68	44	0.07	0.04	0.45	0.426	0.029	14	7	3	4	1	1	9	29
TFCN_152A-3_TFCN_152A-3	62142	118	85	1.90	1.37	0.40	0.119	0.305	10	18	6	13	17	19	21	14
TFCN_152A-5_TFCN_152A-5	182318	2	2	0.01	0.01	0.45	1.000	0.000	0	0	0	0	0	0	0	2
TFCN_152C-5_TFCN_152C-5	217140	33	27	0.15	0.12	0.45	0.455	0.152	3	2	2	1	4	1	5	15
TFCN_17-0-2E334-10_TFCN_17-0-2E334-10	1052287	23	19	0.02	0.02	0.40	0.261	0.174	0	2	2	2	3	1	7	6
TFCN_17-0-2E334-4_TFCN_17-0-2E334-4	1080372	229012	197529	211.98	182.83	0.45	0.308	0.250	7716	9817	14458	18562	24270	32955	50738	70496
TFCN_17-0-2E337-3_TFCN_17-0-2E337-3	1078325	244110	226134	226.38	209.71	0.45	0.451	0.160	4870	5907	7952	8501	12610	26548	67563	110159
TFCN_17-0-2E390-1_TFCN_17-0-2E390-1	1080294	224341	187546	207.67	173.61	0.45	0.328	0.241	9293	12009	15729	19959	24939	29125	39655	73632
TFCN_17-0-2E390-2_TFCN_17-0-2E390-2	1079755	232358	203515	215.20	188.48	0.45	0.350	0.236	7518	8937	12762	16691	23111	31612	50436	81291
TFCN_17-267M-1_TFCN_17-267M-1	1081243	221472	185925	204.83	171.95	0.45	0.337	0.238	9006	11428	15331	20048	24546	28091	38372	74650
TFCN_17-291Y-1_TFCN_17-291Y-1	1078936	234059	206059	216.94	190.98	0.45	0.354	0.230	7404	9084	11919	15947	22122	31736	52891	82956
TFCN_17-325D-2_TFCN_17-325D-2	731598	0	0	0.00	0.00	0.10	0.000	0.000	0	0	0	0	0	0	0	0
TFCN_17-325D-4_TFCN_17-325D-4	31535	0	0	0.00	0.00	0.10	0.000	0.000	0	0	0	0	0	0	0	0
TFCN_17-325P-1_TFCN_17-325P-1	790885	0	0	0.00	0.00	0.10	0.000	0.000	0	0	0	0	0	0	0	0
TFCN_17-329Y-4_TFCN_17-329Y-4	1048515	127	107	0.12	0.10	0.45	0.402	0.157	7	8	5	3	7	13	33	51
TFCN_17-332C-1_TFCN_17-332C-1	591584	0	0	0.00	0.00	0.10	0.000	0.000	0	0	0	0	0	0	0	0
TFCN_17-332C-2_TFCN_17-332C-2	902977	0	0	0.00	0.00	0.10	0.000	0.000	0	0	0	0	0	0	0	0
TFCN_17-332D-1_TFCN_17-332D-1	947251	0	0	0.00	0.00	0.10	0.000	0.000	0	0	0	0	0	0	0	0
TFCN_17-332M-1_TFCN_17-332M-1	1007394	854	488	0.85	0.48	0.10	0.142	0.212	175	108	95	67	75	106	107	121
TFCN_17-332M-2_TFCN_17-332M-2	198469	2	2	0.01	0.01	0.45	1.000	0.000	0	0	0	0	0	0	0	2
TFCN_17-332P-1_TFCN_17-332P-1	1003285	0	0	0.00	0.00	0.10	0.000	0.000	0	0	0	0	0	0	0	0
TFCN_17-332P-2_TFCN_17-332P-2	785954	1	0	0.00	0.00	0.10	0.000	0.000	1	0	0	0	0	0	0	0
TFCN_17-333D-2_TFCN_17-333D-2	3651	0	0	0.00	0.00	0.10	0.000	0.000	0	0	0	0	0	0	0	0
TFCN_17-333M-1_TFCN_17-333M-1	1076821	243414	224583	226.05	208.56	0.45	0.328	0.257	5204	5526	9719	13235	24019	38425	67506	79780
TFCN_17-333P-6_TFCN_17-333P-6	1080459	241239	223678	223.27	207.02	0.45	0.459	0.157	4944	5499	7791	8806	12351	25522	65585	110741
TFCN_17-334C-1_TFCN_17-334C-1	712285	0	0	0.00	0.00	0.10	0.000	0.000	0	0	0	0	0	0	0	0
TFCN_17-334D-6_TFCN_17-334D-6	1077906	243893	225587	226.27	209.28	0.45	0.424	0.181	5187	5930	8080	9257	14842	29206	68018	103373
TFCN_17-334P-3_TFCN_17-334P-3	869971	39	33	0.04	0.04	0.40	0.256	0.205	4	2	0	1	3	5	14	10
TFCN_17-334Y-2_TFCN_17-334Y-2	1010427	0	0	0.00	0.00	0.10	0.000	0.000	0	0	0	0	0	0	0	0
TFCN_17-334Y-3_TFCN_17-334Y-3	1050114	32	22	0.03	0.02	0.45	0.625	0.000	3	3	4	2	0	0	0	20
TFCN_17-334Y-5_TFCN_17-334Y-5	1078821	234116	206139	217.01	191.08	0.45	0.350	0.233	7346	8770	12257	16408	22730	31822	52740	82043
TFCN_17-337P-5_TFCN_17-337P-5	1080312	234838	213051	217.38	197.21	0.45	0.384	0.212	5942	6926	9439	11949	18039	31828	60575	90140
TFCN_17-338D-3_TFCN_17-338D-3	951336	0	0	0.00	0.00	0.10	0.000	0.000	0	0	0	0	0	0	0	0
TFCN_17-390M-1_TFCN_17-390M-1	1079535	236268	212139	218.86	196.51	0.45	0.372	0.222	6488	7460	10646	13551	20215	32262	57872	87774
TFCN_172A-1_TFCN_172A-1	763674	0	0	0.00	0.00	0.10	0.000	0.000	0	0	0	0	0	0	0	0
TFCN_17Y-278-1_TFCN_17Y-278-1	1078880	235457	209397	218.24	194.09	0.45	0.364	0.225	6795	8194	11483	15081	21082	31875	55175	85772
TFCN_181A-1_TFCN_181A-1	963791	1	1	0.00	0.00	0.45	1.000	0.000	0	0	0	0	0	0	0	1
TFCN_186CL-2_TFCN_186CL-2	1075040	244746	225427	227.66	209.69	0.45	0.321	0.261	5243	5760	10024	13512	24303	39474	67800	78630
TFCN_1A-1-5_TFCN_1A-1-5	1081596	46	27	0.04	0.02	0.10	0.087	0.196	16	3	0	11	6	3	3	4
TFCN_1A-14_TFCN_1A-14	1039651	780	477	0.75	0.46	0.10	0.154	0.231	128	87	90	82	97	83	93	120
TFCN_209-6-11_TFCN_209-6-11	38817	1	1	0.03	0.03	0.40	0.000	0.000	0	0	0	0	0	0	1	0
TFCN_209-6-12_TFCN_209-6-12	514515	0	0	0.00	0.00	0.10	0.000	0.000	0	0	0	0	0	0	0	0
TFCN_209-6-14_TFCN_209-6-14	897634	1	1	0.00	0.00	0.35	0.000	1.000	0	0	0	0	0	1	0	0
TFCN_209-6-17_TFCN_209-6-17	943699	0	0	0.00	0.00	0.10	0.000	0.000	0	0	0	0	0	0	0	0
TFCN_209-6-1_TFCN_209-6-1	504945	1	0	0.00	0.00	0.10	0.000	0.000	1	0	0	0	0	0	0	0
TFCN_209-6-2_TFCN_209-6-2	1005580	0	0	0.00	0.00	0.10	0.000	0.000	0	0	0	0	0	0	0	0
TFCN_209-6-4_TFCN_209-6-4	983324	0	0	0.00	0.00	0.10	0.000	0.000	0	0	0	0	0	0	0	0
TFCN_209-6-5_TFCN_209-6-5	918233	0	0	0.00	0.00	0.10	0.000	0.000	0	0	0	0	0	0	0	0
TFCN_211A-3_TFCN_211A-3	1042039	33	24	0.03	0.02	0.45	0.606	0.061	2	6	1	0	2	0	2	20
TFCN_211C-2_TFCN_211C-2	127109	163	71	1.28	0.56	0.15	0.037	0.190	36	41	18	13	17	14	18	6
TFCN_212C-2_TFCN_212C-2	991457	0	0	0.00	0.00	0.10	0.000	0.000	0	0	0	0	0	0	0	0
TFCN_213-6-2_TFCN_213-6-2	48037	2	2	0.04	0.04	0.45	1.000	0.000	0	0	0	0	0	0	0	2
TFCN_213-6-4_TFCN_213-6-4	921465	0	0	0.00	0.00	0.10	0.000	0.000	0	0	0	0	0	0	0	0
TFCN_223A-8_TFCN_223A-8	881357	0	0	0.00	0.00	0.10	0.000	0.000	0	0	0	0	0	0	0	0
TFCN_22C-4_TFCN_22C-4	1079765	234112	207150	216.82	191.85	0.45	0.363	0.228	7122	8442	11769	15297	21807	31460	53215	85000
TFCN_25-0-2E332-1_TFCN_25-0-2E332-1	9437	1	1	0.11	0.11	0.35	0.000	1.000	0	0	0	0	0	1	0	0
TFCN_25-0-2E333-1_TFCN_25-0-2E333-1	1080456	226533	198178	209.66	183.42	0.45	0.344	0.240	7409	9016	12314	16507	22919	31470	49030	77868
TFCN_25-0-2E333-5_TFCN_25-0-2E333-5	888626	48	38	0.05	0.04	0.40	0.354	0.062	6	2	2	1	0	3	17	17
TFCN_25-0-2E333-7_TFCN_25-0-2E333-7	547046	0	0	0.00	0.00	0.10	0.000	0.000	0	0	0	0	0	0	0	0
TFCN_25-0-2E333-9_TFCN_25-0-2E333-9	145534	50	39	0.34	0.27	0.40	0.240	0.180	6	4	3	2	1	8	14	12
TFCN_25-0-2E334-1_TFCN_25-0-2E334-1	1077343	245712	227407	228.07	211.08	0.45	0.399	0.198	5171	5759	8418	9607	16315	32407	70034	98001
TFCN_25-0-2E390-1_TFCN_25-0-2E390-1	1079860	230850	199081	213.78	184.36	0.45	0.336	0.242	8257	10108	13718	17977	24646	31167	47339	77638
TFCN_25-325Y-1_TFCN_25-325Y-1	950961	0	0	0.00	0.00	0.10	0.000	0.000	0	0	0	0	0	0	0	0
TFCN_25-327D-1_TFCN_25-327D-1	1061246	42	33	0.04	0.03	0.45	0.524	0.024	5	1	3	2	1	0	8	22
TFCN_25-331D-1_TFCN_25-331D-1	1079799	227551	192610	210.73	178.38	0.45	0.332	0.238	8829	11350	15090	19871	24752	29376	42810	75473
TFCN_25-332C-1_TFCN_25-332C-1	978991	0	0	0.00	0.00	0.10	0.000	0.000	0	0	0	0	0	0	0	0
TFCN_25-332D-1_TFCN_25-332D-1	976567	0	0	0.00	0.00	0.10	0.000	0.000	0	0	0	0	0	0	0	0
TFCN_25-332D-2_TFCN_25-332D-2	1081939	34	23	0.03	0.02	0.30	0.118	0.294	2	3	7	4	8	2	4	4
TFCN_25-332M-1_TFCN_25-332M-1	992569	0	0	0.00	0.00	0.10	0.000	0.000	0	0	0	0	0	0	0	0
TFCN_25-332M-2_TFCN_25-332M-2	1081686	40	29	0.04	0.03	0.25	0.150	0.250	5	5	2	8	3	7	4	6
TFCN_25-332P-2_TFCN_25-332P-2	321672	0	0	0.00	0.00	0.10	0.000	0.000	0	0	0	0	0	0	0	0
TFCN_25-332Y-1_TFCN_25-332Y-1	496421	0	0	0.00	0.00	0.10	0.000	0.000	0	0	0	0	0	0	0	0
TFCN_25-333C-2_TFCN_25-333C-2	1055123	26	13	0.02	0.01	0.45	0.462	0.000	7	4	2	0	0	0	1	12
TFCN_25-333P-2_TFCN_25-333P-2	1009397	45	35	0.04	0.03	0.45	0.467	0.044	6	1	3	2	0	2	10	21
TFCN_25-333Y-10_TFCN_25-333Y-10	979788	713	518	0.73	0.53	0.45	0.275	0.195	95	42	66	46	52	87	129	196
TFCN_25-333Y-9_TFCN_25-333Y-9	1047659	34	25	0.03	0.02	0.45	0.647	0.029	3	3	3	1	1	0	1	22
TFCN_25-334D-3_TFCN_25-334D-3	730044	210	189	0.29	0.26	0.45	0.314	0.310	7	3	13	6	28	37	50	66
TFCN_25-334Y-6_TFCN_25-334Y-6	1019449	759	466	0.74	0.46	0.45	0.188	0.198	141	84	74	83	66	84	84	143
TFCN_25-335Y-1_TFCN_25-335Y-1	769277	0	0	0.00	0.00	0.10	0.000	0.000	0	0	0	0	0	0	0	0
TFCN_25-337M-3_TFCN_25-337M-3	894	0	0	0.00	0.00	0.10	0.000	0.000	0	0	0	0	0	0	0	0
TFCN_25-337Y-1_TFCN_25-337Y-1	1001323	0	0	0.00	0.00	0.10	0.000	0.000	0	0	0	0	0	0	0	0
TFCN_25-395P-1_TFCN_25-395P-1	1015123	677	404	0.67	0.40	0.10	0.161	0.168	139	59	77	80	52	62	99	109
TFCN_270H-1_TFCN_270H-1	1077813	246286	227926	228.51	211.47	0.45	0.380	0.215	5261	5666	8336	10655	18280	34722	69723	93643
TFCN_270H-2_TFCN_270H-2	435630	59	49	0.14	0.11	0.40	0.237	0.322	9	0	1	1	9	10	15	14
TFCN_273H-1_TFCN_273H-1	1043634	29	21	0.03	0.02	0.45	0.379	0.103	0	4	4	2	1	2	5	11
TFCN_2M-1-3_TFCN_2M-1-3	1080192	239	163	0.22	0.15	0.45	0.176	0.238	24	22	32	28	19	38	34	42
TFCN_2M-1-4_TFCN_2M-1-4	981422	39	33	0.04	0.03	0.45	0.538	0.026	2	0	4	4	1	0	7	21
TFCN_33A-4_TFCN_33A-4	1016723	1540	510	1.51	0.50	0.10	0.101	0.100	637	261	148	96	72	82	88	156
TFCN_340-1_TFCN_340-1	1056646	40	33	0.04	0.03	0.45	0.600	0.075	3	1	3	2	1	2	4	24
TFCN_340-3_TFCN_340-3	1000873	46	38	0.05	0.04	0.45	0.500	0.043	1	5	2	1	2	0	12	23
TFCN_342-3_TFCN_342-3	627356	0	0	0.00	0.00	0.10	0.000	0.000	0	0	0	0	0	0	0	0
TFCN_363-1-2_TFCN_363-1-2	135005	74	65	0.55	0.48	0.45	0.459	0.149	7	0	4	2	4	7	16	34
TFCN_3M-1-1_TFCN_3M-1-1	1066331	117930	16412	110.59	15.39	0.10	0.015	0.049	66437	24174	11749	5614	3346	2456	2327	1827
TFCN_404D-1_TFCN_404D-1	1071396	244524	225325	228.23	210.31	0.45	0.321	0.255	5340	5495	10494	13425	24467	37936	68809	78558
TFCN_4M-1-2_TFCN_4M-1-2	995022	49	44	0.05	0.04	0.45	0.673	0.102	3	0	2	1	1	4	5	33
TFCN_4M-1-3_TFCN_4M-1-3	964279	0	0	0.00	0.00	0.10	0.000	0.000	0	0	0	0	0	0	0	0
TFCN_4M-1-4_TFCN_4M-1-4	383440	0	0	0.00	0.00	0.10	0.000	0.000	0	0	0	0	0	0	0	0
TFCN_4M-1-5_TFCN_4M-1-5	1003340	0	0	0.00	0.00	0.10	0.000	0.000	0	0	0	0	0	0	0	0
TFCN_54D-1_TFCN_54D-1	1078895	233671	206017	216.58	190.95	0.45	0.359	0.229	7380	8785	11850	16040	22433	31129	52108	83946
TFCN_54D-2_TFCN_54D-2	924124	0	0	0.00	0.00	0.10	0.000	0.000	0	0	0	0	0	0	0	0
TFCN_7-6-3_TFCN_7-6-3	117536	659	523	5.61	4.45	0.45	0.223	0.228	41	45	72	70	70	80	134	147
TFCN_86A-12_TFCN_86A-12	11642	3	3	0.26	0.26	0.45	0.667	0.000	0	0	0	0	0	0	1	2
TFCN_86A-3_TFCN_86A-3	832266	1	1	0.00	0.00	0.45	1.000	0.000	0	0	0	0	0	0	0	1
TFCN_86A-5_TFCN_86A-5	248893	234	115	0.94	0.46	0.10	0.064	0.184	44	42	39	25	19	24	26	15
TFCN_86C-3_TFCN_86C-3	1081419	47	24	0.04	0.02	0.10	0.021	0.319	13	3	7	1	3	12	7	1
TFCN_89D-3_TFCN_89D-3	115836	83	74	0.72	0.64	0.45	0.434	0.229	8	0	1	2	3	16	17	36
TFCN_98A-10_TFCN_98A-10	1042222	45	35	0.04	0.03	0.45	0.667	0.022	5	3	2	1	1	0	3	30
TFCN_98A-5_TFCN_98A-5	897302	0	0	0.00	0.00	0.10	0.000	0.000	0	0	0	0	0	0	0	0
TFCN_98C-3_TFCN_98C-3	654814	0	0	0.00	0.00	0.10	0.000	0.000	0	0	0	0	0	0	0	0
TFCN_98C-5_TFCN_98C-5	933689	1	1	0.00	0.00	0.30	0.000	1.000	0	0	0	0	1	0	0	0
TFCN_98C-7_TFCN_98C-7	878045	57	48	0.06	0.05	0.45	0.386	0.281	4	3	3	3	8	8	6	22
TFCN_98C-8_TFCN_98C-8	992876	0	0	0.00	0.00	0.10	0.000	0.000	0	0	0	0	0	0	0	0
TFCN_98D-11_TFCN_98D-11	276193	0	0	0.00	0.00	0.10	0.000	0.000	0	0	0	0	0	0	0	0
TFCN_98D-7_TFCN_98D-7	940149	0	0	0.00	0.00	0.10	0.000	0.000	0	0	0	0	0	0	0	0
TFCN_98D-9_TFCN_98D-9	429814	0	0	0.00	0.00	0.10	0.000	0.000	0	0	0	0	0	0	0	0
TFCN_BY120-C1_TFCN_BY120-C1	1079902	206	142	0.19	0.13	0.45	0.189	0.218	31	16	19	19	22	23	37	39
TFCN_BY120-C7_TFCN_BY120-C7	1079064	224	158	0.21	0.15	0.40	0.192	0.205	36	11	20	19	13	33	49	43
