sample	ploidy	called	missing	nonref	het	gq_lt20	dp_lt5	hap_alt_mixedAD	hap_alt_called	dip_het_ABext	het_multi_alt	uses_allele_ge2
CHIFNET_12H1194_CHIFNET_12H1194	1	260634	1	9678	0	1415	37135	67	9675	0	0	5
CHIFNET_14NJ214_CHIFNET_14NJ214	2	260583	52	71509	63739	34751	5038	0	0	4121	1405	2058
DBVPG_10619_DBVPG_10619	1	260635	0	1830	0	1359	4816	19	1830	0	0	168
DBVPG_10656_DBVPG_10656	1	260621	14	7927	0	8258	10657	29	7926	0	0	465
DBVPG_10780_DBVPG_10780	1	260635	0	1765	0	889	6977	13	1765	0	0	162
DBVPG_10842_DBVPG_10842	1	260635	0	5822	0	1005	6976	34	5820	0	0	366
DBVPG_10882_DBVPG_10882	1	260632	3	7869	0	8705	10098	15	7866	0	0	471
DBVPG_10886_DBVPG_10886	1	260635	0	31	0	83	38716	1	31	0	0	3
DBVPG_10937_DBVPG_10937	1	260635	0	9610	0	1590	4838	38	9608	0	0	485
DBVPG_3044_DBVPG_3044	1	260632	3	10145	0	8766	8369	64	10142	0	0	191
DBVPG_3045_DBVPG_3045	2	260630	5	66978	61272	28539	1030	0	0	4596	1166	9342
DBVPG_3090_DBVPG_3090	1	260635	0	10132	0	8816	8369	56	10124	0	0	197
DBVPG_3235_DBVPG_3235	1	260622	13	10083	0	8892	12146	48	10081	0	0	179
DBVPG_3236_DBVPG_3236	1	260634	1	10181	0	8793	8587	43	10178	0	0	204
DBVPG_3237_DBVPG_3237	1	260635	0	8340	0	8889	9318	33	8338	0	0	492
DBVPG_3238_DBVPG_3238	1	260635	0	1830	0	792	13334	23	1830	0	0	162
DBVPG_3239_DBVPG_3239	1	260635	0	1754	0	893	13425	16	1754	0	0	163
DBVPG_3381_DBVPG_3381	1	260635	0	8267	0	8896	8903	17	8266	0	0	494
DBVPG_3382_DBVPG_3382	1	260634	1	8347	0	8878	11329	24	8347	0	0	490
DBVPG_3383_DBVPG_3383	1	260633	2	8313	0	8934	9158	21	8311	0	0	492
DBVPG_3384_DBVPG_3384	1	260635	0	8276	0	8939	8625	13	8276	0	0	489
DBVPG_3442_DBVPG_3442	1	260634	1	7924	0	8218	10540	25	7924	0	0	478
DBVPG_3443_DBVPG_3443	1	260632	3	7946	0	8191	8661	13	7945	0	0	481
DBVPG_3444_DBVPG_3444	2	260635	0	68264	62665	28589	1150	0	0	5333	1177	9540
DBVPG_3445_DBVPG_3445	2	260603	32	64310	58527	45874	5684	0	0	6497	1076	8876
DBVPG_3446_DBVPG_3446	2	260630	5	67396	61761	28278	1376	0	0	5139	1148	9408
DBVPG_3538_DBVPG_3538	1	260618	17	8336	0	8999	19250	24	8332	0	0	486
DBVPG_3774_DBVPG_3774	1	260634	1	8366	0	8886	11436	37	8364	0	0	495
DBVPG_3775_DBVPG_3775	1	260631	4	7924	0	8114	9175	20	7913	0	0	481
DBVPG_3776_DBVPG_3776	1	260635	0	7964	0	8136	9407	12	7964	0	0	486
DBVPG_3777_DBVPG_3777	1	260634	1	7910	0	8161	8525	14	7904	0	0	485
DBVPG_3778_DBVPG_3778	1	260635	0	7916	0	8341	11502	16	7916	0	0	480
DBVPG_3780_DBVPG_3780	1	260633	2	7981	0	7991	8056	17	7981	0	0	484
DBVPG_3854_DBVPG_3854	2	260634	1	63411	62018	25474	679	0	0	4561	291	11726
DBVPG_3855_DBVPG_3855	2	260635	0	58927	57488	19399	508	0	0	8656	285	10789
DBVPG_3856_DBVPG_3856	2	260635	0	63626	62201	25626	660	0	0	4608	278	11769
DBVPG_3857_DBVPG_3857	2	260635	0	63090	61643	26662	662	0	0	4058	282	11672
DBVPG_3858_DBVPG_3858	1	260634	1	7980	0	7642	9168	19	7968	0	0	497
DBVPG_3983_DBVPG_3983	1	260633	2	10076	0	8865	8426	49	10073	0	0	191
DBVPG_3984_DBVPG_3984	1	260635	0	10123	0	8801	8495	51	10122	0	0	191
DBVPG_4201_DBVPG_4201	1	260635	0	26	0	90	4195	0	26	0	0	3
DBVPG_4202_DBVPG_4202	1	260635	0	28	0	155	15001	2	28	0	0	4
DBVPG_4203_DBVPG_4203	1	260635	0	29	0	81	29924	0	29	0	0	4
DBVPG_4304_DBVPG_4304	1	260635	0	27	0	102	8825	0	27	0	0	3
DBVPG_4376_DBVPG_4376	1	260635	0	5883	0	7837	9215	31	5882	0	0	299
DBVPG_4377_DBVPG_4377	1	260635	0	9623	0	1726	5263	32	9623	0	0	269
DBVPG_4378_DBVPG_4378	1	260628	7	6874	0	2110	4827	40	6857	0	0	458
DBVPG_4379_DBVPG_4379	1	260605	30	5737	0	1236	109891	39	5737	0	0	367
DBVPG_4380_DBVPG_4380	2	260155	480	87057	40636	80613	34907	0	0	2641	7298	19260
DBVPG_4408_DBVPG_4408	1	260632	3	5939	0	7727	12004	44	5939	0	0	304
DBVPG_4466_DBVPG_4466	1	260635	0	27	0	90	18855	1	27	0	0	2
DBVPG_4534_DBVPG_4534	1	260442	193	66538	0	52388	29090	148	66518	0	0	16679
DBVPG_4618_DBVPG_4618	1	260635	0	7050	0	915	7673	31	7047	0	0	411
DBVPG_4669_DBVPG_4669	1	260634	1	1810	0	722	13363	18	1806	0	0	171
DBVPG_4920_DBVPG_4920	1	260630	5	7945	0	8408	26042	10	7944	0	0	488
DBVPG_4945_DBVPG_4945	1	260628	7	5743	0	1264	92365	36	5743	0	0	360
DBVPG_4946_DBVPG_4946	1	260623	12	7960	0	8246	11821	21	7959	0	0	488
DBVPG_4947_DBVPG_4947	1	260617	18	5764	0	1138	27273	33	5763	0	0	360
DBVPG_4949_DBVPG_4949	1	260634	1	1769	0	821	13868	30	1769	0	0	164
DBVPG_4950_DBVPG_4950	1	260631	4	1846	0	740	5431	13	1846	0	0	171
DBVPG_4952_DBVPG_4952	2	260623	12	66438	61501	32124	6418	0	0	3427	1148	12278
DBVPG_4956_DBVPG_4956	1	260634	1	1801	0	730	15304	19	1799	0	0	170
DBVPG_4957_DBVPG_4957	1	260632	3	1812	0	703	15272	19	1812	0	0	169
DBVPG_4958_DBVPG_4958	1	260635	0	9691	0	1558	5412	36	9681	0	0	489
DBVPG_4962_DBVPG_4962	1	260632	3	7981	0	8127	11123	15	7979	0	0	480
DBVPG_4963_DBVPG_4963	1	260635	0	7927	0	8250	8482	17	7926	0	0	474
DBVPG_4964_DBVPG_4964	1	260635	0	1802	0	712	13569	20	1802	0	0	170
DBVPG_5225_DBVPG_5225	1	260634	1	7865	0	8629	8576	20	7865	0	0	478
DBVPG_5226_DBVPG_5226	1	260635	0	7911	0	8617	10093	6	7911	0	0	481
DBVPG_5227_DBVPG_5227	1	260635	0	7931	0	8589	8469	11	7928	0	0	483
DBVPG_5228_DBVPG_5228	1	260633	2	7912	0	8643	13071	13	7911	0	0	476
DBVPG_5229_DBVPG_5229	1	260634	1	7855	0	8646	10004	18	7853	0	0	476
DBVPG_5235_DBVPG_5235	1	260634	1	7821	0	8635	8558	21	7819	0	0	470
DBVPG_5236_DBVPG_5236	1	260635	0	25	0	292	27788	0	25	0	0	3
DBVPG_5757_DBVPG_5757	1	260635	0	5948	0	7650	10231	29	5946	0	0	305
DBVPG_5758_DBVPG_5758	1	260635	0	5930	0	7915	11226	35	5929	0	0	309
DBVPG_5759_DBVPG_5759	1	260635	0	5932	0	7712	10763	29	5932	0	0	305
DBVPG_6091_DBVPG_6091	1	260633	2	7930	0	8068	13211	12	7928	0	0	491
DBVPG_6092_DBVPG_6092	1	260634	1	7933	0	8542	10475	12	7933	0	0	480
DBVPG_6093_DBVPG_6093	1	260635	0	1852	0	1205	6848	34	1852	0	0	188
DBVPG_6094_DBVPG_6094	1	260625	10	1729	0	1151	17244	15	1729	0	0	170
DBVPG_6593_DBVPG_6593	1	260634	1	8027	0	8135	8425	26	8026	0	0	487
DBVPG_6649_DBVPG_6649	2	260360	275	98717	62582	61528	23276	0	0	4205	8685	23959
DBVPG_6660_DBVPG_6660	1	260464	171	66655	0	35786	19793	644	66640	0	0	6211
DBVPG_6741_DBVPG_6741	1	260635	0	40	0	53	22488	2	40	0	0	6
DBVPG_6742_DBVPG_6742	1	260635	0	30	0	125	8820	0	30	0	0	2
DBVPG_6743_DBVPG_6743	1	260634	1	7985	0	8224	10936	24	7983	0	0	475
DBVPG_6803_DBVPG_6803	1	260635	0	34	0	182	20522	0	34	0	0	3
DBVPG_7019_DBVPG_7019	1	260635	0	37	0	65	4667	1	37	0	0	5
DBVPG_8043_DBVPG_8043	1	260490	145	65885	0	53372	30776	165	65871	0	0	16525
EXF_10533_EXF_10533	1	260244	391	9243	0	226284	224513	19	9230	0	0	2056
EXF_10630_EXF_10630	2	260305	330	9039	259	244118	218789	0	0	91	62	2513
EXF_10854_EXF_10854	1	260503	132	63171	0	45753	34420	147	63164	0	0	12449
EXF_12265_EXF_12265	2	260273	362	9034	110	244338	220364	0	0	32	12	2534
EXF_12281_EXF_12281	1	260635	0	5964	0	7903	10638	37	5963	0	0	313
EXF_12768_EXF_12768	1	260635	0	280	0	125	4932	241	280	0	0	6
EXF_13250_EXF_13250	1	260422	213	66472	0	35946	21243	531	66457	0	0	3819
EXF_13255_EXF_13255	1	260516	119	66895	0	35551	21059	567	66882	0	0	3847
EXF_13260_EXF_13260	1	260635	0	27	0	44	22469	1	27	0	0	3
EXF_13261_EXF_13261	1	260635	0	26	0	53	22394	0	26	0	0	2
EXF_13500_EXF_13500	1	260356	279	36496	0	157946	138736	139	36482	0	0	11807
EXF_13599_EXF_13599	1	260635	0	5968	0	7928	8394	23	5968	0	0	310
EXF_13600_EXF_13600	1	260635	0	21	0	55	27461	0	21	0	0	2
EXF_13601_EXF_13601	1	260472	163	67949	0	33154	17398	621	67930	0	0	2984
EXF_13602_EXF_13602	1	260635	0	26	0	35	22478	1	26	0	0	3
EXF_13604_EXF_13604	1	260632	3	7863	0	8629	10542	18	7862	0	0	496
EXF_14606_EXF_14606	2	260213	422	8264	1777	247119	220967	0	0	187	487	2534
EXF_1510_EXF_1510	1	260635	0	7851	0	1302	1172	3	7851	0	0	473
EXF_1565_EXF_1565	1	260635	0	30	0	54	4681	0	30	0	0	3
EXF_1585_EXF_1585	1	260635	0	18	0	48	27707	1	18	0	0	1
EXF_1676_EXF_1676	1	260635	0	32	0	47	10116	1	32	0	0	4
EXF_1686_EXF_1686	1	260635	0	35	0	99	22535	2	35	0	0	7
EXF_1695_EXF_1695	1	260635	0	5937	0	503	8286	340	5937	0	0	314
EXF_1704_EXF_1704	1	260635	0	9859	0	1600	10467	11	9857	0	0	490
EXF_17335_EXF_17335	1	260499	136	66177	0	37454	23956	591	66162	0	0	3736
EXF_2251_EXF_2251	1	260635	0	23	0	64	17351	1	23	0	0	1
EXF_3417_EXF_3417	1	260635	0	16	0	55	22169	1	16	0	0	1
EXF_3530_EXF_3530	1	260624	11	212	0	925	27861	8	212	0	0	57
EXF_3538_EXF_3538	1	260635	0	9843	0	1550	7638	20	9840	0	0	498
EXF_3540_EXF_3540	1	260631	4	209	0	971	33061	1	209	0	0	54
EXF_3544_EXF_3544	1	260635	0	17	0	46	22462	2	17	0	0	2
EXF_3569_EXF_3569	1	260635	0	15	0	55	22486	0	15	0	0	1
EXF_3592_EXF_3592	1	260635	0	35	0	88	27722	0	35	0	0	10
EXF_3595_EXF_3595	1	260626	9	7894	0	8002	8392	14	7887	0	0	477
EXF_3604_EXF_3604	1	260635	0	9865	0	1633	7743	41	9861	0	0	499
EXF_3609_EXF_3609	1	260635	0	36	0	83	27709	0	36	0	0	10
EXF_3612_EXF_3612	1	260635	0	16	0	50	27722	1	16	0	0	1
EXF_3622_EXF_3622	1	260635	0	34	0	73	3249	0	34	0	0	10
EXF_3626_EXF_3626	1	260635	0	9818	0	1518	4611	22	9818	0	0	492
EXF_3629_EXF_3629	1	260468	167	66745	0	33837	19665	517	66729	0	0	3820
EXF_3633_EXF_3633	1	260508	127	68417	0	32553	16330	655	68392	0	0	3424
EXF_3790_EXF_3790	1	260635	0	7919	0	7947	7962	15	7918	0	0	478
EXF_3860_EXF_3860	1	260631	4	7971	0	8012	11129	22	7968	0	0	478
EXF_3861_EXF_3861	1	260634	1	7958	0	7986	12459	17	7957	0	0	484
EXF_3862_EXF_3862	1	260632	3	7944	0	8062	12077	7	7942	0	0	481
EXF_4885_EXF_4885	1	260634	1	7933	0	8494	8957	9	7932	0	0	490
EXF_5546_EXF_5546	1	260635	0	25	0	54	20477	0	25	0	0	0
EXF_5666_EXF_5666	1	260407	228	66088	0	50589	28346	315	66068	0	0	16678
EXF_5668_EXF_5668	2	260208	427	98439	57365	59924	17991	0	0	25816	7843	17204
EXF_5775_EXF_5775	1	260632	3	5927	0	7974	9005	40	5926	0	0	316
EXF_5938_EXF_5938	1	260635	0	33	0	52	6841	1	33	0	0	4
EXF_5939_EXF_5939	1	260635	0	26	0	55	23784	4	26	0	0	5
EXF_5940_EXF_5940	1	260625	10	5948	0	7962	11655	32	5947	0	0	310
EXF_5941_EXF_5941	1	260635	0	34	0	82	22349	2	34	0	0	3
EXF_6243_EXF_6243	1	260635	0	5967	0	7930	8435	29	5967	0	0	318
EXF_6252_EXF_6252	1	260623	12	5977	0	7932	8546	32	5976	0	0	320
EXF_6325_EXF_6325	1	260635	0	23	0	69	10768	2	23	0	0	4
EXF_6360_EXF_6360	1	260635	0	6981	0	1009	10112	29	6979	0	0	393
EXF_6370_EXF_6370	1	260634	1	5927	0	7827	11121	33	5925	0	0	306
EXF_6373_EXF_6373	1	260635	0	5931	0	7978	8629	40	5929	0	0	312
EXF_7386_EXF_7386	1	260442	193	66653	0	35819	20458	590	66626	0	0	3680
EXF_7920_EXF_7920	1	260635	0	22	0	55	22179	2	22	0	0	2
EXF_7931_EXF_7931	1	260635	0	21	0	60	27720	0	21	0	0	0
EXF_7934_EXF_7934	1	260635	0	23	0	55	22164	11	23	0	0	6
EXF_7944_EXF_7944	1	260635	0	21	0	58	4677	1	21	0	0	1
EXF_7949_EXF_7949	1	260625	10	5948	0	7795	10724	33	5946	0	0	311
EXF_8006_EXF_8006	1	260635	0	22	0	68	27711	1	22	0	0	4
EXF_8014_EXF_8014	1	260635	0	25	0	59	27699	0	25	0	0	0
EXF_8109_EXF_8109	1	260635	0	1855	0	188	6460	27	1855	0	0	27
EXF_8151_EXF_8151	1	260635	0	23	0	45	22475	3	23	0	0	3
EXF_8155_EXF_8155	1	260635	0	23	0	61	26495	0	23	0	0	0
EXF_8254_EXF_8254	1	260635	0	28	0	62	20367	1	28	0	0	5
EXF_8395_EXF_8395	1	260635	0	6996	0	1030	6389	37	6994	0	0	392
EXF_8400_EXF_8400	1	260631	4	6977	0	1247	2651	5	6977	0	0	423
EXF_8463_EXF_8463	1	260635	0	7050	0	1166	1278	2	7050	0	0	440
EXF_8464_EXF_8464	1	260635	0	31	0	51	14605	1	31	0	0	5
EXF_8465_EXF_8465	1	260635	0	24	0	101	15669	0	24	0	0	0
EXF_8891_EXF_8891	1	260635	0	30	0	45	9403	8	30	0	0	4
EXF_8898_EXF_8898	1	260635	0	32	0	49	14543	1	32	0	0	4
EXF_8921_EXF_8921	1	260635	0	25	0	52	18710	1	25	0	0	1
EXF_8942_EXF_8942	1	260635	0	23	0	46	4663	0	23	0	0	1
EXF_8984_EXF_8984	1	260635	0	23	0	56	5142	0	23	0	0	3
EXF_9051_EXF_9051	1	260635	0	31	0	43	22477	2	31	0	0	3
EXF_9595_EXF_9595	1	260635	0	7999	0	7917	9421	27	7999	0	0	482
EXF_9756_EXF_9756	1	260635	0	29	0	63	4677	0	29	0	0	2
EXF_9762_EXF_9762	1	260635	0	38	0	137	6677	0	38	0	0	5
EXF_9926_EXF_9926	1	260635	0	8405	0	1163	5281	33	8402	0	0	662
EXF_9950_EXF_9950	1	260635	0	5985	0	8002	8631	40	5985	0	0	320
IIF8SW-B2_IIF8SW-B2	1	260632	3	5849	0	1171	8442	44	5848	0	0	364
NRRL_Y-2510_NRRL_Y-2510	1	260627	8	5956	0	8396	12630	44	5956	0	0	307
TFCN_100D-1_TFCN_100D-1	1	260635	0	1766	0	1018	16088	20	1765	0	0	174
TFCN_102C-1_TFCN_102C-1	1	260635	0	28	0	260	18858	1	28	0	0	4
TFCN_102C-2_TFCN_102C-2	1	260635	0	45	0	106	8588	1	45	0	0	5
TFCN_102D-1_TFCN_102D-1	1	260631	4	1794	0	849	13330	24	1793	0	0	166
TFCN_102D-2_TFCN_102D-2	1	260635	0	27	0	265	28846	0	27	0	0	4
TFCN_105A-2_TFCN_105A-2	1	260635	0	31	0	77	18854	0	31	0	0	5
TFCN_106A-1_TFCN_106A-1	1	260634	1	37	0	243	23481	0	37	0	0	6
TFCN_107A-6_TFCN_107A-6	1	260624	11	1761	0	1057	16553	37	1761	0	0	179
TFCN_107C-3_TFCN_107C-3	1	260634	1	1825	0	962	13745	38	1825	0	0	188
TFCN_110C-1_TFCN_110C-1	1	260635	0	37	0	219	7622	2	37	0	0	6
TFCN_118C-2_TFCN_118C-2	1	260633	2	1757	0	1140	13669	15	1757	0	0	171
TFCN_122C-2_TFCN_122C-2	1	260635	0	36	0	99	18423	1	36	0	0	6
TFCN_130D-4_TFCN_130D-4	1	260635	0	33	0	85	3314	0	33	0	0	5
TFCN_134A-3_TFCN_134A-3	1	260512	123	66576	0	36301	20366	641	66557	0	0	3777
TFCN_137C-3_TFCN_137C-3	1	260635	0	33	0	80	71925	0	33	0	0	4
TFCN_137D-4_TFCN_137D-4	1	260635	0	35	0	77	238325	1	35	0	0	5
TFCN_138A-1_TFCN_138A-1	1	260635	0	37	0	71	8066	1	37	0	0	6
TFCN_140A-3_TFCN_140A-3	1	260635	0	1691	0	1025	7996	22	1691	0	0	160
TFCN_141C-2_TFCN_141C-2	1	260635	0	44	0	70	9275	2	44	0	0	7
TFCN_152A-12_TFCN_152A-12	1	260635	0	40	0	190	12032	2	40	0	0	8
TFCN_152A-1_TFCN_152A-1	2	260619	16	70116	61708	26180	2628	0	0	6603	1533	17101
TFCN_152A-2_TFCN_152A-2	1	260635	0	1791	0	728	13217	59	1790	0	0	180
TFCN_152A-3_TFCN_152A-3	2	260299	336	9404	49	247431	233702	0	0	19	8	3339
TFCN_152A-5_TFCN_152A-5	1	260635	0	34	0	131	37004	0	34	0	0	5
TFCN_152C-5_TFCN_152C-5	1	260626	9	1782	0	987	50968	17	1782	0	0	175
TFCN_17-0-2E334-10_TFCN_17-0-2E334-10	1	260633	2	1768	0	1196	6541	20	1768	0	0	170
TFCN_17-0-2E334-4_TFCN_17-0-2E334-4	2	260635	0	59099	57752	29161	893	0	0	8738	113	14759
TFCN_17-0-2E337-3_TFCN_17-0-2E337-3	2	260631	4	71124	62688	27855	2280	0	0	5406	1513	17240
TFCN_17-0-2E390-1_TFCN_17-0-2E390-1	2	260635	0	66909	58609	23602	3455	0	0	9618	1550	16442
TFCN_17-0-2E390-2_TFCN_17-0-2E390-2	2	260611	24	69353	60391	27977	6525	0	0	7952	1572	17148
TFCN_17-267M-1_TFCN_17-267M-1	2	260635	0	58302	55268	22965	325	0	0	8934	583	14101
TFCN_17-291Y-1_TFCN_17-291Y-1	2	260618	17	69468	61096	23971	2135	0	0	8083	1570	16875
TFCN_17-325D-2_TFCN_17-325D-2	1	260635	0	27	0	190	22945	0	27	0	0	4
TFCN_17-325D-4_TFCN_17-325D-4	1	260635	0	27	0	257	35648	0	27	0	0	4
TFCN_17-325P-1_TFCN_17-325P-1	1	260635	0	27	0	215	22944	0	27	0	0	4
TFCN_17-329Y-4_TFCN_17-329Y-4	1	260609	26	13316	0	3811	3639	85	13312	0	0	1890
TFCN_17-332C-1_TFCN_17-332C-1	1	260635	0	34	0	62	27568	0	34	0	0	5
TFCN_17-332C-2_TFCN_17-332C-2	1	260635	0	35	0	66	21095	0	35	0	0	5
TFCN_17-332D-1_TFCN_17-332D-1	1	260635	0	35	0	235	4698	2	35	0	0	6
TFCN_17-332M-1_TFCN_17-332M-1	1	260494	141	66423	0	37236	24328	636	66413	0	0	3874
TFCN_17-332M-2_TFCN_17-332M-2	1	260635	0	40	0	399	63921	7	40	0	0	9
TFCN_17-332P-1_TFCN_17-332P-1	1	260635	0	34	0	184	27721	0	34	0	0	5
TFCN_17-332P-2_TFCN_17-332P-2	1	260635	0	34	0	77	4676	0	34	0	0	5
TFCN_17-333D-2_TFCN_17-333D-2	1	260635	0	39	0	278	71353	1	39	0	0	7
TFCN_17-333M-1_TFCN_17-333M-1	2	260592	43	71209	62473	35564	8168	0	0	5020	1592	17761
TFCN_17-333P-6_TFCN_17-333P-6	2	260633	2	61486	60090	34923	572	0	0	5111	103	15432
TFCN_17-334C-1_TFCN_17-334C-1	1	260635	0	34	0	145	4327	1	34	0	0	8
TFCN_17-334D-6_TFCN_17-334D-6	2	260617	18	71424	63019	27373	2135	0	0	5387	1556	17394
TFCN_17-334P-3_TFCN_17-334P-3	1	260632	3	1792	0	937	14669	12	1792	0	0	169
TFCN_17-334Y-2_TFCN_17-334Y-2	1	260635	0	33	0	167	14923	0	33	0	0	4
TFCN_17-334Y-3_TFCN_17-334Y-3	1	260631	4	1758	0	925	5156	23	1758	0	0	170
TFCN_17-334Y-5_TFCN_17-334Y-5	2	260612	23	69002	60392	23831	2239	0	0	8132	1473	16768
TFCN_17-337P-5_TFCN_17-337P-5	2	260619	16	60828	59486	31944	937	0	0	6364	105	15236
TFCN_17-338D-3_TFCN_17-338D-3	1	260635	0	27	0	356	22478	2	27	0	0	4
TFCN_17-390M-1_TFCN_17-390M-1	2	260625	10	69968	61097	29964	6705	0	0	6999	1587	17328
TFCN_172A-1_TFCN_172A-1	1	260635	0	37	0	83	15631	2	37	0	0	6
TFCN_17Y-278-1_TFCN_17Y-278-1	2	260634	1	69359	60917	24756	2363	0	0	7619	1512	16820
TFCN_181A-1_TFCN_181A-1	1	260635	0	39	0	330	4424	1	39	0	0	7
TFCN_186CL-2_TFCN_186CL-2	2	260623	12	71222	62935	31289	3458	0	0	5399	1571	17288
TFCN_1A-1-5_TFCN_1A-1-5	1	260635	0	39	0	400	10798	1	39	0	0	8
TFCN_1A-14_TFCN_1A-14	1	260600	35	66782	0	35466	16578	549	66724	0	0	4099
TFCN_209-6-11_TFCN_209-6-11	1	260635	0	39	0	175	12517	1	39	0	0	7
TFCN_209-6-12_TFCN_209-6-12	1	260635	0	38	0	87	4328	0	38	0	0	6
TFCN_209-6-14_TFCN_209-6-14	1	260635	0	36	0	88	8072	0	36	0	0	5
TFCN_209-6-17_TFCN_209-6-17	1	260635	0	37	0	348	8071	2	37	0	0	6
TFCN_209-6-1_TFCN_209-6-1	1	260635	0	38	0	85	8062	1	38	0	0	6
TFCN_209-6-2_TFCN_209-6-2	1	260635	0	37	0	196	4311	2	37	0	0	6
TFCN_209-6-4_TFCN_209-6-4	1	260635	0	38	0	194	8062	1	38	0	0	6
TFCN_209-6-5_TFCN_209-6-5	1	260635	0	37	0	271	8063	2	37	0	0	5
TFCN_211A-3_TFCN_211A-3	1	260635	0	1753	0	979	5169	21	1753	0	0	164
TFCN_211C-2_TFCN_211C-2	2	260367	268	8832	123	245035	220747	0	0	57	14	2586
TFCN_212C-2_TFCN_212C-2	1	260635	0	33	0	204	4710	0	33	0	0	4
TFCN_213-6-2_TFCN_213-6-2	1	260635	0	34	0	80	45663	0	34	0	0	4
TFCN_213-6-4_TFCN_213-6-4	1	260635	0	35	0	233	15522	2	35	0	0	5
TFCN_223A-8_TFCN_223A-8	1	260635	0	39	0	147	12303	0	39	0	0	7
TFCN_22C-4_TFCN_22C-4	2	260630	5	69453	60585	28603	6632	0	0	7109	1582	17235
TFCN_25-0-2E332-1_TFCN_25-0-2E332-1	1	260635	0	35	0	469	133342	3	35	0	0	5
TFCN_25-0-2E333-1_TFCN_25-0-2E333-1	2	260631	4	58751	57417	28712	805	0	0	7859	125	14596
TFCN_25-0-2E333-5_TFCN_25-0-2E333-5	1	260630	5	1829	0	855	16742	18	1829	0	0	179
TFCN_25-0-2E333-7_TFCN_25-0-2E333-7	1	260635	0	28	0	246	18861	1	28	0	0	5
TFCN_25-0-2E333-9_TFCN_25-0-2E333-9	1	260634	1	1800	0	808	2195	16	1799	0	0	174
TFCN_25-0-2E334-1_TFCN_25-0-2E334-1	2	260607	28	73236	63197	35643	8077	0	0	5265	1752	17949
TFCN_25-0-2E390-1_TFCN_25-0-2E390-1	2	260622	13	68950	59977	26588	6518	0	0	8596	1558	17071
TFCN_25-325Y-1_TFCN_25-325Y-1	1	260635	0	27	0	383	22945	2	27	0	0	4
TFCN_25-327D-1_TFCN_25-327D-1	1	260629	6	1727	0	886	13099	20	1727	0	0	173
TFCN_25-331D-1_TFCN_25-331D-1	2	260622	13	67549	58614	25782	6570	0	0	9155	1574	16669
TFCN_25-332C-1_TFCN_25-332C-1	1	260635	0	34	0	214	27721	1	34	0	0	5
TFCN_25-332D-1_TFCN_25-332D-1	1	260635	0	34	0	180	27698	0	34	0	0	5
TFCN_25-332D-2_TFCN_25-332D-2	1	260635	0	35	0	306	22486	1	35	0	0	5
TFCN_25-332M-1_TFCN_25-332M-1	1	260635	0	34	0	186	27570	1	34	0	0	5
TFCN_25-332M-2_TFCN_25-332M-2	1	260635	0	35	0	286	35342	1	35	0	0	5
TFCN_25-332P-2_TFCN_25-332P-2	1	260635	0	34	0	73	22485	0	34	0	0	5
TFCN_25-332Y-1_TFCN_25-332Y-1	1	260635	0	34	0	128	18856	0	34	0	0	5
TFCN_25-333C-2_TFCN_25-333C-2	1	260635	0	1817	0	515	9880	31	1817	0	0	178
TFCN_25-333P-2_TFCN_25-333P-2	1	260634	1	1836	0	733	15646	25	1836	0	0	178
TFCN_25-333Y-10_TFCN_25-333Y-10	1	260391	244	65406	0	54235	34513	286	65379	0	0	16583
TFCN_25-333Y-9_TFCN_25-333Y-9	1	260631	4	1878	0	723	13138	19	1878	0	0	186
TFCN_25-334D-3_TFCN_25-334D-3	1	260632	3	5386	0	527	5327	36	5385	0	0	204
TFCN_25-334Y-6_TFCN_25-334Y-6	1	260578	57	64207	0	53323	25169	379	64031	0	0	16486
TFCN_25-335Y-1_TFCN_25-335Y-1	1	260635	0	33	0	460	20715	1	33	0	0	5
TFCN_25-337M-3_TFCN_25-337M-3	1	260635	0	34	0	133	194208	0	34	0	0	5
TFCN_25-337Y-1_TFCN_25-337Y-1	1	260635	0	35	0	144	4320	2	35	0	0	4
TFCN_25-395P-1_TFCN_25-395P-1	1	260556	79	65736	0	53184	27117	184	65676	0	0	16747
TFCN_270H-1_TFCN_270H-1	2	260601	34	73217	63188	33897	7986	0	0	5000	1706	17868
TFCN_270H-2_TFCN_270H-2	1	260634	1	1835	0	847	15784	25	1835	0	0	171
TFCN_273H-1_TFCN_273H-1	1	260632	3	1748	0	1014	3344	14	1748	0	0	163
TFCN_2M-1-3_TFCN_2M-1-3	1	260595	40	1826	0	1122	19312	21	1826	0	0	176
TFCN_2M-1-4_TFCN_2M-1-4	1	260615	20	1835	0	897	14195	20	1835	0	0	169
TFCN_33A-4_TFCN_33A-4	1	260559	76	66068	0	44954	25244	702	66038	0	0	16899
TFCN_340-1_TFCN_340-1	1	260634	1	1742	0	878	12505	18	1741	0	0	166
TFCN_340-3_TFCN_340-3	1	260634	1	1725	0	812	11705	14	1725	0	0	158
TFCN_342-3_TFCN_342-3	1	260635	0	32	0	123	22092	0	32	0	0	8
TFCN_363-1-2_TFCN_363-1-2	1	260635	0	1759	0	955	168646	12	1759	0	0	173
TFCN_3M-1-1_TFCN_3M-1-1	2	260635	0	67516	55753	36823	1630	0	0	42374	92	6787
TFCN_404D-1_TFCN_404D-1	2	260600	35	71312	62754	37033	8588	0	0	4707	1597	17815
TFCN_4M-1-2_TFCN_4M-1-2	1	260635	0	1792	0	938	15373	18	1792	0	0	169
TFCN_4M-1-3_TFCN_4M-1-3	1	260635	0	39	0	336	2085	3	39	0	0	8
TFCN_4M-1-4_TFCN_4M-1-4	1	260635	0	37	0	180	19228	0	37	0	0	6
TFCN_4M-1-5_TFCN_4M-1-5	1	260635	0	40	0	302	12305	1	40	0	0	8
TFCN_54D-1_TFCN_54D-1	2	260631	4	68887	60368	24359	2199	0	0	7849	1502	16676
TFCN_54D-2_TFCN_54D-2	1	260635	0	40	0	149	11876	1	40	0	0	7
TFCN_7-6-3_TFCN_7-6-3	2	260398	237	9465	373	244562	222506	0	0	58	92	3326
TFCN_86A-12_TFCN_86A-12	1	260635	0	35	0	108	119180	1	35	0	0	5
TFCN_86A-3_TFCN_86A-3	1	260635	0	38	0	492	19227	2	38	0	0	7
TFCN_86A-5_TFCN_86A-5	1	260459	176	18164	0	205644	190908	64	18164	0	0	7234
TFCN_86C-3_TFCN_86C-3	1	260635	0	28	0	345	8825	0	28	0	0	4
TFCN_89D-3_TFCN_89D-3	1	260614	21	1871	0	912	131086	10	1871	0	0	169
TFCN_98A-10_TFCN_98A-10	1	260634	1	1753	0	1111	13596	20	1753	0	0	167
TFCN_98A-5_TFCN_98A-5	1	260635	0	38	0	152	12304	0	38	0	0	7
TFCN_98C-3_TFCN_98C-3	1	260635	0	40	0	221	12314	1	40	0	0	8
TFCN_98C-5_TFCN_98C-5	1	260635	0	41	0	244	8649	2	41	0	0	5
TFCN_98C-7_TFCN_98C-7	1	260633	2	1796	0	995	16049	15	1796	0	0	168
TFCN_98C-8_TFCN_98C-8	1	260635	0	39	0	346	12304	2	39	0	0	8
TFCN_98D-11_TFCN_98D-11	1	260635	0	40	0	205	12305	1	40	0	0	7
TFCN_98D-7_TFCN_98D-7	1	260635	0	36	0	199	17070	2	36	0	0	6
TFCN_98D-9_TFCN_98D-9	1	260635	0	38	0	115	17998	1	38	0	0	7
