strain	mean_depth	frac_ge5x	frac_ge10x
CHIFNET_12H1194	18.02	0.95	0.90
CHIFNET_14NJ214	23.35	0.96	0.91
DBVPG_10619	58.28	0.98	0.98
DBVPG_10656	50.24	0.96	0.96
DBVPG_10780	56.58	0.98	0.98
DBVPG_10842	67.77	0.97	0.97
DBVPG_10882	50.00	0.97	0.97
DBVPG_10886	45.22	0.98	0.98
DBVPG_10937	50.46	0.97	0.97
DBVPG_3044	78.67	0.96	0.96
DBVPG_3045	44.39	0.96	0.96
DBVPG_3090	77.54	0.96	0.95
DBVPG_3235	45.35	0.96	0.95
DBVPG_3236	50.20	0.96	0.96
DBVPG_3237	41.30	0.97	0.96
DBVPG_3238	40.77	0.98	0.98
DBVPG_3239	66.52	0.98	0.97
DBVPG_3381	73.67	0.96	0.96
DBVPG_3382	69.28	0.96	0.96
DBVPG_3383	45.27	0.97	0.96
DBVPG_3384	44.29	0.96	0.96
DBVPG_3442	40.54	0.96	0.96
DBVPG_3443	47.73	0.96	0.96
DBVPG_3444	38.64	0.96	0.96
DBVPG_3445	17.18	0.92	0.80
DBVPG_3446	40.65	0.94	0.93
DBVPG_3538	22.42	0.96	0.95
DBVPG_3774	59.20	0.96	0.96
DBVPG_3775	628.10	0.96	0.96
DBVPG_3776	62.58	0.96	0.96
DBVPG_3777	66.08	0.96	0.96
DBVPG_3778	29.61	0.96	0.96
DBVPG_3780	65.40	0.96	0.96
DBVPG_3854	63.24	0.96	0.95
DBVPG_3855	505.05	0.97	0.97
DBVPG_3856	47.69	0.97	0.96
DBVPG_3857	52.28	0.97	0.97
DBVPG_3858	561.27	0.96	0.96
DBVPG_3983	76.61	0.96	0.95
DBVPG_3984	59.93	0.96	0.95
DBVPG_4201	51.04	0.99	0.99
DBVPG_4202	47.42	0.98	0.98
DBVPG_4203	70.27	0.98	0.98
DBVPG_4304	64.28	0.98	0.98
DBVPG_4376	69.69	0.95	0.95
DBVPG_4377	34.51	0.96	0.96
DBVPG_4378	779.87	0.97	0.97
DBVPG_4379	19.95	0.96	0.89
DBVPG_4380	17.37	0.67	0.62
DBVPG_4408	29.66	0.96	0.95
DBVPG_4466	35.78	0.98	0.98
DBVPG_4534	45.12	0.67	0.66
DBVPG_4618	97.40	0.97	0.97
DBVPG_4669	64.50	0.98	0.98
DBVPG_4920	22.67	0.96	0.95
DBVPG_4945	18.89	0.97	0.90
DBVPG_4946	32.79	0.96	0.96
DBVPG_4947	28.18	0.97	0.96
DBVPG_4949	61.55	0.98	0.98
DBVPG_4950	54.51	0.98	0.98
DBVPG_4952	39.64	0.96	0.96
DBVPG_4956	43.61	0.98	0.98
DBVPG_4957	47.85	0.98	0.98
DBVPG_4958	78.25	0.97	0.97
DBVPG_4962	45.13	0.96	0.96
DBVPG_4963	54.22	0.96	0.96
DBVPG_4964	49.52	0.98	0.98
DBVPG_5225	58.60	0.97	0.97
DBVPG_5226	62.64	0.97	0.97
DBVPG_5227	196.50	0.97	0.97
DBVPG_5228	54.22	0.97	0.97
DBVPG_5229	89.89	0.97	0.97
DBVPG_5235	70.94	0.97	0.97
DBVPG_5236	55.23	0.99	0.99
DBVPG_5757	52.17	0.96	0.95
DBVPG_5758	51.49	0.96	0.95
DBVPG_5759	48.67	0.96	0.96
DBVPG_6091	42.69	0.96	0.96
DBVPG_6092	53.15	0.96	0.96
DBVPG_6093	46.44	0.98	0.97
DBVPG_6094	34.61	0.98	0.97
DBVPG_6593	60.47	0.96	0.96
DBVPG_6649	32.93	0.75	0.73
DBVPG_6660	36.18	0.74	0.72
DBVPG_6741	42.41	0.98	0.98
DBVPG_6742	51.52	0.98	0.98
DBVPG_6743	51.45	0.96	0.96
DBVPG_6803	50.15	0.98	0.98
DBVPG_7019	47.41	0.98	0.98
DBVPG_8043	37.48	0.67	0.65
EXF_10533	2.16	0.08	0.06
EXF_10630	3.27	0.10	0.08
EXF_10854	21.32	0.71	0.69
EXF_12265	2.58	0.10	0.08
EXF_12281	57.72	0.96	0.95
EXF_12768	69.38	0.98	0.98
EXF_13250	32.66	0.73	0.71
EXF_13255	36.76	0.73	0.72
EXF_13260	50.92	0.98	0.98
EXF_13261	64.76	0.98	0.98
EXF_13500	9.17	0.29	0.26
EXF_13599	54.82	0.96	0.95
EXF_13600	50.34	0.98	0.98
EXF_13601	33.19	0.74	0.72
EXF_13602	63.85	0.98	0.98
EXF_13604	61.62	0.97	0.97
EXF_14606	2.81	0.11	0.08
EXF_1510	38.67	0.97	0.97
EXF_1565	59.12	0.98	0.98
EXF_1585	51.55	0.98	0.98
EXF_1676	67.83	0.98	0.98
EXF_1686	55.59	0.99	0.99
EXF_1695	65.59	0.98	0.96
EXF_1704	67.44	0.96	0.96
EXF_17335	24.79	0.73	0.71
EXF_2251	56.05	0.99	0.99
EXF_3417	65.97	0.99	0.99
EXF_3530	49.56	0.98	0.98
EXF_3538	50.48	0.96	0.96
EXF_3540	66.44	0.98	0.98
EXF_3544	56.93	0.99	0.99
EXF_3569	53.93	0.99	0.99
EXF_3592	56.94	0.98	0.98
EXF_3595	70.16	0.97	0.96
EXF_3604	47.84	0.96	0.96
EXF_3609	55.93	0.98	0.98
EXF_3612	65.03	0.99	0.99
EXF_3622	56.11	0.98	0.98
EXF_3626	67.46	0.96	0.96
EXF_3629	38.84	0.74	0.72
EXF_3633	34.51	0.74	0.72
EXF_3790	64.27	0.97	0.96
EXF_3860	46.50	0.96	0.96
EXF_3861	53.82	0.96	0.96
EXF_3862	45.52	0.96	0.96
EXF_4885	51.74	0.97	0.96
EXF_5546	58.15	0.98	0.98
EXF_5666	34.23	0.67	0.66
EXF_5668	28.92	0.76	0.72
EXF_5775	55.23	0.96	0.96
EXF_5938	55.45	0.98	0.98
EXF_5939	50.53	0.99	0.99
EXF_5940	46.05	0.96	0.96
EXF_5941	47.78	0.98	0.98
EXF_6243	46.58	0.96	0.95
EXF_6252	51.04	0.96	0.95
EXF_6325	46.78	0.98	0.98
EXF_6360	59.93	0.97	0.97
EXF_6370	51.25	0.96	0.95
EXF_6373	43.65	0.96	0.96
EXF_7386	34.53	0.73	0.72
EXF_7920	56.04	0.99	0.99
EXF_7931	56.51	0.98	0.98
EXF_7934	50.12	0.99	0.99
EXF_7944	48.85	0.99	0.99
EXF_7949	55.81	0.96	0.95
EXF_8006	43.65	0.99	0.99
EXF_8014	58.46	0.98	0.98
EXF_8109	55.24	0.96	0.96
EXF_8151	58.95	0.99	0.99
EXF_8155	70.98	0.98	0.98
EXF_8254	60.36	0.98	0.98
EXF_8395	38.11	0.97	0.96
EXF_8400	48.25	0.97	0.97
EXF_8463	58.48	0.97	0.97
EXF_8464	63.21	0.98	0.98
EXF_8465	45.05	0.98	0.98
EXF_8891	66.15	0.98	0.98
EXF_8898	67.25	0.98	0.98
EXF_8921	73.39	0.98	0.98
EXF_8942	92.54	0.98	0.98
EXF_8984	68.29	0.99	0.99
EXF_9051	54.86	0.98	0.98
EXF_9595	55.64	0.96	0.96
EXF_9756	52.99	0.98	0.98
EXF_9762	67.13	0.98	0.98
EXF_9926	45.50	0.97	0.96
EXF_9950	54.18	0.96	0.95
IIF8SW-B2	25.12	0.97	0.97
NRRL_Y-2510	44.92	0.95	0.95
TFCN_100D-1	33.39	0.98	0.97
TFCN_102C-1	31.28	0.98	0.98
TFCN_102C-2	52.03	0.98	0.98
TFCN_102D-1	73.18	0.98	0.98
TFCN_102D-2	27.21	0.98	0.98
TFCN_105A-2	53.52	0.98	0.98
TFCN_106A-1	29.09	0.98	0.98
TFCN_107A-6	28.46	0.98	0.97
TFCN_107C-3	46.04	0.98	0.98
TFCN_110C-1	302.06	0.98	0.98
TFCN_118C-2	197.56	0.98	0.98
TFCN_122C-2	44.76	0.98	0.98
TFCN_130D-4	46.88	0.98	0.98
TFCN_134A-3	34.38	0.73	0.72
TFCN_137C-3	24.71	0.98	0.96
TFCN_137D-4	17.96	0.98	0.88
TFCN_138A-1	33.00	0.98	0.98
TFCN_140A-3	34.27	0.98	0.97
TFCN_141C-2	30.89	0.98	0.98
TFCN_152A-1	114.05	0.96	0.95
TFCN_152A-12	51.73	0.98	0.98
TFCN_152A-2	219.74	0.98	0.97
TFCN_152A-3	1.16	0.07	0.05
TFCN_152A-5	27.67	0.98	0.98
TFCN_152C-5	21.43	0.98	0.96
TFCN_17-0-2E334-10	152.70	0.98	0.98
TFCN_17-0-2E334-4	196.23	0.97	0.97
TFCN_17-0-2E337-3	67.32	0.96	0.96
TFCN_17-0-2E390-1	434.54	0.97	0.96
TFCN_17-0-2E390-2	227.85	0.96	0.96
TFCN_17-267M-1	469.51	0.97	0.97
TFCN_17-291Y-1	206.05	0.96	0.96
TFCN_17-325D-2	46.72	0.99	0.99
TFCN_17-325D-4	26.22	0.99	0.98
TFCN_17-325P-1	69.86	0.99	0.99
TFCN_17-329Y-4	39.79	0.95	0.95
TFCN_17-332C-1	34.95	0.98	0.98
TFCN_17-332C-2	44.05	0.98	0.98
TFCN_17-332D-1	244.97	0.98	0.98
TFCN_17-332M-1	35.83	0.73	0.71
TFCN_17-332M-2	37.58	0.98	0.98
TFCN_17-332P-1	302.52	0.98	0.98
TFCN_17-332P-2	38.56	0.98	0.98
TFCN_17-333D-2	19.06	0.98	0.95
TFCN_17-333M-1	37.70	0.96	0.96
TFCN_17-333P-6	74.54	0.98	0.97
TFCN_17-334C-1	34.65	0.98	0.98
TFCN_17-334D-6	58.59	0.96	0.95
TFCN_17-334P-3	31.83	0.98	0.97
TFCN_17-334Y-2	700.81	0.98	0.98
TFCN_17-334Y-3	583.42	0.98	0.98
TFCN_17-334Y-5	201.30	0.96	0.96
TFCN_17-337P-5	123.97	0.97	0.97
TFCN_17-338D-3	300.50	0.99	0.99
TFCN_17-390M-1	151.36	0.96	0.96
TFCN_172A-1	42.96	0.98	0.98
TFCN_17Y-278-1	181.97	0.96	0.96
TFCN_181A-1	134.59	0.98	0.98
TFCN_186CL-2	35.25	0.95	0.95
TFCN_1A-1-5	34.57	0.98	0.98
TFCN_1A-14	281.58	0.76	0.75
TFCN_209-6-1	33.54	0.98	0.98
TFCN_209-6-11	23.67	0.98	0.97
TFCN_209-6-12	30.39	0.98	0.98
TFCN_209-6-14	44.37	0.98	0.98
TFCN_209-6-17	187.99	0.98	0.98
TFCN_209-6-2	426.93	0.98	0.98
TFCN_209-6-4	568.38	0.98	0.98
TFCN_209-6-5	137.78	0.98	0.98
TFCN_211A-3	369.90	0.98	0.98
TFCN_211C-2	2.71	0.10	0.08
TFCN_212C-2	328.90	0.98	0.98
TFCN_213-6-2	27.46	0.98	0.97
TFCN_213-6-4	89.44	0.98	0.98
TFCN_223A-8	51.59	0.98	0.98
TFCN_22C-4	202.04	0.96	0.96
TFCN_25-0-2E332-1	27.17	0.98	0.97
TFCN_25-0-2E333-1	232.52	0.97	0.97
TFCN_25-0-2E333-5	31.85	0.98	0.97
TFCN_25-0-2E333-7	34.90	0.99	0.98
TFCN_25-0-2E333-9	86.08	0.98	0.98
TFCN_25-0-2E334-1	47.18	0.95	0.95
TFCN_25-0-2E390-1	276.37	0.96	0.96
TFCN_25-325Y-1	475.80	0.99	0.99
TFCN_25-327D-1	420.92	0.98	0.98
TFCN_25-331D-1	365.87	0.96	0.96
TFCN_25-332C-1	470.02	0.98	0.98
TFCN_25-332D-1	590.25	0.98	0.98
TFCN_25-332D-2	63.18	0.98	0.98
TFCN_25-332M-1	460.05	0.98	0.98
TFCN_25-332M-2	37.10	0.98	0.98
TFCN_25-332P-2	35.10	0.98	0.98
TFCN_25-332Y-1	31.50	0.98	0.98
TFCN_25-333C-2	707.14	0.98	0.98
TFCN_25-333P-2	47.92	0.98	0.98
TFCN_25-333Y-10	23.54	0.66	0.64
TFCN_25-333Y-9	440.58	0.98	0.98
TFCN_25-334D-3	29.79	0.97	0.96
TFCN_25-334Y-6	419.53	0.70	0.69
TFCN_25-335Y-1	84.12	0.98	0.98
TFCN_25-337M-3	16.12	0.98	0.89
TFCN_25-337Y-1	479.48	0.98	0.98
TFCN_25-395P-1	237.63	0.69	0.68
TFCN_270H-1	56.34	0.96	0.95
TFCN_270H-2	28.81	0.98	0.97
TFCN_273H-1	135.52	0.98	0.98
TFCN_2M-1-3	34.74	0.98	0.97
TFCN_2M-1-4	39.78	0.98	0.98
TFCN_33A-4	183.94	0.70	0.68
TFCN_340-1	312.76	0.98	0.98
TFCN_340-3	61.44	0.98	0.98
TFCN_342-3	35.37	0.98	0.98
TFCN_363-1-2	18.19	0.97	0.90
TFCN_3M-1-1	99.39	0.96	0.88
TFCN_404D-1	29.32	0.96	0.94
TFCN_4M-1-2	75.51	0.98	0.98
TFCN_4M-1-3	193.57	0.98	0.98
TFCN_4M-1-4	31.47	0.98	0.98
TFCN_4M-1-5	367.80	0.98	0.98
TFCN_54D-1	207.24	0.96	0.96
TFCN_54D-2	61.12	0.98	0.98
TFCN_7-6-3	2.69	0.09	0.08
TFCN_86A-12	24.00	0.98	0.96
TFCN_86A-3	90.14	0.98	0.98
TFCN_86A-5	5.25	0.16	0.14
TFCN_86C-3	34.03	0.98	0.98
TFCN_89D-3	16.83	0.97	0.89
TFCN_98A-10	348.87	0.98	0.97
TFCN_98A-5	47.16	0.98	0.98
TFCN_98C-3	31.33	0.98	0.98
TFCN_98C-5	171.77	0.98	0.98
TFCN_98C-7	35.15	0.98	0.97
TFCN_98C-8	378.33	0.98	0.98
TFCN_98D-11	30.49	0.98	0.98
TFCN_98D-7	200.74	0.98	0.98
TFCN_98D-9	29.39	0.98	0.98
