sample	het	muc_hap_alt>0.5	muc_hap_alt=0	frig_alt>0.5	affmuc_alt>0.5	muc_hap_alt=0&frig>0.5	muc_hap_alt=0&affmuc>0.5
DBVPG_3045_DBVPG_3045	23945	0.000	0.900	0.338	0.523	0.297	0.481
DBVPG_3444_DBVPG_3444	24362	0.000	0.898	0.336	0.524	0.292	0.480
DBVPG_3445_DBVPG_3445	22822	0.000	0.898	0.338	0.525	0.295	0.482
DBVPG_3446_DBVPG_3446	24051	0.000	0.899	0.335	0.521	0.294	0.479
DBVPG_3854_DBVPG_3854	22399	0.000	0.891	0.535	0.419	0.458	0.349
DBVPG_3855_DBVPG_3855	21172	0.000	0.894	0.539	0.422	0.463	0.354
DBVPG_3856_DBVPG_3856	22320	0.000	0.892	0.535	0.420	0.459	0.350
DBVPG_3857_DBVPG_3857	22288	0.000	0.893	0.534	0.419	0.458	0.350
DBVPG_4952_DBVPG_4952	22397	0.000	0.879	0.604	0.394	0.543	0.339
DBVPG_6649_DBVPG_6649	25645	0.000	0.962	0.277	0.337	0.259	0.320
TFCN_152A-1_TFCN_152A-1	25508	0.000	0.890	0.328	0.911	0.286	0.871
TFCN_17-0-2E334-4_TFCN_17-0-2E334-4	24045	0.000	0.912	0.359	0.978	0.296	0.894
TFCN_17-0-2E337-3_TFCN_17-0-2E337-3	25774	0.000	0.890	0.331	0.910	0.289	0.871
TFCN_17-0-2E390-1_TFCN_17-0-2E390-1	24172	0.000	0.903	0.324	0.901	0.280	0.855
TFCN_17-0-2E390-2_TFCN_17-0-2E390-2	24851	0.000	0.904	0.322	0.900	0.280	0.855
TFCN_17-267M-1_TFCN_17-267M-1	23320	0.000	0.900	0.343	0.942	0.288	0.875
TFCN_17-291Y-1_TFCN_17-291Y-1	25240	0.000	0.888	0.328	0.909	0.286	0.869
TFCN_17-333M-1_TFCN_17-333M-1	25698	0.000	0.905	0.323	0.903	0.281	0.857
TFCN_17-333P-6_TFCN_17-333P-6	24948	0.000	0.910	0.358	0.978	0.293	0.893
TFCN_17-334D-6_TFCN_17-334D-6	25822	0.000	0.890	0.328	0.909	0.287	0.871
TFCN_17-334Y-5_TFCN_17-334Y-5	25079	0.000	0.890	0.329	0.910	0.288	0.870
TFCN_17-337P-5_TFCN_17-337P-5	24534	0.000	0.910	0.357	0.978	0.293	0.894
TFCN_17-390M-1_TFCN_17-390M-1	25090	0.000	0.904	0.323	0.903	0.280	0.857
TFCN_17Y-278-1_TFCN_17Y-278-1	25114	0.000	0.888	0.325	0.907	0.284	0.868
TFCN_186CL-2_TFCN_186CL-2	26036	0.000	0.890	0.327	0.909	0.287	0.870
TFCN_22C-4_TFCN_22C-4	24735	0.000	0.903	0.323	0.901	0.280	0.854
TFCN_25-0-2E333-1_TFCN_25-0-2E333-1	24008	0.000	0.910	0.358	0.977	0.294	0.893
TFCN_25-0-2E334-1_TFCN_25-0-2E334-1	25620	0.000	0.906	0.317	0.893	0.275	0.848
TFCN_25-0-2E390-1_TFCN_25-0-2E390-1	24679	0.000	0.904	0.324	0.901	0.281	0.855
TFCN_25-331D-1_TFCN_25-331D-1	24231	0.000	0.903	0.323	0.900	0.280	0.853
TFCN_270H-1_TFCN_270H-1	25961	0.000	0.907	0.316	0.895	0.275	0.849
TFCN_404D-1_TFCN_404D-1	25714	0.000	0.904	0.322	0.902	0.280	0.856
TFCN_54D-1_TFCN_54D-1	24941	0.000	0.889	0.326	0.910	0.284	0.871
