strain	subgroup	het_rate	het_sites_CM179498	alt_absent_in_haploids	alt_major_in_frig	alt_major_in_affmuc
DBVPG_3045	other	0.239	24171	0.900	0.341	0.524
DBVPG_3444	other	0.251	24609	0.897	0.338	0.525
DBVPG_3446	other	0.231	24288	0.899	0.339	0.523
DBVPG_3538	affmuc-like	0.264	26633	0.897	0.335	0.938
DBVPG_3854	other	0.236	22697	0.891	0.539	0.420
DBVPG_3855	other	0.231	21451	0.893	0.542	0.423
DBVPG_3856	other	0.248	22614	0.892	0.538	0.421
DBVPG_3857	other	0.248	22583	0.892	0.537	0.420
DBVPG_4379	affmuc-like	0.256	27017	0.826	0.344	0.857
DBVPG_4952	other	0.334	31739	0.895	0.674	0.338
DBVPG_6649	other	0.346	35792	0.919	0.450	0.473
TFCN_152A-1	affmuc-like	0.251	25777	0.889	0.331	0.910
TFCN_17-0-2E334-4	affmuc-like	0.238	24307	0.911	0.362	0.977
TFCN_17-0-2E337-3	affmuc-like	0.256	26054	0.890	0.334	0.910
TFCN_17-0-2E390-1	affmuc-like	0.234	24428	0.902	0.327	0.901
TFCN_17-0-2E390-2	affmuc-like	0.243	25125	0.904	0.325	0.900
TFCN_17-267M-1	affmuc-like	0.229	23545	0.900	0.346	0.942
TFCN_17-291Y-1	affmuc-like	0.247	25507	0.888	0.331	0.909
TFCN_17-333P-6	affmuc-like	0.250	25215	0.909	0.360	0.977
TFCN_17-334D-6	affmuc-like	0.256	26101	0.889	0.331	0.909
TFCN_17-334Y-5	affmuc-like	0.247	25343	0.890	0.332	0.909
TFCN_17-337P-5	affmuc-like	0.244	24777	0.910	0.360	0.978
TFCN_17-390M-1	affmuc-like	0.247	25351	0.904	0.326	0.903
TFCN_17Y-278-1	affmuc-like	0.248	25381	0.888	0.328	0.907
TFCN_22C-4	affmuc-like	0.245	24994	0.903	0.326	0.900
TFCN_25-0-2E333-1	affmuc-like	0.237	24270	0.909	0.361	0.977
TFCN_25-0-2E334-1	affmuc-like	0.256	25883	0.905	0.319	0.893
TFCN_25-0-2E390-1	affmuc-like	0.241	24936	0.904	0.326	0.901
TFCN_25-331D-1	affmuc-like	0.236	24463	0.902	0.326	0.899
TFCN_270H-1	affmuc-like	0.257	26217	0.907	0.319	0.894
TFCN_404D-1	affmuc-like	0.253	25979	0.904	0.325	0.902
TFCN_54D-1	affmuc-like	0.247	25203	0.889	0.329	0.909
