library	strain	n_sites	mixed_frac	own_dist	best_match	best_dist	second_match	second_dist
222L7FLNX.DBVPG_3239.L002	DBVPG_3239	128726	0.000	0.0004	DBVPG_3238_DBVPG_3238	0.0003	DBVPG_3239_DBVPG_3239	0.0004
H3GVMDSX7.DBVPG_3239.L001	DBVPG_3239	128528	0.000	0.0004	DBVPG_3238_DBVPG_3238	0.0003	DBVPG_3239_DBVPG_3239	0.0004
222L7FLNX.DBVPG_3445.L002	DBVPG_3445	128555	0.000	0.0932	TFCN_98C-7_TFCN_98C-7	0.0003	TFCN_107A-6_TFCN_107A-6	0.0003
H3GVMDSX7.DBVPG_3445.L001	DBVPG_3445	123479	0.184	0.0517	DBVPG_3446_DBVPG_3446	0.0491	DBVPG_3045_DBVPG_3045	0.0501
222L7FLNX.DBVPG_3446.L002	DBVPG_3446	127650	0.188	0.0461	DBVPG_3446_DBVPG_3446	0.0461	DBVPG_3045_DBVPG_3045	0.0477
H3GVMDSX7.DBVPG_3446.L001	DBVPG_3446	116113	0.186	0.0493	DBVPG_3446_DBVPG_3446	0.0493	DBVPG_3045_DBVPG_3045	0.0506
222L7FLNX.DBVPG_3538.L002	DBVPG_3538	92346	0.002	0.1373	TFCN_25-395P-1_TFCN_25-395P-1	0.0026	DBVPG_8043_DBVPG_8043	0.0046
H3GVMDSX7.DBVPG_3538.L001	DBVPG_3538	123675	0.000	0.1249	DBVPG_3382_DBVPG_3382	0.0002	DBVPG_3384_DBVPG_3384	0.0002
222L7FLNX.DBVPG_4379.L002	DBVPG_4379	122812	0.205	0.0660	TFCN_17-390M-1_TFCN_17-390M-1	0.0502	TFCN_22C-4_TFCN_22C-4	0.0502
H3GVMDSX7.DBVPG_4379.L001	DBVPG_4379	127187	0.000	0.1259	DBVPG_10842_DBVPG_10842	0.0006	IIF8SW-B2_IIF8SW-B2	0.0006
222L7FLNX.DBVPG_4952.L003	DBVPG_4952	101086	0.004	0.1594	DBVPG_6660_DBVPG_6660	0.0185	EXF_3633_EXF_3633	0.0445
HGY7HDRX3.DBVPG_4952.L001	DBVPG_4952	122441	0.181	0.0898	TFCN_137D-4_TFCN_137D-4	0.0870	DBVPG_4952_DBVPG_4952	0.0898
HGY7HDRX3.DBVPG_4952.L002	DBVPG_4952	123888	0.182	0.0887	TFCN_137D-4_TFCN_137D-4	0.0859	DBVPG_4952_DBVPG_4952	0.0887
222L7FLNX.DBVPG_6094.L003	DBVPG_6094	128683	0.000	0.0004	DBVPG_4964_DBVPG_4964	0.0003	DBVPG_4957_DBVPG_4957	0.0003
HGY7HDRX3.DBVPG_6094.L001	DBVPG_6094	0	nan	nan	CCFEE_5036_CCFEE_5036	nan	TFCN_17-329Y-4_TFCN_17-329Y-4	nan
HGY7HDRX3.DBVPG_6094.L002	DBVPG_6094	0	nan	nan	CCFEE_5036_CCFEE_5036	nan	TFCN_17-329Y-4_TFCN_17-329Y-4	nan
222L7FLNX.DBVPG_6649.L003	DBVPG_6649	129271	0.000	0.1686	TFCN_17-325D-4_TFCN_17-325D-4	0.0001	TFCN_25-0-2E333-7_TFCN_25-0-2E333-7	0.0001
HGY7HDRX3.DBVPG_6649.L001	DBVPG_6649	97707	0.237	0.1145	DBVPG_6649_DBVPG_6649	0.1145	EXF_10854_EXF_10854	0.1389
HGY7HDRX3.DBVPG_6649.L002	DBVPG_6649	100604	0.236	0.1151	DBVPG_6649_DBVPG_6649	0.1151	EXF_10854_EXF_10854	0.1399
222L7FLNX.EXF_10630.L001	EXF_10630	12514	0.006	0.0056	EXF_10630_EXF_10630	0.0056	TFCN_211C-2_TFCN_211C-2	0.0181
222L7FLNX.EXF_10854.L001	EXF_10854	96422	0.001	0.0017	EXF_10854_EXF_10854	0.0017	EXF_17335_EXF_17335	0.1434
222L7FLNX.EXF_12265.L001	EXF_12265	11956	0.005	0.0041	EXF_12265_EXF_12265	0.0041	TFCN_211C-2_TFCN_211C-2	0.0163
222L7FLNX.EXF_13500.L001	EXF_13500	38874	0.002	0.0028	EXF_13500_EXF_13500	0.0028	TFCN_137D-4_TFCN_137D-4	0.3158
222L7FLNX.EXF_14606.L001	EXF_14606	12062	0.052	0.0155	EXF_14606_EXF_14606	0.0155	EXF_10630_EXF_10630	0.0440
222L7FLNX.EXF_17335.L001	EXF_17335	101444	0.007	0.0048	EXF_17335_EXF_17335	0.0048	EXF_13250_EXF_13250	0.0050
222L7FLNX.TFCN_102D-1.L002	TFCN_102D-1	128610	0.000	0.0003	TFCN_152C-5_TFCN_152C-5	0.0003	TFCN_2M-1-4_TFCN_2M-1-4	0.0003
H5Y57DSX7.TFCN_102D-1.L001	TFCN_102D-1	128635	0.000	0.0002	TFCN_102D-1_TFCN_102D-1	0.0002	TFCN_2M-1-4_TFCN_2M-1-4	0.0002
222L7FLNX.TFCN_152A-3.L001	TFCN_152A-3	8662	0.004	0.0035	TFCN_152A-3_TFCN_152A-3	0.0035	EXF_10533_EXF_10533	0.2837
222L7FLNX.TFCN_17-333M-1.L001	TFCN_17-333M-1	123415	0.206	0.0481	TFCN_17-333M-1_TFCN_17-333M-1	0.0481	TFCN_22C-4_TFCN_22C-4	0.0485
222L7FLNX.TFCN_186CL-2.L001	TFCN_186CL-2	126491	0.201	0.0470	TFCN_186CL-2_TFCN_186CL-2	0.0470	TFCN_152A-1_TFCN_152A-1	0.0484
222L7FLNX.TFCN_1A-1-5.L001	TFCN_1A-1-5	129307	0.000	0.0001	TFCN_1A-1-5_TFCN_1A-1-5	0.0001	TFCN_17-333D-2_TFCN_17-333D-2	0.0001
222L7FLNX.TFCN_211C-2.L001	TFCN_211C-2	12213	0.005	0.0047	TFCN_211C-2_TFCN_211C-2	0.0047	EXF_12265_EXF_12265	0.0148
H5Y57DSX7.TFCN_25-0-2E333-9.L001	TFCN_25-0-2E333-9	128365	0.000	0.0003	TFCN_25-333C-2_TFCN_25-333C-2	0.0003	TFCN_340-1_TFCN_340-1	0.0003
222L7FLNX.TFCN_BY120-C1.L001	TFCN_25-0-2E333-9	128706	0.000	0.0004	TFCN_25-333C-2_TFCN_25-333C-2	0.0003	TFCN_BY120-C7_TFCN_BY120-C7	0.0004
222L7FLNX.TFCN_BY120-C7.L001	TFCN_25-0-2E333-9	128677	0.000	0.0004	TFCN_25-333C-2_TFCN_25-333C-2	0.0003	TFCN_340-1_TFCN_340-1	0.0004
222L7FLNX.TFCN_25-332D-2.L002	TFCN_25-332D-2	129317	0.000	0.0001	TFCN_25-337M-3_TFCN_25-337M-3	0.0001	TFCN_17-332M-2_TFCN_17-332M-2	0.0001
HGNNFDMXY.TFCN_25-332D-2.L001	TFCN_25-332D-2	119828	0.000	0.0001	TFCN_25-0-2E332-1_TFCN_25-0-2E332-1	0.0001	TFCN_25-335Y-1_TFCN_25-335Y-1	0.0001
222L7FLNX.TFCN_25-332M-2.L001	TFCN_25-332M-2	129313	0.000	0.0001	TFCN_25-337M-3_TFCN_25-337M-3	0.0001	TFCN_17-332M-2_TFCN_17-332M-2	0.0001
222L7FLNX.TFCN_270H-1.L002	TFCN_270H-1	123545	0.207	0.0500	TFCN_270H-1_TFCN_270H-1	0.0500	TFCN_25-0-2E334-1_TFCN_25-0-2E334-1	0.0508
H5Y57DSX7.TFCN_270H-1.L001	TFCN_270H-1	122855	0.203	0.0530	TFCN_270H-1_TFCN_270H-1	0.0530	TFCN_25-0-2E334-1_TFCN_25-0-2E334-1	0.0535
222L7FLNX.TFCN_2M-1-3.L001	TFCN_2M-1-3	128503	0.000	0.0004	TFCN_98C-7_TFCN_98C-7	0.0003	TFCN_118C-2_TFCN_118C-2	0.0003
222L7FLNX.TFCN_7-6-3.L001	TFCN_7-6-3	11571	0.011	0.0059	TFCN_7-6-3_TFCN_7-6-3	0.0059	EXF_10533_EXF_10533	0.1414
222L7FLNX.TFCN_86A-5.L001	TFCN_86A-5	20860	0.004	0.0044	TFCN_86A-5_TFCN_86A-5	0.0044	TFCN_137D-4_TFCN_137D-4	0.2869
222L7FLNX.TFCN_86C-3.L001	TFCN_86C-3	129309	0.000	0.0001	TFCN_86C-3_TFCN_86C-3	0.0001	DBVPG_4304_DBVPG_4304	0.0001
