strain	reason
CHIFNET_12H1194	no phenotype row
DBVPG_10656	phenotype table species is Rhodotorula nothofagi; genotype is R. mucilaginosa: verify culture identity
EXF_12281	no phenotype row
EXF_13260	no phenotype row
EXF_13261	no phenotype row
EXF_13599	no phenotype row
EXF_13600	no phenotype row
EXF_13602	no phenotype row
EXF_13604	no phenotype row
EXF_1510	no phenotype row
EXF_1565	no phenotype row
EXF_1585	no phenotype row
EXF_1676	no phenotype row
EXF_1686	no phenotype row
EXF_1695	no phenotype row
EXF_1704	no phenotype row
EXF_2251	no phenotype row
EXF_3417	no phenotype row
EXF_3530	no phenotype row
EXF_3538	no phenotype row
EXF_3540	no phenotype row
EXF_3544	no phenotype row
EXF_3569	no phenotype row
EXF_3592	no phenotype row
EXF_3595	no phenotype row
EXF_3604	no phenotype row
EXF_3609	no phenotype row
EXF_3612	no phenotype row
EXF_3622	no phenotype row
EXF_3626	no phenotype row
EXF_3790	no phenotype row
EXF_3860	no phenotype row
EXF_3861	no phenotype row
EXF_3862	no phenotype row
EXF_4885	no phenotype row
EXF_5546	no phenotype row
EXF_5775	no phenotype row
EXF_5938	no phenotype row
EXF_5939	no phenotype row
EXF_5940	no phenotype row
EXF_5941	no phenotype row
EXF_6243	no phenotype row
EXF_6252	no phenotype row
EXF_6325	no phenotype row
EXF_6360	no phenotype row
EXF_6370	no phenotype row
EXF_6373	no phenotype row
EXF_7920	no phenotype row
EXF_7931	no phenotype row
EXF_7944	no phenotype row
EXF_7949	no phenotype row
EXF_8006	no phenotype row
EXF_8014	no phenotype row
EXF_8109	no phenotype row
EXF_8151	no phenotype row
EXF_8155	no phenotype row
EXF_8254	no phenotype row
EXF_8395	no phenotype row
EXF_8400	no phenotype row
EXF_8463	no phenotype row
EXF_8464	no phenotype row
EXF_8465	no phenotype row
EXF_8898	no phenotype row
EXF_8921	no phenotype row
EXF_8942	no phenotype row
EXF_8984	no phenotype row
EXF_9595	no phenotype row
EXF_9756	no phenotype row
EXF_9762	no phenotype row
EXF_9926	no phenotype row
EXF_9950	no phenotype row
IIF8SW-B2	no phenotype row
TFCN_152A-12	phenotype table species is Rhodotorula sphaerocarpa; genotype is R. mucilaginosa: verify culture identity
TFCN_152A-2	phenotype table species is Rhodotorula sphaerocarpa; genotype is R. mucilaginosa: verify culture identity
TFCN_152A-5	phenotype table species is Rhodotorula toruloides; genotype is R. mucilaginosa: verify culture identity
TFCN_152C-5	phenotype table species is Rhodotorula toruloides; genotype is R. mucilaginosa: verify culture identity
TFCN_17-338D-3	phenotype table species is Rhodotorula glutinis; genotype is R. mucilaginosa: verify culture identity
TFCN_1A-1-5	no phenotype row
TFCN_209-6-12	no phenotype row
TFCN_209-6-14	no phenotype row
TFCN_209-6-2	no phenotype row
TFCN_209-6-4	no phenotype row
TFCN_211A-3	phenotype table species is Rhodotorula diobovata; genotype is R. mucilaginosa: verify culture identity
TFCN_212C-2	phenotype table species is Rhodotorula diobovata; genotype is R. mucilaginosa: verify culture identity
TFCN_213-6-2	phenotype table species is Rhodotorula sphaerocarpa; genotype is R. mucilaginosa: verify culture identity
TFCN_213-6-4	phenotype table species is Rhodotorula sphaerocarpa; genotype is R. mucilaginosa: verify culture identity
TFCN_25-0-2E333-7	phenotype table species is Rhodotorula graminis; genotype is R. mucilaginosa: verify culture identity
TFCN_25-335Y-1	no phenotype row
TFCN_2M-1-3	no phenotype row
TFCN_342-3	phenotype table species is Rhodotorula paludigena; genotype is R. mucilaginosa: verify culture identity
TFCN_363-1-2	phenotype table species is Rhodotorula taiwanensis; genotype is R. mucilaginosa: verify culture identity
TFCN_54D-2	phenotype table species is Rhodotorula sphaerocarpa; genotype is R. mucilaginosa: verify culture identity
TFCN_86A-12	phenotype table species is Rhodotorula sphaerocarpa; genotype is R. mucilaginosa: verify culture identity
TFCN_86A-3	phenotype table species is Rhodotorula sphaerocarpa; genotype is R. mucilaginosa: verify culture identity
TFCN_86C-3	no phenotype row
TFCN_98D-11	no phenotype row
TFCN_98D-7	no phenotype row
TFCN_98D-9	no phenotype row
