id	strain	library_or_record	category	finding	evidence	confidence	status	recommended_action	source
A1	DBVPG_3445	9003_005 (run 222L7FLNX)	library_not_this_strain	9003 library is a pure R. mucilaginosa haploid, not the hybrid diploid of the original library	library identity: best match TFCN_98C-7 (dist 0.0003); own-strain dist 0.093; sourmash R. mucilaginosa 1.000	data-supported	library excluded; CRAM rebuilt from original library	lab: check 9003 tube; StrainDB: add run with mismatch warning (decision 2)	results/variant_qc/library_identity_2026-10-03.tsv; docs/sample_id_fixes_2026-10-03.md; Species_ID_db/REPORT_2026-10-04.md
A2	DBVPG_3538	9003_007	library_not_this_strain	9003 library is R. aff. mucilaginosa; original library is R. mucilaginosa haploid (DBVPG_3382 clone)	best match TFCN_25-395P-1 (0.0026); own 0.137; sourmash aff. mucilaginosa 0.999	data-supported	library excluded; CRAM rebuilt; ploidy diploid->haploid	lab tube check	results/variant_qc/library_identity_2026-10-03.tsv; docs/sample_id_fixes_2026-10-03.md; Species_ID_db/REPORT_2026-10-04.md
A3	DBVPG_4379	9003_009	library_not_this_strain	9003 library is a hybrid diploid; original library is an R. mucilaginosa haploid	best match TFCN_17-390M-1 (0.050), mixed_frac 0.205; own 0.066; sourmash muc x aff. muc hybrid	data-supported	library excluded; CRAM rebuilt; ploidy diploid->haploid	lab tube check	results/variant_qc/library_identity_2026-10-03.tsv; docs/sample_id_fixes_2026-10-03.md; Species_ID_db/REPORT_2026-10-04.md
A4	DBVPG_4952	9003_010	library_not_this_strain	9003 library is near R. frigidialcoholis; original libraries are a hybrid diploid. Library may itself be a hybrid or a mixture	best match DBVPG_6660 (0.0185); own 0.159; sourmash frig 0.9971 and muc 0.9771 (reads) / 0.9967 (assembly)	data-supported (mismatch); unresolved (what the library is)	library excluded; CRAM rebuilt	lab tube check	results/variant_qc/library_identity_2026-10-03.tsv; docs/sample_id_fixes_2026-10-03.md; Species_ID_db/REPORT_2026-10-04.md
A5	DBVPG_6649	9003_012	library_not_this_strain	9003 library is a pure R. mucilaginosa haploid; original libraries are a hybrid diploid	best match TFCN_17-325D-4 (0.0001); own 0.169; sourmash R. mucilaginosa 1.000	data-supported	library excluded; CRAM rebuilt	lab tube check	results/variant_qc/library_identity_2026-10-03.tsv; docs/sample_id_fixes_2026-10-03.md; Species_ID_db/REPORT_2026-10-04.md
B1	DBVPG_3380	9003_004	library_species_vs_db	9003 library is R. mucilaginosa; StrainDB species is R. glutinis	sourmash R. mucilaginosa 1.000 (reads); library never aligned in this project; no original-library genome to compare	data-supported (conflict); unresolved (tube or DB wrong)	not used in this project	lab: check tube identity (e.g. ITS) against DB species	Species_ID_db/REPORT_2026-10-04.md
B2	DBVPG_3985	9003_008	library_species_vs_db	9003 library is R. mucilaginosa; StrainDB species is R. glutinis	sourmash R. mucilaginosa 1.000 (reads); library never aligned in this project; no original-library genome to compare	data-supported (conflict); unresolved (tube or DB wrong)	not used in this project	lab: check tube identity (e.g. ITS) against DB species	Species_ID_db/REPORT_2026-10-04.md
B3	TFCN_152C-2	9003_014	library_species_vs_db	9003 library is R. mucilaginosa; StrainDB species is R. toruloides	sourmash R. mucilaginosa 1.000 (reads); library never aligned in this project; no original-library genome to compare	data-supported (conflict); unresolved (tube or DB wrong)	not used in this project	lab: check tube identity (e.g. ITS) against DB species	Species_ID_db/REPORT_2026-10-04.md
C1	TFCN_86C-3	9003_027 (only library)	cross_collection_identical	0 SNPs from DBVPG_6742 and <=1 SNP from DBVPG_4304 (Italy, run 23263Sta); >=307 SNPs from every other strain	near-reference SNP table (8,242 sites); rmuc_core declone group NI006; library identity 2026-10-03 listed DBVPG_4304 as equal-best match	data-supported (identity); unresolved (mix-up vs true clone)	kept in rmuc_core (reviewed keep); one of NI006 in rmuc_core_declone	lab: genotype 2-3 of 198 diagnostic SNPs (results/variant_qc/nearref/NR06_diagnostic_snps.tsv) in the original TFCN stock	docs/nearref_strain_differences_2026-10-05.md
D1	EXF_1695	original library	possible_mixed_culture	haploid with a minor second genotype at about 10-20 %	mixed sites 22.3 per 1000 covered (haploid median 0.04, p95 0.72); minor-allele read fraction peaks at 0.10; at 163,435 ALT calls (DP>=10) the main allele is 0.8-0.9 at 85,508	data-supported (mixed reads); inferred (mixed culture)	KEPT in rmuc_core; listed in rmuc_pheno_exclusions.tsv	re-isolate single colony or re-sequence before use; consider dropping from popgen groups	docs/ploidy_assessment_2026-10-03.md; results/variant_qc/allele_balance.tsv; altfrac job 29534407
D2	EXF_12768	original library	possible_mixed_culture_or_diploid	ALT calls split close to 50:50 reads at about 4,000 sites	3,787 of 4,469 ALT calls (DP>=10) have main allele 0.5-0.6; 84 % of mixed sites at f 0.45-0.50; ploidy override haploid, nQuire diploid	data-supported (balanced mixed reads); unresolved (two-strain mixture vs low-het diploid)	dropped (ploidy_mixed)	re-isolate or check ploidy by flow cytometry	docs/ploidy_assessment_2026-10-03.md; altfrac job 29534407
D3	EXF_7934	original library	possible_mixed_culture	CG001 haploid with a second genotype at ALT sites; minor component carries the REF allele	142 of 329 ALT calls (DP>=10) have main allele 0.5-0.8 (clean CG001 control EXF_8006: 9 of 322); flagged ploidy_mixed (47 % of ALT calls mixed)	data-supported (mixed reads); inferred (mixture with a REF-like CG001 strain)	dropped (ploidy_mixed). Earlier note that EXF_7934 is 2 SNPs from DH4148 is NOT reliable: its mixed calls were masked	re-isolate single colony; check for contamination with a reference-like strain	altfrac job 29534407; results/variant_qc/strain_qc.tsv
D4	EXF_8891	original library	possible_mixed_culture	CG001 haploid with a minor second genotype (about 10-30 %)	166 of 440 ALT calls have main allele 0.7-0.9; flagged ploidy_mixed (31 %)	data-supported (mixed reads); inferred (mixture)	dropped (ploidy_mixed)	re-isolate single colony	altfrac job 29534407
D5	EXF_9051	original library	possible_mixed_culture	CG001 haploid with a minor second genotype (about 10-30 %)	89 of 326 ALT calls have main allele 0.7-0.9; flagged ploidy_mixed (32 %)	data-supported (mixed reads); inferred (mixture)	dropped (ploidy_mixed)	re-isolate single colony	altfrac job 29534407
D6	EXF_5668	original library	possible_mixed_culture	diploid call with skewed allele balance; very high mixed-read rate	209.5 mixed sites per 1000 covered; minor-allele fraction peaks at 0.20 (not 0.5); 45 % of hets outside AB 0.2-0.8	data-supported (skewed mixed reads); inferred (mixture)	dropped (no_metadata, ploidy_skewed)	species and culture purity unknown; check before any use	results/variant_qc/allele_balance.tsv; strain_qc.tsv
D7	TFCN_3M-1-1	original library	possible_mixed_culture	R. frigidialcoholis with a minor second genotype	108 mixed sites per 1000 (R. frigidialcoholis median 0.72); peak at 0.10; 78 % of hets outside AB 0.2-0.8	data-supported (mixed reads); inferred (mixture)	dropped (other_species, ploidy_skewed)	re-isolate if used in the R. frigidialcoholis set	results/variant_qc/allele_balance.tsv; strain_qc.tsv
D8	EXF_14606	9003_031	hybrid_or_mixed_culture	matches both R. glutinis (0.995) and R. aff. babjevae / sp_clade_I (0.989), which are 0.924 apart	sourmash; called diploid; 30.3 mixed sites per 1000 with a flat allele-fraction profile (only 25 % of reads map to DH4148)	data-supported (two-species signal); unresolved (hybrid vs mixture)	dropped (no_metadata, low_coverage); StrainDB template names it a hybrid, marked unconfirmed	allele balance on a matching reference, or re-isolate	Species_ID_db/REPORT_2026-10-04.md
E1.1	DBVPG_10656	ExRhodotorula_Phenotypes/strains.csv	phenotype_table_species_conflict	phenotype table species Rhodotorula nothofagi; genotype R. mucilaginosa	group-level: 11 of 16 conflicts in near-identical groups (11/42 vs 5/123; Fisher OR 8.4, p = 1.5e-4)	data-supported (conflict and enrichment); inferred (cause)	kept in rmuc_core; listed in rmuc_pheno_exclusions.tsv	check species of the phenotyped cultures (e.g. ITS) for the 16; if they are the other species, the sequenced and phenotyped cultures differ	results/variant_qc/rmuc_pheno_exclusions.tsv; results/variant_qc/declone/
E1.2	TFCN_152A-12	ExRhodotorula_Phenotypes/strains.csv	phenotype_table_species_conflict	phenotype table species Rhodotorula sphaerocarpa; genotype R. mucilaginosa; in near-identical group NI007	group-level: 11 of 16 conflicts in near-identical groups (11/42 vs 5/123; Fisher OR 8.4, p = 1.5e-4)	data-supported (conflict and enrichment); inferred (cause)	kept in rmuc_core; listed in rmuc_pheno_exclusions.tsv	check species of the phenotyped cultures (e.g. ITS) for the 16; if they are the other species, the sequenced and phenotyped cultures differ	results/variant_qc/rmuc_pheno_exclusions.tsv; results/variant_qc/declone/
E1.3	TFCN_152A-2	ExRhodotorula_Phenotypes/strains.csv	phenotype_table_species_conflict	phenotype table species Rhodotorula sphaerocarpa; genotype R. mucilaginosa	group-level: 11 of 16 conflicts in near-identical groups (11/42 vs 5/123; Fisher OR 8.4, p = 1.5e-4)	data-supported (conflict and enrichment); inferred (cause)	kept in rmuc_core; listed in rmuc_pheno_exclusions.tsv	check species of the phenotyped cultures (e.g. ITS) for the 16; if they are the other species, the sequenced and phenotyped cultures differ	results/variant_qc/rmuc_pheno_exclusions.tsv; results/variant_qc/declone/
E1.4	TFCN_152A-5	ExRhodotorula_Phenotypes/strains.csv	phenotype_table_species_conflict	phenotype table species Rhodotorula toruloides; genotype R. mucilaginosa; in near-identical group NI001	group-level: 11 of 16 conflicts in near-identical groups (11/42 vs 5/123; Fisher OR 8.4, p = 1.5e-4)	data-supported (conflict and enrichment); inferred (cause)	kept in rmuc_core; listed in rmuc_pheno_exclusions.tsv	check species of the phenotyped cultures (e.g. ITS) for the 16; if they are the other species, the sequenced and phenotyped cultures differ	results/variant_qc/rmuc_pheno_exclusions.tsv; results/variant_qc/declone/
E1.5	TFCN_152C-5	ExRhodotorula_Phenotypes/strains.csv	phenotype_table_species_conflict	phenotype table species Rhodotorula toruloides; genotype R. mucilaginosa	group-level: 11 of 16 conflicts in near-identical groups (11/42 vs 5/123; Fisher OR 8.4, p = 1.5e-4)	data-supported (conflict and enrichment); inferred (cause)	kept in rmuc_core; listed in rmuc_pheno_exclusions.tsv	check species of the phenotyped cultures (e.g. ITS) for the 16; if they are the other species, the sequenced and phenotyped cultures differ	results/variant_qc/rmuc_pheno_exclusions.tsv; results/variant_qc/declone/
E1.6	TFCN_17-338D-3	ExRhodotorula_Phenotypes/strains.csv	phenotype_table_species_conflict	phenotype table species Rhodotorula glutinis; genotype R. mucilaginosa; in near-identical group NI002	group-level: 11 of 16 conflicts in near-identical groups (11/42 vs 5/123; Fisher OR 8.4, p = 1.5e-4)	data-supported (conflict and enrichment); inferred (cause)	kept in rmuc_core; listed in rmuc_pheno_exclusions.tsv	check species of the phenotyped cultures (e.g. ITS) for the 16; if they are the other species, the sequenced and phenotyped cultures differ	results/variant_qc/rmuc_pheno_exclusions.tsv; results/variant_qc/declone/
E1.7	TFCN_211A-3	ExRhodotorula_Phenotypes/strains.csv	phenotype_table_species_conflict	phenotype table species Rhodotorula diobovata; genotype R. mucilaginosa	group-level: 11 of 16 conflicts in near-identical groups (11/42 vs 5/123; Fisher OR 8.4, p = 1.5e-4)	data-supported (conflict and enrichment); inferred (cause)	kept in rmuc_core; listed in rmuc_pheno_exclusions.tsv	check species of the phenotyped cultures (e.g. ITS) for the 16; if they are the other species, the sequenced and phenotyped cultures differ	results/variant_qc/rmuc_pheno_exclusions.tsv; results/variant_qc/declone/
E1.8	TFCN_212C-2	ExRhodotorula_Phenotypes/strains.csv	phenotype_table_species_conflict	phenotype table species Rhodotorula diobovata; genotype R. mucilaginosa; in near-identical group NI004	group-level: 11 of 16 conflicts in near-identical groups (11/42 vs 5/123; Fisher OR 8.4, p = 1.5e-4)	data-supported (conflict and enrichment); inferred (cause)	kept in rmuc_core; listed in rmuc_pheno_exclusions.tsv	check species of the phenotyped cultures (e.g. ITS) for the 16; if they are the other species, the sequenced and phenotyped cultures differ	results/variant_qc/rmuc_pheno_exclusions.tsv; results/variant_qc/declone/
E1.9	TFCN_213-6-2	ExRhodotorula_Phenotypes/strains.csv	phenotype_table_species_conflict	phenotype table species Rhodotorula sphaerocarpa; genotype R. mucilaginosa; in near-identical group NI004	group-level: 11 of 16 conflicts in near-identical groups (11/42 vs 5/123; Fisher OR 8.4, p = 1.5e-4)	data-supported (conflict and enrichment); inferred (cause)	kept in rmuc_core; listed in rmuc_pheno_exclusions.tsv	check species of the phenotyped cultures (e.g. ITS) for the 16; if they are the other species, the sequenced and phenotyped cultures differ	results/variant_qc/rmuc_pheno_exclusions.tsv; results/variant_qc/declone/
E1.10	TFCN_213-6-4	ExRhodotorula_Phenotypes/strains.csv	phenotype_table_species_conflict	phenotype table species Rhodotorula sphaerocarpa; genotype R. mucilaginosa; in near-identical group NI004	group-level: 11 of 16 conflicts in near-identical groups (11/42 vs 5/123; Fisher OR 8.4, p = 1.5e-4)	data-supported (conflict and enrichment); inferred (cause)	kept in rmuc_core; listed in rmuc_pheno_exclusions.tsv	check species of the phenotyped cultures (e.g. ITS) for the 16; if they are the other species, the sequenced and phenotyped cultures differ	results/variant_qc/rmuc_pheno_exclusions.tsv; results/variant_qc/declone/
E1.11	TFCN_25-0-2E333-7	ExRhodotorula_Phenotypes/strains.csv	phenotype_table_species_conflict	phenotype table species Rhodotorula graminis; genotype R. mucilaginosa; in near-identical group NI002	group-level: 11 of 16 conflicts in near-identical groups (11/42 vs 5/123; Fisher OR 8.4, p = 1.5e-4)	data-supported (conflict and enrichment); inferred (cause)	kept in rmuc_core; listed in rmuc_pheno_exclusions.tsv	check species of the phenotyped cultures (e.g. ITS) for the 16; if they are the other species, the sequenced and phenotyped cultures differ	results/variant_qc/rmuc_pheno_exclusions.tsv; results/variant_qc/declone/
E1.12	TFCN_342-3	ExRhodotorula_Phenotypes/strains.csv	phenotype_table_species_conflict	phenotype table species Rhodotorula paludigena; genotype R. mucilaginosa; in near-identical group NI012	group-level: 11 of 16 conflicts in near-identical groups (11/42 vs 5/123; Fisher OR 8.4, p = 1.5e-4)	data-supported (conflict and enrichment); inferred (cause)	kept in rmuc_core; listed in rmuc_pheno_exclusions.tsv	check species of the phenotyped cultures (e.g. ITS) for the 16; if they are the other species, the sequenced and phenotyped cultures differ	results/variant_qc/rmuc_pheno_exclusions.tsv; results/variant_qc/declone/
E1.13	TFCN_363-1-2	ExRhodotorula_Phenotypes/strains.csv	phenotype_table_species_conflict	phenotype table species Rhodotorula taiwanensis; genotype R. mucilaginosa	group-level: 11 of 16 conflicts in near-identical groups (11/42 vs 5/123; Fisher OR 8.4, p = 1.5e-4); reads: sourmash R. mucilaginosa 1.000, not R. taiwanensis	data-supported (conflict and enrichment); inferred (cause)	kept in rmuc_core; listed in rmuc_pheno_exclusions.tsv	check species of the phenotyped cultures (e.g. ITS) for the 16; if they are the other species, the sequenced and phenotyped cultures differ	results/variant_qc/rmuc_pheno_exclusions.tsv; results/variant_qc/declone/
E1.14	TFCN_54D-2	ExRhodotorula_Phenotypes/strains.csv	phenotype_table_species_conflict	phenotype table species Rhodotorula sphaerocarpa; genotype R. mucilaginosa; in near-identical group NI007	group-level: 11 of 16 conflicts in near-identical groups (11/42 vs 5/123; Fisher OR 8.4, p = 1.5e-4)	data-supported (conflict and enrichment); inferred (cause)	kept in rmuc_core; listed in rmuc_pheno_exclusions.tsv	check species of the phenotyped cultures (e.g. ITS) for the 16; if they are the other species, the sequenced and phenotyped cultures differ	results/variant_qc/rmuc_pheno_exclusions.tsv; results/variant_qc/declone/
E1.15	TFCN_86A-12	ExRhodotorula_Phenotypes/strains.csv	phenotype_table_species_conflict	phenotype table species Rhodotorula sphaerocarpa; genotype R. mucilaginosa; in near-identical group NI004	group-level: 11 of 16 conflicts in near-identical groups (11/42 vs 5/123; Fisher OR 8.4, p = 1.5e-4)	data-supported (conflict and enrichment); inferred (cause)	kept in rmuc_core; listed in rmuc_pheno_exclusions.tsv	check species of the phenotyped cultures (e.g. ITS) for the 16; if they are the other species, the sequenced and phenotyped cultures differ	results/variant_qc/rmuc_pheno_exclusions.tsv; results/variant_qc/declone/
E1.16	TFCN_86A-3	ExRhodotorula_Phenotypes/strains.csv	phenotype_table_species_conflict	phenotype table species Rhodotorula sphaerocarpa; genotype R. mucilaginosa; in near-identical group NI008	group-level: 11 of 16 conflicts in near-identical groups (11/42 vs 5/123; Fisher OR 8.4, p = 1.5e-4)	data-supported (conflict and enrichment); inferred (cause)	kept in rmuc_core; listed in rmuc_pheno_exclusions.tsv	check species of the phenotyped cultures (e.g. ITS) for the 16; if they are the other species, the sequenced and phenotyped cultures differ	results/variant_qc/rmuc_pheno_exclusions.tsv; results/variant_qc/declone/
E2.1	CHIFNET_14NJ214	StrainDB master list	db_species_wrong	StrainDB says R. mucilaginosa; genotype and metadata.txt say R. frigidialcoholis	genotype species from callset; sourmash	data-supported	fix proposed (Fix A), not applied	apply Fix A in StrainDB import	docs/straindb_fixes_proposal_2026-10-04.md
E2.2	DBVPG_6660	StrainDB master list	db_species_wrong	StrainDB says R. mucilaginosa; genotype and metadata.txt say R. frigidialcoholis	genotype species from callset; sourmash	data-supported	fix proposed (Fix A), not applied	apply Fix A in StrainDB import	docs/straindb_fixes_proposal_2026-10-04.md
E2.3	EXF_13250	StrainDB master list	db_species_wrong	StrainDB says R. mucilaginosa; genotype and metadata.txt say R. frigidialcoholis	genotype species from callset; sourmash	data-supported	fix proposed (Fix A), not applied	apply Fix A in StrainDB import	docs/straindb_fixes_proposal_2026-10-04.md
E2.4	EXF_13255	StrainDB master list	db_species_wrong	StrainDB says R. mucilaginosa; genotype and metadata.txt say R. frigidialcoholis	genotype species from callset; sourmash	data-supported	fix proposed (Fix A), not applied	apply Fix A in StrainDB import	docs/straindb_fixes_proposal_2026-10-04.md
E2.5	EXF_13601	StrainDB master list	db_species_wrong	StrainDB says R. mucilaginosa; genotype and metadata.txt say R. frigidialcoholis	genotype species from callset; sourmash	data-supported	fix proposed (Fix A), not applied	apply Fix A in StrainDB import	docs/straindb_fixes_proposal_2026-10-04.md
E2.6	EXF_3629	StrainDB master list	db_species_wrong	StrainDB says R. mucilaginosa; genotype and metadata.txt say R. frigidialcoholis	genotype species from callset; sourmash	data-supported	fix proposed (Fix A), not applied	apply Fix A in StrainDB import	docs/straindb_fixes_proposal_2026-10-04.md
E2.7	EXF_3633	StrainDB master list	db_species_wrong	StrainDB says R. mucilaginosa; genotype and metadata.txt say R. frigidialcoholis	genotype species from callset; sourmash	data-supported	fix proposed (Fix A), not applied	apply Fix A in StrainDB import	docs/straindb_fixes_proposal_2026-10-04.md
E2.8	EXF_7386	StrainDB master list	db_species_wrong	StrainDB says R. mucilaginosa; genotype and metadata.txt say R. frigidialcoholis	genotype species from callset; sourmash	data-supported	fix proposed (Fix A), not applied	apply Fix A in StrainDB import	docs/straindb_fixes_proposal_2026-10-04.md
E2.9	TFCN_134A-3	StrainDB master list	db_species_wrong	StrainDB says R. mucilaginosa; genotype and metadata.txt say R. frigidialcoholis	genotype species from callset; sourmash	data-supported	fix proposed (Fix A), not applied	apply Fix A in StrainDB import	docs/straindb_fixes_proposal_2026-10-04.md
E2.10	TFCN_17-332M-1	StrainDB master list	db_species_wrong	StrainDB says R. mucilaginosa; genotype and metadata.txt say R. frigidialcoholis	genotype species from callset; sourmash	data-supported	fix proposed (Fix A), not applied	apply Fix A in StrainDB import	docs/straindb_fixes_proposal_2026-10-04.md
E2.11	TFCN_1A-14	StrainDB master list	db_species_wrong	StrainDB says R. mucilaginosa; genotype and metadata.txt say R. frigidialcoholis	genotype species from callset; sourmash	data-supported	fix proposed (Fix A), not applied	apply Fix A in StrainDB import	docs/straindb_fixes_proposal_2026-10-04.md
E2.12	TFCN_3M-1-1	StrainDB master list	db_species_wrong	StrainDB says R. mucilaginosa; genotype and metadata.txt say R. frigidialcoholis	genotype species from callset; sourmash	data-supported	fix proposed (Fix A), not applied	apply Fix A in StrainDB import	docs/straindb_fixes_proposal_2026-10-04.md
E3.1	DBVPG_4380	StrainDB master list	db_species_wrong	StrainDB says R. mucilaginosa; genotype says R. aff. mucilaginosa	genotype species from callset	data-supported	kept as R. mucilaginosa in DB for now (user decision 1)	revisit when R. aff. mucilaginosa gets a name	docs/straindb_fixes_proposal_2026-10-04.md
E3.2	DBVPG_4534	StrainDB master list	db_species_wrong	StrainDB says R. mucilaginosa; genotype says R. aff. mucilaginosa	genotype species from callset	data-supported	kept as R. mucilaginosa in DB for now (user decision 1)	revisit when R. aff. mucilaginosa gets a name	docs/straindb_fixes_proposal_2026-10-04.md
E3.3	DBVPG_8043	StrainDB master list	db_species_wrong	StrainDB says R. mucilaginosa; genotype says R. aff. mucilaginosa	genotype species from callset	data-supported	kept as R. mucilaginosa in DB for now (user decision 1)	revisit when R. aff. mucilaginosa gets a name	docs/straindb_fixes_proposal_2026-10-04.md
E3.4	EXF_5666	StrainDB master list	db_species_wrong	StrainDB says R. mucilaginosa; genotype says R. aff. mucilaginosa	genotype species from callset	data-supported	kept as R. mucilaginosa in DB for now (user decision 1)	revisit when R. aff. mucilaginosa gets a name	docs/straindb_fixes_proposal_2026-10-04.md
E3.5	TFCN_25-333Y-10	StrainDB master list	db_species_wrong	StrainDB says R. mucilaginosa; genotype says R. aff. mucilaginosa	genotype species from callset	data-supported	kept as R. mucilaginosa in DB for now (user decision 1)	revisit when R. aff. mucilaginosa gets a name	docs/straindb_fixes_proposal_2026-10-04.md
E3.6	TFCN_25-334Y-6	StrainDB master list	db_species_wrong	StrainDB says R. mucilaginosa; genotype says R. aff. mucilaginosa	genotype species from callset	data-supported	kept as R. mucilaginosa in DB for now (user decision 1)	revisit when R. aff. mucilaginosa gets a name	docs/straindb_fixes_proposal_2026-10-04.md
E3.7	TFCN_25-395P-1	StrainDB master list	db_species_wrong	StrainDB says R. mucilaginosa; genotype says R. aff. mucilaginosa	genotype species from callset	data-supported	kept as R. mucilaginosa in DB for now (user decision 1)	revisit when R. aff. mucilaginosa gets a name	docs/straindb_fixes_proposal_2026-10-04.md
E3.8	TFCN_33A-4	StrainDB master list	db_species_wrong	StrainDB says R. mucilaginosa; genotype says R. aff. mucilaginosa	genotype species from callset	data-supported	kept as R. mucilaginosa in DB for now (user decision 1)	revisit when R. aff. mucilaginosa gets a name	docs/straindb_fixes_proposal_2026-10-04.md
E4	TFCN_363-1-2	import/popgen_strain_metadata.csv	metadata_species_wrong	metadata says R. taiwanensis; reads are R. mucilaginosa	mapping 96.4 %, mismatch 0.56 %; sourmash R. mucilaginosa 1.000, too few k-mers shared with R. taiwanensis	data-supported	DB keeps R. mucilaginosa; popgen_strain_metadata.csv not yet corrected	correct popgen_strain_metadata.csv	Species_ID_db/REPORT_2026-10-04.md
F1	C2-MEA2-4	reference genome (Rhodotorula_Rodeo)	reference_genome_mislabel	labelled R. mucilaginosa; k-mer ANI places it in R. frigidialcoholis	sourmash leave-one-out (score 0.995-1.000)	data-supported	relabelled in Rodeo genomes.csv	reload Rodeo DB species table	Species_ID_db/REPORT_2026-10-04.md; Rhodotorula_Rodeo/NOTE_species_relabel_2026-10-04.md
F2	P1-MEA2-1	reference genome (Rhodotorula_Rodeo)	reference_genome_mislabel	labelled R. mucilaginosa; k-mer ANI places it in Rhodotorula sp.1	sourmash leave-one-out (score 0.995-1.000)	data-supported	relabelled in Rodeo genomes.csv	reload Rodeo DB species table	Species_ID_db/REPORT_2026-10-04.md; Rhodotorula_Rodeo/NOTE_species_relabel_2026-10-04.md
F3	P1-RM0-1	reference genome (Rhodotorula_Rodeo)	reference_genome_mislabel	labelled R. mucilaginosa; k-mer ANI places it in Rhodotorula sp.1	sourmash leave-one-out (score 0.995-1.000)	data-supported	relabelled in Rodeo genomes.csv	reload Rodeo DB species table	Species_ID_db/REPORT_2026-10-04.md; Rhodotorula_Rodeo/NOTE_species_relabel_2026-10-04.md
F4	TFCN_152C-6	reference genome (Rhodotorula_Rodeo)	reference_genome_mislabel	labelled R. toruloides; k-mer ANI places it in Rhodotorula sp.2	sourmash leave-one-out (score 0.995-1.000)	data-supported	relabelled in Rodeo genomes.csv	reload Rodeo DB species table; TFCN_152C-6 ASMID in samples.csv still says toruloides	Species_ID_db/REPORT_2026-10-04.md; Rhodotorula_Rodeo/NOTE_species_relabel_2026-10-04.md
F5	public Rhodotorula_mucilaginosa.fasta	Public_genomes/Rhodotorula_mucilaginosa.fasta	reference_genome_mislabel	labelled R. mucilaginosa; k-mer ANI places it in R. aff. mucilaginosa	sourmash leave-one-out (score 0.995-1.000)	data-supported	relabelled in Species_ID_db inventory only	reload Rodeo DB species table	Species_ID_db/REPORT_2026-10-04.md; Rhodotorula_Rodeo/NOTE_species_relabel_2026-10-04.md
G1	TFCN_25-0-2E333-9	9003_002, 9003_028 (labelled TFCN_BY120-C1 / -C7)	plate_position_as_name	BY120-C1/C7 are plate positions, not strain IDs	user confirmed; StrainDB summary row; libraries 0.00009 apart and inside the strain's clone group	data-supported	merged into TFCN_25-0-2E333-9	add aliases with note (Fix C, manual_aliases.csv)	docs/sample_id_fixes_2026-10-03.md
G2	DBVPG_5227	CCFEE_5036 libraries	same_isolate_two_ids	CCFEE 5036 and DBVPG 5227 are the same isolate	DBVPG catalogue other collection numbers; genetic distance 7e-5	data-supported	merged into DBVPG_5227	Fix D in StrainDB	docs/sample_id_fixes_2026-10-03.md
G3	TFCN_186CL-2	9003_016	name_typo	SeqCoast sheet has 186CL④-2	user	data-supported	renamed in project files; SeqCoast sheet unchanged	-	docs/sample_id_fixes_2026-10-03.md
G4	TFCN_7-6-3	alt ID 7-6-2003	spreadsheet_date_artifact	alt ID looks like a date conversion of 7-6-3 (same form as 7-9-2002 / 7-9-2003)	pattern only	inferred	kept as alias with artifact note (proposed)	-	docs/straindb_fixes_proposal_2026-10-04.md
G5	11 TFCN strains	Strain Metadata csv	leading_zero_ids	IDs such as 0209-6-1 carry a leading zero	file comparison	data-supported	not changed	normalise IDs on import	docs/straindb_fixes_proposal_2026-10-04.md
H1	DBVPG_6094	9003_011 (only usable library)	unverified_identity	original libraries gave no usable reads; genotype rests on the 9003 library alone	original runs noted Too Low; 0 sites	unresolved	kept; genotype from 9003 library	lab tube check	docs/sample_id_fixes_2026-10-03.md
H2	single-library 9003 strains	9003 batch	unverified_identity	no second library to cross-check: TFCN_1A-1-5, TFCN_2M-1-3, TFCN_86C-3, TFCN_25-332M-2, TFCN_17-333M-1, TFCN_186CL-2, EXF_10854, EXF_17335 and the 8 non-R. mucilaginosa strains	5 of the 11 strains in this batch with a usable second library had a mismatched 9003 library (DBVPG_3239, 3445, 3446, 3538, 4379, 4952, 6649, TFCN_102D-1, 25-0-2E333-9, 25-332D-2, 270H-1)	unresolved	kept as labelled	treat as provisional; check tubes	results/variant_qc/library_identity_2026-10-03.tsv
