strain	vcf_sample	species	override_ploidy	called_ploidy	frac_lowq_gt	frac_gq_lt20	frac_dp_lt5	frac_nonref	het_rate	het_AB_extreme	hap_alt_mixed_reads	hap_alt_calls	decision	reasons
TFCN_137D-4	TFCN_137D-4_TFCN_137D-4	R. mucilaginosa	haploid	1	0.862	0.002	0.862	0.000	0.000	0.000	0.195	847	drop	low_coverage
TFCN_17-333D-2	TFCN_17-333D-2_TFCN_17-333D-2	R. mucilaginosa	haploid	1	0.530	0.002	0.530	0.000	0.000	0.000	0.066	824	drop	low_coverage
TFCN_25-0-2E332-1	TFCN_25-0-2E332-1_TFCN_25-0-2E332-1	R. mucilaginosa	haploid	1	0.563	0.003	0.563	0.000	0.000	0.000	0.073	711	drop	low_coverage
TFCN_25-337M-3	TFCN_25-337M-3_TFCN_25-337M-3	R. mucilaginosa	haploid	1	0.830	0.002	0.830	0.000	0.000	0.000	0.142	768	drop	low_coverage
TFCN_363-1-2	TFCN_363-1-2_TFCN_363-1-2	R. mucilaginosa	haploid	1	0.557	0.004	0.557	0.013	0.000	0.000	0.005	67743	drop	low_coverage
TFCN_89D-3	TFCN_89D-3_TFCN_89D-3	R. mucilaginosa	haploid	1	0.546	0.004	0.546	0.013	0.000	0.000	0.005	67998	drop	low_coverage
EXF_10854	EXF_10854_EXF_10854	NA	haploid	1	0.126	0.126	0.084	0.258	0.000	0.000	0.002	1318159	drop	no_metadata
EXF_17335	EXF_17335_EXF_17335	NA	haploid	1	0.114	0.114	0.066	0.261	0.000	0.000	0.005	1331666	drop	no_metadata
NRRL_Y-2510	NRRL_Y-2510_NRRL_Y-2510	NA	haploid	1	0.024	0.013	0.024	0.042	0.000	0.000	0.004	214980	drop	no_metadata
TFCN_17-333M-1	TFCN_17-333M-1_TFCN_17-333M-1	NA	diploid	2	0.120	0.120	0.009	0.271	0.253	0.076	0.000	0	drop	no_metadata
TFCN_186CL-2	TFCN_186CL-2_TFCN_186CL-2	NA	diploid	2	0.116	0.116	0.011	0.284	0.256	0.073	0.000	0	drop	no_metadata
EXF_10533	EXF_10533_EXF_10533	NA	haploid	1	0.862	0.862	0.855	0.039	0.000	0.000	0.004	198059	drop	no_metadata,low_coverage
EXF_10630	EXF_10630_EXF_10630	NA	diploid	2	0.935	0.935	0.832	0.039	0.001	0.328	0.000	0	drop	no_metadata,low_coverage
EXF_12265	EXF_12265_EXF_12265	NA	diploid	2	0.935	0.935	0.836	0.039	0.001	0.373	0.000	0	drop	no_metadata,low_coverage
EXF_13500	EXF_13500_EXF_13500	NA	haploid	1	0.590	0.590	0.507	0.150	0.000	0.000	0.002	765882	drop	no_metadata,low_coverage
EXF_14606	EXF_14606_EXF_14606	NA	diploid	2	0.945	0.945	0.840	0.038	0.008	0.097	0.000	0	drop	no_metadata,low_coverage
TFCN_152A-3	TFCN_152A-3_TFCN_152A-3	NA	diploid	2	0.952	0.952	0.898	0.039	0.000	0.301	0.000	0	drop	no_metadata,low_coverage
TFCN_211C-2	TFCN_211C-2_TFCN_211C-2	NA	diploid	2	0.936	0.936	0.838	0.039	0.001	0.383	0.000	0	drop	no_metadata,low_coverage
TFCN_7-6-3	TFCN_7-6-3_TFCN_7-6-3	NA	diploid	2	0.933	0.933	0.846	0.042	0.002	0.156	0.000	0	drop	no_metadata,low_coverage
TFCN_86A-5	TFCN_86A-5_TFCN_86A-5	NA	haploid	1	0.778	0.778	0.721	0.077	0.000	0.000	0.003	391783	drop	no_metadata,low_coverage
TFCN_1A-1-5	TFCN_1A-1-5_TFCN_1A-1-5	NA	diploid	2	0.004	0.004	0.003	0.000	0.000	0.440	0.000	0	drop	no_metadata,no_het_diploid
TFCN_25-332M-2	TFCN_25-332M-2_TFCN_25-332M-2	NA	diploid	2	0.004	0.004	0.003	0.000	0.000	0.386	0.000	0	drop	no_metadata,no_het_diploid
TFCN_2M-1-3	TFCN_2M-1-3_TFCN_2M-1-3	NA	diploid	2	0.009	0.009	0.005	0.014	0.001	0.407	0.000	0	drop	no_metadata,no_het_diploid
TFCN_86C-3	TFCN_86C-3_TFCN_86C-3	NA	diploid	2	0.005	0.005	0.003	0.000	0.000	0.401	0.000	0	drop	no_metadata,no_het_diploid
TFCN_BY120-C1	TFCN_BY120-C1_TFCN_BY120-C1	NA	diploid	2	0.009	0.009	0.005	0.014	0.001	0.355	0.000	0	drop	no_metadata,no_het_diploid
TFCN_BY120-C7	TFCN_BY120-C7_TFCN_BY120-C7	NA	diploid	2	0.010	0.010	0.005	0.014	0.000	0.354	0.000	0	drop	no_metadata,no_het_diploid
EXF_5668	EXF_5668_EXF_5668	NA	diploid	2	0.203	0.203	0.058	0.388	0.235	0.450	0.000	0	drop	no_metadata,ploidy_skewed
CHIFNET_14NJ214	CHIFNET_14NJ214_CHIFNET_14NJ214	R. frigidialcoholis	diploid	2	0.112	0.112	0.010	0.273	0.250	0.058	0.000	0	drop	other_species
DBVPG_4380	DBVPG_4380_DBVPG_4380	R. aff. mucilaginosa	diploid	2	0.267	0.267	0.103	0.341	0.152	0.095	0.000	0	drop	other_species
DBVPG_4534	DBVPG_4534_DBVPG_4534	R. aff. mucilaginosa	haploid	1	0.167	0.167	0.079	0.268	0.000	0.000	0.003	1371203	drop	other_species
DBVPG_6660	DBVPG_6660_DBVPG_6660	R. frigidialcoholis	haploid	1	0.111	0.111	0.052	0.261	0.000	0.000	0.004	1333815	drop	other_species
DBVPG_8043	DBVPG_8043_DBVPG_8043	R. aff. mucilaginosa	haploid	1	0.169	0.169	0.081	0.267	0.000	0.000	0.002	1363251	drop	other_species
EXF_13250	EXF_13250_EXF_13250	R. frigidialcoholis	haploid	1	0.112	0.112	0.057	0.260	0.000	0.000	0.004	1330212	drop	other_species
EXF_13255	EXF_13255_EXF_13255	R. frigidialcoholis	haploid	1	0.111	0.111	0.055	0.261	0.000	0.000	0.004	1332970	drop	other_species
EXF_13601	EXF_13601_EXF_13601	R. frigidialcoholis	haploid	1	0.110	0.110	0.054	0.261	0.000	0.000	0.004	1333349	drop	other_species
EXF_3629	EXF_3629_EXF_3629	R. frigidialcoholis	haploid	1	0.107	0.107	0.052	0.261	0.000	0.000	0.005	1334690	drop	other_species
EXF_3633	EXF_3633_EXF_3633	R. frigidialcoholis	haploid	1	0.110	0.110	0.052	0.261	0.000	0.000	0.004	1333768	drop	other_species
EXF_5666	EXF_5666_EXF_5666	R. aff. mucilaginosa	haploid	1	0.166	0.166	0.083	0.267	0.000	0.000	0.003	1366683	drop	other_species
EXF_7386	EXF_7386_EXF_7386	R. frigidialcoholis	haploid	1	0.111	0.111	0.054	0.261	0.000	0.000	0.004	1334410	drop	other_species
TFCN_134A-3	TFCN_134A-3_TFCN_134A-3	R. frigidialcoholis	haploid	1	0.111	0.111	0.055	0.262	0.000	0.000	0.004	1336867	drop	other_species
TFCN_17-332M-1	TFCN_17-332M-1_TFCN_17-332M-1	R. frigidialcoholis	haploid	1	0.117	0.117	0.069	0.259	0.000	0.000	0.005	1322805	drop	other_species
TFCN_1A-14	TFCN_1A-14_TFCN_1A-14	R. frigidialcoholis	haploid	1	0.111	0.111	0.045	0.260	0.000	0.000	0.005	1329609	drop	other_species
TFCN_25-333Y-10	TFCN_25-333Y-10_TFCN_25-333Y-10	R. aff. mucilaginosa	haploid	1	0.172	0.172	0.096	0.267	0.000	0.000	0.003	1361972	drop	other_species
TFCN_25-334Y-6	TFCN_25-334Y-6_TFCN_25-334Y-6	R. aff. mucilaginosa	haploid	1	0.173	0.173	0.066	0.259	0.000	0.000	0.004	1322271	drop	other_species
TFCN_25-395P-1	TFCN_25-395P-1_TFCN_25-395P-1	R. aff. mucilaginosa	haploid	1	0.168	0.168	0.072	0.267	0.000	0.000	0.003	1362636	drop	other_species
TFCN_33A-4	TFCN_33A-4_TFCN_33A-4	R. aff. mucilaginosa	haploid	1	0.143	0.143	0.066	0.269	0.000	0.000	0.007	1372525	drop	other_species
TFCN_3M-1-1	TFCN_3M-1-1_TFCN_3M-1-1	R. frigidialcoholis	diploid	2	0.128	0.128	0.006	0.265	0.214	0.784	0.000	0	drop	other_species,ploidy_skewed
EXF_12768	EXF_12768_EXF_12768	R. mucilaginosa	haploid	1	0.049	0.002	0.049	0.001	0.000	0.000	0.912	5956	drop	ploidy_mixed
EXF_7934	EXF_7934_EXF_7934	R. mucilaginosa	haploid	1	0.169	0.000	0.169	0.000	0.000	0.000	0.468	502	drop	ploidy_mixed
EXF_8891	EXF_8891_EXF_8891	R. mucilaginosa	haploid	1	0.117	0.001	0.117	0.000	0.000	0.000	0.312	776	drop	ploidy_mixed
EXF_9051	EXF_9051_EXF_9051	R. mucilaginosa	haploid	1	0.137	0.001	0.137	0.000	0.000	0.000	0.323	588	drop	ploidy_mixed
DBVPG_3445	DBVPG_3445_DBVPG_3445	R. mucilaginosa	diploid	2	0.079	0.079	0.003	0.210	0.205	0.691	0.000	0	drop	ploidy_skewed
CCFEE_5036	CCFEE_5036_CCFEE_5036	R. mucilaginosa	haploid	1	0.030	0.008	0.030	0.025	0.000	0.000	0.004	128934	keep	-
CHIFNET_12H1194	CHIFNET_12H1194_CHIFNET_12H1194	R. mucilaginosa	haploid	1	0.117	0.012	0.117	0.045	0.000	0.000	0.006	227698	keep	-
DBVPG_10619	DBVPG_10619_DBVPG_10619	R. mucilaginosa	haploid	1	0.031	0.004	0.031	0.013	0.000	0.000	0.005	68765	keep	-
DBVPG_10656	DBVPG_10656_DBVPG_10656	R. mucilaginosa	haploid	1	0.023	0.010	0.023	0.031	0.000	0.000	0.004	158315	keep	-
DBVPG_10780	DBVPG_10780_DBVPG_10780	R. mucilaginosa	haploid	1	0.044	0.004	0.044	0.013	0.000	0.000	0.005	68136	keep	-
DBVPG_10842	DBVPG_10842_DBVPG_10842	R. mucilaginosa	haploid	1	0.030	0.007	0.030	0.024	0.000	0.000	0.004	123097	keep	-
DBVPG_10882	DBVPG_10882_DBVPG_10882	R. mucilaginosa	haploid	1	0.025	0.009	0.025	0.025	0.000	0.000	0.004	128505	keep	-
DBVPG_10886	DBVPG_10886_DBVPG_10886	R. mucilaginosa	haploid	1	0.131	0.001	0.131	0.000	0.000	0.000	0.122	673	keep	-
DBVPG_10937	DBVPG_10937_DBVPG_10937	R. mucilaginosa	haploid	1	0.025	0.008	0.025	0.031	0.000	0.000	0.004	160296	keep	-
DBVPG_3044	DBVPG_3044_DBVPG_3044	R. mucilaginosa	haploid	1	0.016	0.012	0.016	0.044	0.000	0.000	0.005	223617	keep	-
DBVPG_3045	DBVPG_3045_DBVPG_3045	R. mucilaginosa	diploid	2	0.108	0.108	0.007	0.261	0.239	0.067	0.000	0	keep	-
DBVPG_3090	DBVPG_3090_DBVPG_3090	R. mucilaginosa	haploid	1	0.014	0.013	0.014	0.044	0.000	0.000	0.004	223347	keep	-
DBVPG_3235	DBVPG_3235_DBVPG_3235	R. mucilaginosa	haploid	1	0.018	0.012	0.018	0.044	0.000	0.000	0.004	223340	keep	-
DBVPG_3236	DBVPG_3236_DBVPG_3236	R. mucilaginosa	haploid	1	0.017	0.012	0.017	0.044	0.000	0.000	0.005	223192	keep	-
DBVPG_3237	DBVPG_3237_DBVPG_3237	R. mucilaginosa	haploid	1	0.022	0.009	0.022	0.032	0.000	0.000	0.004	165748	keep	-
DBVPG_3238	DBVPG_3238_DBVPG_3238	R. mucilaginosa	haploid	1	0.048	0.004	0.048	0.013	0.000	0.000	0.005	67829	keep	-
DBVPG_3381	DBVPG_3381_DBVPG_3381	R. mucilaginosa	haploid	1	0.012	0.009	0.012	0.032	0.000	0.000	0.004	166136	keep	-
DBVPG_3382	DBVPG_3382_DBVPG_3382	R. mucilaginosa	haploid	1	0.015	0.009	0.015	0.032	0.000	0.000	0.004	166037	keep	-
DBVPG_3383	DBVPG_3383_DBVPG_3383	R. mucilaginosa	haploid	1	0.021	0.009	0.021	0.032	0.000	0.000	0.004	165909	keep	-
DBVPG_3384	DBVPG_3384_DBVPG_3384	R. mucilaginosa	haploid	1	0.018	0.009	0.018	0.032	0.000	0.000	0.004	165676	keep	-
DBVPG_3442	DBVPG_3442_DBVPG_3442	R. mucilaginosa	haploid	1	0.022	0.010	0.022	0.031	0.000	0.000	0.003	157775	keep	-
DBVPG_3443	DBVPG_3443_DBVPG_3443	R. mucilaginosa	haploid	1	0.023	0.010	0.023	0.031	0.000	0.000	0.004	158060	keep	-
DBVPG_3444	DBVPG_3444_DBVPG_3444	R. mucilaginosa	diploid	2	0.111	0.111	0.008	0.273	0.251	0.070	0.000	0	keep	-
DBVPG_3446	DBVPG_3446_DBVPG_3446	R. mucilaginosa	diploid	2	0.120	0.120	0.015	0.272	0.231	0.074	0.000	0	keep	-
DBVPG_3538	DBVPG_3538_DBVPG_3538	R. mucilaginosa	diploid	2	0.123	0.123	0.007	0.282	0.264	0.042	0.000	0	keep	-
DBVPG_3774	DBVPG_3774_DBVPG_3774	R. mucilaginosa	haploid	1	0.018	0.009	0.018	0.033	0.000	0.000	0.004	166185	keep	-
DBVPG_3775	DBVPG_3775_DBVPG_3775	R. mucilaginosa	haploid	1	0.015	0.010	0.015	0.031	0.000	0.000	0.004	157537	keep	-
DBVPG_3776	DBVPG_3776_DBVPG_3776	R. mucilaginosa	haploid	1	0.022	0.010	0.022	0.031	0.000	0.000	0.005	158294	keep	-
DBVPG_3777	DBVPG_3777_DBVPG_3777	R. mucilaginosa	haploid	1	0.018	0.010	0.018	0.031	0.000	0.000	0.004	158052	keep	-
DBVPG_3778	DBVPG_3778_DBVPG_3778	R. mucilaginosa	haploid	1	0.040	0.011	0.040	0.031	0.000	0.000	0.004	157649	keep	-
DBVPG_3780	DBVPG_3780_DBVPG_3780	R. mucilaginosa	haploid	1	0.020	0.010	0.020	0.031	0.000	0.000	0.004	158424	keep	-
DBVPG_3854	DBVPG_3854_DBVPG_3854	R. mucilaginosa	diploid	2	0.093	0.093	0.008	0.263	0.236	0.068	0.000	0	keep	-
DBVPG_3855	DBVPG_3855_DBVPG_3855	R. mucilaginosa	diploid	2	0.067	0.067	0.004	0.247	0.231	0.135	0.000	0	keep	-
DBVPG_3856	DBVPG_3856_DBVPG_3856	R. mucilaginosa	diploid	2	0.092	0.092	0.005	0.263	0.248	0.066	0.000	0	keep	-
DBVPG_3857	DBVPG_3857_DBVPG_3857	R. mucilaginosa	diploid	2	0.092	0.092	0.005	0.263	0.248	0.066	0.000	0	keep	-
DBVPG_3858	DBVPG_3858_DBVPG_3858	R. mucilaginosa	haploid	1	0.018	0.010	0.018	0.031	0.000	0.000	0.004	157847	keep	-
DBVPG_3983	DBVPG_3983_DBVPG_3983	R. mucilaginosa	haploid	1	0.014	0.012	0.014	0.044	0.000	0.000	0.004	223383	keep	-
DBVPG_3984	DBVPG_3984_DBVPG_3984	R. mucilaginosa	haploid	1	0.014	0.012	0.014	0.044	0.000	0.000	0.004	223403	keep	-
DBVPG_4201	DBVPG_4201_DBVPG_4201	R. mucilaginosa	haploid	1	0.129	0.001	0.129	0.000	0.000	0.000	0.130	523	keep	-
DBVPG_4202	DBVPG_4202_DBVPG_4202	R. mucilaginosa	haploid	1	0.170	0.002	0.170	0.000	0.000	0.000	0.123	513	keep	-
DBVPG_4203	DBVPG_4203_DBVPG_4203	R. mucilaginosa	haploid	1	0.129	0.002	0.129	0.000	0.000	0.000	0.156	557	keep	-
DBVPG_4304	DBVPG_4304_DBVPG_4304	R. mucilaginosa	haploid	1	0.076	0.002	0.076	0.000	0.000	0.000	0.097	762	keep	-
DBVPG_4376	DBVPG_4376_DBVPG_4376	R. mucilaginosa	haploid	1	0.019	0.013	0.019	0.042	0.000	0.000	0.003	214331	keep	-
DBVPG_4377	DBVPG_4377_DBVPG_4377	R. mucilaginosa	haploid	1	0.030	0.009	0.030	0.034	0.000	0.000	0.007	173465	keep	-
DBVPG_4378	DBVPG_4378_DBVPG_4378	R. mucilaginosa	haploid	1	0.018	0.009	0.018	0.025	0.000	0.000	0.004	127736	keep	-
DBVPG_4379	DBVPG_4379_DBVPG_4379	R. mucilaginosa	diploid	2	0.094	0.094	0.004	0.264	0.256	0.212	0.000	0	keep	-
DBVPG_4408	DBVPG_4408_DBVPG_4408	R. mucilaginosa	haploid	1	0.026	0.013	0.026	0.042	0.000	0.000	0.003	214634	keep	-
DBVPG_4466	DBVPG_4466_DBVPG_4466	R. mucilaginosa	haploid	1	0.100	0.002	0.100	0.000	0.000	0.000	0.158	710	keep	-
DBVPG_4618	DBVPG_4618_DBVPG_4618	R. mucilaginosa	haploid	1	0.016	0.008	0.016	0.034	0.000	0.000	0.004	171759	keep	-
DBVPG_4669	DBVPG_4669_DBVPG_4669	R. mucilaginosa	haploid	1	0.044	0.004	0.044	0.013	0.000	0.000	0.005	67971	keep	-
DBVPG_4920	DBVPG_4920_DBVPG_4920	R. mucilaginosa	haploid	1	0.045	0.010	0.045	0.031	0.000	0.000	0.004	157790	keep	-
DBVPG_4945	DBVPG_4945_DBVPG_4945	R. mucilaginosa	haploid	1	0.383	0.007	0.383	0.024	0.000	0.000	0.004	122994	keep	-
DBVPG_4946	DBVPG_4946_DBVPG_4946	R. mucilaginosa	haploid	1	0.025	0.010	0.025	0.031	0.000	0.000	0.004	158130	keep	-
DBVPG_4947	DBVPG_4947_DBVPG_4947	R. mucilaginosa	haploid	1	0.074	0.007	0.074	0.024	0.000	0.000	0.004	123259	keep	-
DBVPG_4949	DBVPG_4949_DBVPG_4949	R. mucilaginosa	haploid	1	0.042	0.003	0.042	0.013	0.000	0.000	0.005	68112	keep	-
DBVPG_4950	DBVPG_4950_DBVPG_4950	R. mucilaginosa	haploid	1	0.042	0.003	0.042	0.013	0.000	0.000	0.005	68123	keep	-
DBVPG_4952	DBVPG_4952_DBVPG_4952	R. mucilaginosa	diploid	2	0.092	0.092	0.006	0.353	0.334	0.105	0.000	0	keep	-
DBVPG_4956	DBVPG_4956_DBVPG_4956	R. mucilaginosa	haploid	1	0.054	0.004	0.054	0.013	0.000	0.000	0.005	67969	keep	-
DBVPG_4957	DBVPG_4957_DBVPG_4957	R. mucilaginosa	haploid	1	0.058	0.004	0.058	0.013	0.000	0.000	0.005	68027	keep	-
DBVPG_4958	DBVPG_4958_DBVPG_4958	R. mucilaginosa	haploid	1	0.017	0.008	0.017	0.031	0.000	0.000	0.004	160059	keep	-
DBVPG_4962	DBVPG_4962_DBVPG_4962	R. mucilaginosa	haploid	1	0.029	0.010	0.029	0.031	0.000	0.000	0.004	158232	keep	-
DBVPG_4963	DBVPG_4963_DBVPG_4963	R. mucilaginosa	haploid	1	0.024	0.010	0.024	0.031	0.000	0.000	0.004	157942	keep	-
DBVPG_4964	DBVPG_4964_DBVPG_4964	R. mucilaginosa	haploid	1	0.060	0.004	0.060	0.013	0.000	0.000	0.005	68084	keep	-
DBVPG_5225	DBVPG_5225_DBVPG_5225	R. mucilaginosa	haploid	1	0.027	0.009	0.027	0.025	0.000	0.000	0.004	128619	keep	-
DBVPG_5226	DBVPG_5226_DBVPG_5226	R. mucilaginosa	haploid	1	0.021	0.008	0.021	0.025	0.000	0.000	0.004	128975	keep	-
DBVPG_5227	DBVPG_5227_DBVPG_5227	R. mucilaginosa	haploid	1	0.028	0.008	0.028	0.025	0.000	0.000	0.004	128749	keep	-
DBVPG_5228	DBVPG_5228_DBVPG_5228	R. mucilaginosa	haploid	1	0.028	0.008	0.028	0.025	0.000	0.000	0.004	128845	keep	-
DBVPG_5229	DBVPG_5229_DBVPG_5229	R. mucilaginosa	haploid	1	0.024	0.008	0.024	0.025	0.000	0.000	0.004	128817	keep	-
DBVPG_5235	DBVPG_5235_DBVPG_5235	R. mucilaginosa	haploid	1	0.026	0.008	0.026	0.025	0.000	0.000	0.004	128759	keep	-
DBVPG_5236	DBVPG_5236_DBVPG_5236	R. mucilaginosa	haploid	1	0.172	0.001	0.172	0.000	0.000	0.000	0.123	454	keep	-
DBVPG_5757	DBVPG_5757_DBVPG_5757	R. mucilaginosa	haploid	1	0.020	0.012	0.020	0.042	0.000	0.000	0.004	214952	keep	-
DBVPG_5758	DBVPG_5758_DBVPG_5758	R. mucilaginosa	haploid	1	0.019	0.012	0.019	0.042	0.000	0.000	0.004	214936	keep	-
DBVPG_5759	DBVPG_5759_DBVPG_5759	R. mucilaginosa	haploid	1	0.022	0.012	0.022	0.042	0.000	0.000	0.003	214481	keep	-
DBVPG_6091	DBVPG_6091_DBVPG_6091	R. mucilaginosa	haploid	1	0.032	0.010	0.032	0.031	0.000	0.000	0.003	158626	keep	-
DBVPG_6092	DBVPG_6092_DBVPG_6092	R. mucilaginosa	haploid	1	0.027	0.011	0.027	0.031	0.000	0.000	0.004	158371	keep	-
DBVPG_6093	DBVPG_6093_DBVPG_6093	R. mucilaginosa	haploid	1	0.041	0.004	0.041	0.013	0.000	0.000	0.005	68354	keep	-
DBVPG_6593	DBVPG_6593_DBVPG_6593	R. mucilaginosa	haploid	1	0.024	0.010	0.024	0.031	0.000	0.000	0.004	158430	keep	-
DBVPG_6649	DBVPG_6649_DBVPG_6649	R. mucilaginosa	diploid	2	0.111	0.111	0.001	0.346	0.346	0.189	0.000	0	keep	-
DBVPG_6741	DBVPG_6741_DBVPG_6741	R. mucilaginosa	haploid	1	0.122	0.002	0.122	0.000	0.000	0.000	0.064	779	keep	-
DBVPG_6742	DBVPG_6742_DBVPG_6742	R. mucilaginosa	haploid	1	0.098	0.002	0.098	0.000	0.000	0.000	0.106	753	keep	-
DBVPG_6743	DBVPG_6743_DBVPG_6743	R. mucilaginosa	haploid	1	0.026	0.010	0.026	0.031	0.000	0.000	0.004	157888	keep	-
DBVPG_6803	DBVPG_6803_DBVPG_6803	R. mucilaginosa	haploid	1	0.120	0.002	0.120	0.000	0.000	0.000	0.140	672	keep	-
DBVPG_7019	DBVPG_7019_DBVPG_7019	R. mucilaginosa	haploid	1	0.090	0.001	0.090	0.000	0.000	0.000	0.098	819	keep	-
EXF_12281	EXF_12281_EXF_12281	R. mucilaginosa	haploid	1	0.017	0.012	0.017	0.042	0.000	0.000	0.004	215408	keep	-
EXF_13260	EXF_13260_EXF_13260	R. mucilaginosa	haploid	1	0.128	0.002	0.128	0.000	0.000	0.000	0.121	655	keep	-
EXF_13261	EXF_13261_EXF_13261	R. mucilaginosa	haploid	1	0.093	0.001	0.093	0.000	0.000	0.000	0.124	643	keep	-
EXF_13599	EXF_13599_EXF_13599	R. mucilaginosa	haploid	1	0.019	0.012	0.019	0.042	0.000	0.000	0.004	215448	keep	-
EXF_13600	EXF_13600_EXF_13600	R. mucilaginosa	haploid	1	0.173	0.002	0.173	0.000	0.000	0.000	0.166	499	keep	-
EXF_13602	EXF_13602_EXF_13602	R. mucilaginosa	haploid	1	0.101	0.002	0.101	0.000	0.000	0.000	0.095	698	keep	-
EXF_13604	EXF_13604_EXF_13604	R. mucilaginosa	haploid	1	0.024	0.008	0.024	0.025	0.000	0.000	0.004	128475	keep	-
EXF_1510	EXF_1510_EXF_1510	R. mucilaginosa	haploid	1	0.036	0.008	0.036	0.027	0.000	0.000	0.004	135988	keep	-
EXF_1565	EXF_1565_EXF_1565	R. mucilaginosa	haploid	1	0.108	0.001	0.108	0.000	0.000	0.000	0.134	621	keep	-
EXF_1585	EXF_1585_EXF_1585	R. mucilaginosa	haploid	1	0.170	0.001	0.170	0.000	0.000	0.000	0.156	430	keep	-
EXF_1676	EXF_1676_EXF_1676	R. mucilaginosa	haploid	1	0.103	0.001	0.103	0.000	0.000	0.000	0.124	711	keep	-
EXF_1686	EXF_1686_EXF_1686	R. mucilaginosa	haploid	1	0.138	0.000	0.138	0.000	0.000	0.000	0.091	552	keep	-
EXF_1695	EXF_1695_EXF_1695	R. mucilaginosa	haploid	1	0.015	0.005	0.015	0.042	0.000	0.000	0.062	213689	keep	-
EXF_1704	EXF_1704_EXF_1704	R. mucilaginosa	haploid	1	0.017	0.008	0.017	0.037	0.000	0.000	0.005	191423	keep	-
EXF_2251	EXF_2251_EXF_2251	R. mucilaginosa	haploid	1	0.186	0.000	0.186	0.000	0.000	0.000	0.153	451	keep	-
EXF_3417	EXF_3417_EXF_3417	R. mucilaginosa	haploid	1	0.127	0.000	0.127	0.000	0.000	0.000	0.165	485	keep	-
EXF_3530	EXF_3530_EXF_3530	R. mucilaginosa	haploid	1	0.120	0.002	0.120	0.000	0.000	0.000	0.082	852	keep	-
EXF_3538	EXF_3538_EXF_3538	R. mucilaginosa	haploid	1	0.018	0.010	0.018	0.038	0.000	0.000	0.004	194140	keep	-
EXF_3540	EXF_3540_EXF_3540	R. mucilaginosa	haploid	1	0.105	0.002	0.105	0.000	0.000	0.000	0.101	908	keep	-
EXF_3544	EXF_3544_EXF_3544	R. mucilaginosa	haploid	1	0.133	0.000	0.133	0.000	0.000	0.000	0.120	460	keep	-
EXF_3569	EXF_3569_EXF_3569	R. mucilaginosa	haploid	1	0.162	0.000	0.162	0.000	0.000	0.000	0.129	457	keep	-
EXF_3592	EXF_3592_EXF_3592	R. mucilaginosa	haploid	1	0.116	0.002	0.116	0.000	0.000	0.000	0.142	770	keep	-
EXF_3595	EXF_3595_EXF_3595	R. mucilaginosa	haploid	1	0.024	0.010	0.024	0.031	0.000	0.000	0.004	157938	keep	-
EXF_3604	EXF_3604_EXF_3604	R. mucilaginosa	haploid	1	0.020	0.010	0.020	0.038	0.000	0.000	0.005	194411	keep	-
EXF_3609	EXF_3609_EXF_3609	R. mucilaginosa	haploid	1	0.094	0.001	0.094	0.000	0.000	0.000	0.095	725	keep	-
EXF_3612	EXF_3612_EXF_3612	R. mucilaginosa	haploid	1	0.127	0.000	0.127	0.000	0.000	0.000	0.173	486	keep	-
EXF_3622	EXF_3622_EXF_3622	R. mucilaginosa	haploid	1	0.113	0.001	0.113	0.000	0.000	0.000	0.097	713	keep	-
EXF_3626	EXF_3626_EXF_3626	R. mucilaginosa	haploid	1	0.018	0.009	0.018	0.038	0.000	0.000	0.005	194611	keep	-
EXF_3790	EXF_3790_EXF_3790	R. mucilaginosa	haploid	1	0.028	0.010	0.028	0.031	0.000	0.000	0.004	158173	keep	-
EXF_3860	EXF_3860_EXF_3860	R. mucilaginosa	haploid	1	0.032	0.010	0.032	0.031	0.000	0.000	0.004	158363	keep	-
EXF_3861	EXF_3861_EXF_3861	R. mucilaginosa	haploid	1	0.028	0.010	0.028	0.031	0.000	0.000	0.004	158223	keep	-
EXF_3862	EXF_3862_EXF_3862	R. mucilaginosa	haploid	1	0.031	0.010	0.031	0.031	0.000	0.000	0.004	158408	keep	-
EXF_4885	EXF_4885_EXF_4885	R. mucilaginosa	haploid	1	0.024	0.008	0.024	0.025	0.000	0.000	0.004	128899	keep	-
EXF_5546	EXF_5546_EXF_5546	R. mucilaginosa	haploid	1	0.115	0.002	0.115	0.000	0.000	0.000	0.113	621	keep	-
EXF_5775	EXF_5775_EXF_5775	R. mucilaginosa	haploid	1	0.017	0.012	0.017	0.042	0.000	0.000	0.004	215343	keep	-
EXF_5938	EXF_5938_EXF_5938	R. mucilaginosa	haploid	1	0.105	0.001	0.105	0.000	0.000	0.000	0.120	707	keep	-
EXF_5939	EXF_5939_EXF_5939	R. mucilaginosa	haploid	1	0.159	0.000	0.159	0.000	0.000	0.000	0.128	545	keep	-
EXF_5940	EXF_5940_EXF_5940	R. mucilaginosa	haploid	1	0.022	0.012	0.022	0.042	0.000	0.000	0.004	215360	keep	-
EXF_5941	EXF_5941_EXF_5941	R. mucilaginosa	haploid	1	0.096	0.002	0.096	0.000	0.000	0.000	0.100	791	keep	-
EXF_6243	EXF_6243_EXF_6243	R. mucilaginosa	haploid	1	0.020	0.012	0.020	0.042	0.000	0.000	0.004	215525	keep	-
EXF_6252	EXF_6252_EXF_6252	R. mucilaginosa	haploid	1	0.019	0.012	0.019	0.042	0.000	0.000	0.004	215270	keep	-
EXF_6325	EXF_6325_EXF_6325	R. mucilaginosa	haploid	1	0.177	0.001	0.177	0.000	0.000	0.000	0.161	461	keep	-
EXF_6360	EXF_6360_EXF_6360	R. mucilaginosa	haploid	1	0.017	0.008	0.017	0.034	0.000	0.000	0.005	171931	keep	-
EXF_6370	EXF_6370_EXF_6370	R. mucilaginosa	haploid	1	0.019	0.012	0.019	0.042	0.000	0.000	0.004	215152	keep	-
EXF_6373	EXF_6373_EXF_6373	R. mucilaginosa	haploid	1	0.020	0.012	0.020	0.042	0.000	0.000	0.004	215182	keep	-
EXF_7920	EXF_7920_EXF_7920	R. mucilaginosa	haploid	1	0.143	0.000	0.143	0.000	0.000	0.000	0.152	499	keep	-
EXF_7931	EXF_7931_EXF_7931	R. mucilaginosa	haploid	1	0.125	0.002	0.125	0.000	0.000	0.000	0.125	528	keep	-
EXF_7944	EXF_7944_EXF_7944	R. mucilaginosa	haploid	1	0.148	0.000	0.148	0.000	0.000	0.000	0.106	461	keep	-
EXF_7949	EXF_7949_EXF_7949	R. mucilaginosa	haploid	1	0.016	0.012	0.016	0.042	0.000	0.000	0.004	215425	keep	-
EXF_8006	EXF_8006_EXF_8006	R. mucilaginosa	haploid	1	0.171	0.000	0.171	0.000	0.000	0.000	0.149	502	keep	-
EXF_8014	EXF_8014_EXF_8014	R. mucilaginosa	haploid	1	0.143	0.001	0.143	0.000	0.000	0.000	0.122	532	keep	-
EXF_8109	EXF_8109_EXF_8109	R. mucilaginosa	haploid	1	0.020	0.008	0.020	0.034	0.000	0.000	0.005	176151	keep	-
EXF_8151	EXF_8151_EXF_8151	R. mucilaginosa	haploid	1	0.144	0.000	0.144	0.000	0.000	0.000	0.127	474	keep	-
EXF_8155	EXF_8155_EXF_8155	R. mucilaginosa	haploid	1	0.143	0.000	0.143	0.000	0.000	0.000	0.183	564	keep	-
EXF_8254	EXF_8254_EXF_8254	R. mucilaginosa	haploid	1	0.148	0.001	0.148	0.000	0.000	0.000	0.114	604	keep	-
EXF_8395	EXF_8395_EXF_8395	R. mucilaginosa	haploid	1	0.026	0.008	0.026	0.034	0.000	0.000	0.005	172228	keep	-
EXF_8400	EXF_8400_EXF_8400	R. mucilaginosa	haploid	1	0.046	0.006	0.046	0.019	0.000	0.000	0.003	98210	keep	-
EXF_8463	EXF_8463_EXF_8463	R. mucilaginosa	haploid	1	0.035	0.006	0.035	0.019	0.000	0.000	0.002	98134	keep	-
EXF_8464	EXF_8464_EXF_8464	R. mucilaginosa	haploid	1	0.140	0.001	0.140	0.000	0.000	0.000	0.117	674	keep	-
EXF_8465	EXF_8465_EXF_8465	R. mucilaginosa	haploid	1	0.106	0.001	0.106	0.000	0.000	0.000	0.089	698	keep	-
EXF_8898	EXF_8898_EXF_8898	R. mucilaginosa	haploid	1	0.105	0.001	0.105	0.000	0.000	0.000	0.114	659	keep	-
EXF_8921	EXF_8921_EXF_8921	R. mucilaginosa	haploid	1	0.106	0.002	0.106	0.000	0.000	0.000	0.144	592	keep	-
EXF_8942	EXF_8942_EXF_8942	R. mucilaginosa	haploid	1	0.074	0.001	0.074	0.000	0.000	0.000	0.143	694	keep	-
EXF_8984	EXF_8984_EXF_8984	R. mucilaginosa	haploid	1	0.103	0.000	0.103	0.000	0.000	0.000	0.124	502	keep	-
EXF_9595	EXF_9595_EXF_9595	R. mucilaginosa	haploid	1	0.025	0.010	0.025	0.031	0.000	0.000	0.004	158508	keep	-
EXF_9756	EXF_9756_EXF_9756	R. mucilaginosa	haploid	1	0.096	0.002	0.096	0.000	0.000	0.000	0.091	695	keep	-
EXF_9762	EXF_9762_EXF_9762	R. mucilaginosa	haploid	1	0.114	0.001	0.114	0.000	0.000	0.000	0.089	699	keep	-
EXF_9926	EXF_9926_EXF_9926	R. mucilaginosa	haploid	1	0.025	0.008	0.025	0.031	0.000	0.000	0.004	156327	keep	-
EXF_9950	EXF_9950_EXF_9950	R. mucilaginosa	haploid	1	0.017	0.012	0.017	0.042	0.000	0.000	0.004	215061	keep	-
IIF8SW-B2	IIF8SW-B2_IIF8SW-B2	R. mucilaginosa	haploid	1	0.037	0.007	0.037	0.024	0.000	0.000	0.005	123055	keep	-
TFCN_100D-1	TFCN_100D-1_TFCN_100D-1	R. mucilaginosa	haploid	1	0.065	0.004	0.065	0.013	0.000	0.000	0.006	68014	keep	-
TFCN_102C-1	TFCN_102C-1_TFCN_102C-1	R. mucilaginosa	haploid	1	0.164	0.002	0.164	0.000	0.000	0.000	0.147	524	keep	-
TFCN_102C-2	TFCN_102C-2_TFCN_102C-2	R. mucilaginosa	haploid	1	0.073	0.002	0.073	0.000	0.000	0.000	0.073	1135	keep	-
TFCN_102D-1	TFCN_102D-1_TFCN_102D-1	R. mucilaginosa	haploid	1	0.033	0.004	0.033	0.013	0.000	0.000	0.005	68224	keep	-
TFCN_102D-2	TFCN_102D-2_TFCN_102D-2	R. mucilaginosa	haploid	1	0.208	0.002	0.208	0.000	0.000	0.000	0.087	460	keep	-
TFCN_105A-2	TFCN_105A-2_TFCN_105A-2	R. mucilaginosa	haploid	1	0.073	0.002	0.073	0.000	0.000	0.000	0.102	775	keep	-
TFCN_106A-1	TFCN_106A-1_TFCN_106A-1	R. mucilaginosa	haploid	1	0.111	0.002	0.111	0.000	0.000	0.000	0.060	828	keep	-
TFCN_107A-6	TFCN_107A-6_TFCN_107A-6	R. mucilaginosa	haploid	1	0.088	0.004	0.088	0.013	0.000	0.000	0.006	67891	keep	-
TFCN_107C-3	TFCN_107C-3_TFCN_107C-3	R. mucilaginosa	haploid	1	0.048	0.004	0.048	0.013	0.000	0.000	0.006	68216	keep	-
TFCN_110C-1	TFCN_110C-1_TFCN_110C-1	R. mucilaginosa	haploid	1	0.071	0.002	0.071	0.000	0.000	0.000	0.085	856	keep	-
TFCN_118C-2	TFCN_118C-2_TFCN_118C-2	R. mucilaginosa	haploid	1	0.043	0.004	0.043	0.013	0.000	0.000	0.005	67957	keep	-
TFCN_122C-2	TFCN_122C-2_TFCN_122C-2	R. mucilaginosa	haploid	1	0.096	0.002	0.096	0.000	0.000	0.000	0.084	788	keep	-
TFCN_130D-4	TFCN_130D-4_TFCN_130D-4	R. mucilaginosa	haploid	1	0.077	0.002	0.077	0.000	0.000	0.000	0.104	756	keep	-
TFCN_137C-3	TFCN_137C-3_TFCN_137C-3	R. mucilaginosa	haploid	1	0.442	0.002	0.442	0.000	0.000	0.000	0.142	794	keep	-
TFCN_138A-1	TFCN_138A-1_TFCN_138A-1	R. mucilaginosa	haploid	1	0.103	0.002	0.103	0.000	0.000	0.000	0.138	858	keep	-
TFCN_140A-3	TFCN_140A-3_TFCN_140A-3	R. mucilaginosa	haploid	1	0.050	0.004	0.050	0.013	0.000	0.000	0.006	68067	keep	-
TFCN_141C-2	TFCN_141C-2_TFCN_141C-2	R. mucilaginosa	haploid	1	0.114	0.002	0.114	0.000	0.000	0.000	0.047	845	keep	-
TFCN_152A-1	TFCN_152A-1_TFCN_152A-1	R. mucilaginosa	diploid	2	0.099	0.099	0.008	0.279	0.251	0.093	0.000	0	keep	-
TFCN_152A-12	TFCN_152A-12_TFCN_152A-12	R. mucilaginosa	haploid	1	0.072	0.002	0.072	0.000	0.000	0.000	0.078	836	keep	-
TFCN_152A-2	TFCN_152A-2_TFCN_152A-2	R. mucilaginosa	haploid	1	0.035	0.003	0.035	0.013	0.000	0.000	0.008	68265	keep	-
TFCN_152A-5	TFCN_152A-5_TFCN_152A-5	R. mucilaginosa	haploid	1	0.144	0.002	0.144	0.000	0.000	0.000	0.099	720	keep	-
TFCN_152C-5	TFCN_152C-5_TFCN_152C-5	R. mucilaginosa	haploid	1	0.209	0.004	0.209	0.013	0.000	0.000	0.005	67838	keep	-
TFCN_17-0-2E334-10	TFCN_17-0-2E334-10_TFCN_17-0-2E334-10	R. mucilaginosa	haploid	1	0.036	0.005	0.036	0.013	0.000	0.000	0.005	68117	keep	-
TFCN_17-0-2E334-4	TFCN_17-0-2E334-4_TFCN_17-0-2E334-4	R. mucilaginosa	diploid	2	0.105	0.105	0.005	0.246	0.238	0.136	0.000	0	keep	-
TFCN_17-0-2E337-3	TFCN_17-0-2E337-3_TFCN_17-0-2E337-3	R. mucilaginosa	diploid	2	0.107	0.107	0.007	0.284	0.256	0.072	0.000	0	keep	-
TFCN_17-0-2E390-1	TFCN_17-0-2E390-1_TFCN_17-0-2E390-1	R. mucilaginosa	diploid	2	0.084	0.084	0.004	0.253	0.234	0.156	0.000	0	keep	-
TFCN_17-0-2E390-2	TFCN_17-0-2E390-2_TFCN_17-0-2E390-2	R. mucilaginosa	diploid	2	0.097	0.097	0.006	0.262	0.243	0.121	0.000	0	keep	-
TFCN_17-267M-1	TFCN_17-267M-1_TFCN_17-267M-1	R. mucilaginosa	diploid	2	0.088	0.088	0.004	0.243	0.229	0.154	0.000	0	keep	-
TFCN_17-291Y-1	TFCN_17-291Y-1_TFCN_17-291Y-1	R. mucilaginosa	diploid	2	0.091	0.091	0.007	0.275	0.247	0.118	0.000	0	keep	-
TFCN_17-325D-2	TFCN_17-325D-2_TFCN_17-325D-2	R. mucilaginosa	haploid	1	0.155	0.000	0.155	0.000	0.000	0.000	0.191	551	keep	-
TFCN_17-325D-4	TFCN_17-325D-4_TFCN_17-325D-4	R. mucilaginosa	haploid	1	0.305	0.000	0.305	0.000	0.000	0.000	0.210	553	keep	-
TFCN_17-325P-1	TFCN_17-325P-1_TFCN_17-325P-1	R. mucilaginosa	haploid	1	0.119	0.000	0.119	0.000	0.000	0.000	0.185	547	keep	-
TFCN_17-329Y-4	TFCN_17-329Y-4_TFCN_17-329Y-4	R. mucilaginosa	haploid	1	0.016	0.013	0.016	0.047	0.000	0.000	0.004	242558	keep	-
TFCN_17-332C-1	TFCN_17-332C-1_TFCN_17-332C-1	R. mucilaginosa	haploid	1	0.116	0.002	0.116	0.000	0.000	0.000	0.074	732	keep	-
TFCN_17-332C-2	TFCN_17-332C-2_TFCN_17-332C-2	R. mucilaginosa	haploid	1	0.085	0.002	0.085	0.000	0.000	0.000	0.088	736	keep	-
TFCN_17-332D-1	TFCN_17-332D-1_TFCN_17-332D-1	R. mucilaginosa	haploid	1	0.089	0.002	0.089	0.000	0.000	0.000	0.127	777	keep	-
TFCN_17-332M-2	TFCN_17-332M-2_TFCN_17-332M-2	R. mucilaginosa	haploid	1	0.246	0.003	0.246	0.000	0.000	0.000	0.070	724	keep	-
TFCN_17-332P-1	TFCN_17-332P-1_TFCN_17-332P-1	R. mucilaginosa	haploid	1	0.082	0.002	0.082	0.000	0.000	0.000	0.123	789	keep	-
TFCN_17-332P-2	TFCN_17-332P-2_TFCN_17-332P-2	R. mucilaginosa	haploid	1	0.098	0.002	0.098	0.000	0.000	0.000	0.082	769	keep	-
TFCN_17-333P-6	TFCN_17-333P-6_TFCN_17-333P-6	R. mucilaginosa	diploid	2	0.123	0.123	0.003	0.257	0.250	0.071	0.000	0	keep	-
TFCN_17-334C-1	TFCN_17-334C-1_TFCN_17-334C-1	R. mucilaginosa	haploid	1	0.125	0.002	0.125	0.000	0.000	0.000	0.111	768	keep	-
TFCN_17-334D-6	TFCN_17-334D-6_TFCN_17-334D-6	R. mucilaginosa	diploid	2	0.108	0.108	0.008	0.284	0.256	0.074	0.000	0	keep	-
TFCN_17-334P-3	TFCN_17-334P-3_TFCN_17-334P-3	R. mucilaginosa	haploid	1	0.045	0.004	0.045	0.013	0.000	0.000	0.005	68229	keep	-
TFCN_17-334Y-2	TFCN_17-334Y-2_TFCN_17-334Y-2	R. mucilaginosa	haploid	1	0.052	0.002	0.052	0.000	0.000	0.000	0.122	817	keep	-
TFCN_17-334Y-3	TFCN_17-334Y-3_TFCN_17-334Y-3	R. mucilaginosa	haploid	1	0.037	0.004	0.037	0.013	0.000	0.000	0.005	67921	keep	-
TFCN_17-334Y-5	TFCN_17-334Y-5_TFCN_17-334Y-5	R. mucilaginosa	diploid	2	0.091	0.091	0.007	0.275	0.247	0.119	0.000	0	keep	-
TFCN_17-337P-5	TFCN_17-337P-5_TFCN_17-337P-5	R. mucilaginosa	diploid	2	0.112	0.112	0.004	0.251	0.244	0.099	0.000	0	keep	-
TFCN_17-338D-3	TFCN_17-338D-3_TFCN_17-338D-3	R. mucilaginosa	haploid	1	0.106	0.001	0.106	0.000	0.000	0.000	0.226	539	keep	-
TFCN_17-390M-1	TFCN_17-390M-1_TFCN_17-390M-1	R. mucilaginosa	diploid	2	0.102	0.102	0.006	0.266	0.247	0.102	0.000	0	keep	-
TFCN_172A-1	TFCN_172A-1_TFCN_172A-1	R. mucilaginosa	haploid	1	0.090	0.002	0.090	0.000	0.000	0.000	0.092	839	keep	-
TFCN_17Y-278-1	TFCN_17Y-278-1_TFCN_17Y-278-1	R. mucilaginosa	diploid	2	0.093	0.093	0.007	0.277	0.248	0.110	0.000	0	keep	-
TFCN_181A-1	TFCN_181A-1_TFCN_181A-1	R. mucilaginosa	haploid	1	0.068	0.002	0.068	0.000	0.000	0.000	0.094	886	keep	-
TFCN_209-6-1	TFCN_209-6-1_TFCN_209-6-1	R. mucilaginosa	haploid	1	0.110	0.002	0.110	0.000	0.000	0.000	0.076	803	keep	-
TFCN_209-6-11	TFCN_209-6-11_TFCN_209-6-11	R. mucilaginosa	haploid	1	0.205	0.002	0.205	0.000	0.000	0.000	0.076	803	keep	-
TFCN_209-6-12	TFCN_209-6-12_TFCN_209-6-12	R. mucilaginosa	haploid	1	0.088	0.002	0.088	0.000	0.000	0.000	0.087	807	keep	-
TFCN_209-6-14	TFCN_209-6-14_TFCN_209-6-14	R. mucilaginosa	haploid	1	0.077	0.002	0.077	0.000	0.000	0.000	0.102	855	keep	-
TFCN_209-6-17	TFCN_209-6-17_TFCN_209-6-17	R. mucilaginosa	haploid	1	0.080	0.002	0.080	0.000	0.000	0.000	0.125	866	keep	-
TFCN_209-6-2	TFCN_209-6-2_TFCN_209-6-2	R. mucilaginosa	haploid	1	0.064	0.002	0.064	0.000	0.000	0.000	0.112	855	keep	-
TFCN_209-6-4	TFCN_209-6-4_TFCN_209-6-4	R. mucilaginosa	haploid	1	0.067	0.002	0.067	0.000	0.000	0.000	0.116	890	keep	-
TFCN_209-6-5	TFCN_209-6-5_TFCN_209-6-5	R. mucilaginosa	haploid	1	0.086	0.002	0.086	0.000	0.000	0.000	0.076	841	keep	-
TFCN_211A-3	TFCN_211A-3_TFCN_211A-3	R. mucilaginosa	haploid	1	0.025	0.004	0.025	0.013	0.000	0.000	0.005	67988	keep	-
TFCN_212C-2	TFCN_212C-2_TFCN_212C-2	R. mucilaginosa	haploid	1	0.064	0.002	0.064	0.000	0.000	0.000	0.094	787	keep	-
TFCN_213-6-2	TFCN_213-6-2_TFCN_213-6-2	R. mucilaginosa	haploid	1	0.277	0.002	0.277	0.000	0.000	0.000	0.112	780	keep	-
TFCN_213-6-4	TFCN_213-6-4_TFCN_213-6-4	R. mucilaginosa	haploid	1	0.097	0.002	0.097	0.000	0.000	0.000	0.079	748	keep	-
TFCN_223A-8	TFCN_223A-8_TFCN_223A-8	R. mucilaginosa	haploid	1	0.100	0.002	0.100	0.000	0.000	0.000	0.068	874	keep	-
TFCN_22C-4	TFCN_22C-4_TFCN_22C-4	R. mucilaginosa	diploid	2	0.097	0.097	0.006	0.264	0.245	0.114	0.000	0	keep	-
TFCN_25-0-2E333-1	TFCN_25-0-2E333-1_TFCN_25-0-2E333-1	R. mucilaginosa	diploid	2	0.104	0.104	0.003	0.244	0.237	0.122	0.000	0	keep	-
TFCN_25-0-2E333-5	TFCN_25-0-2E333-5_TFCN_25-0-2E333-5	R. mucilaginosa	haploid	1	0.050	0.004	0.050	0.013	0.000	0.000	0.005	68068	keep	-
TFCN_25-0-2E333-7	TFCN_25-0-2E333-7_TFCN_25-0-2E333-7	R. mucilaginosa	haploid	1	0.158	0.000	0.158	0.000	0.000	0.000	0.144	501	keep	-
TFCN_25-0-2E333-9	TFCN_25-0-2E333-9_TFCN_25-0-2E333-9	R. mucilaginosa	haploid	1	0.426	0.005	0.426	0.013	0.000	0.000	0.005	67628	keep	-
TFCN_25-0-2E334-1	TFCN_25-0-2E334-1_TFCN_25-0-2E334-1	R. mucilaginosa	diploid	2	0.112	0.112	0.010	0.285	0.256	0.072	0.000	0	keep	-
TFCN_25-0-2E390-1	TFCN_25-0-2E390-1_TFCN_25-0-2E390-1	R. mucilaginosa	diploid	2	0.092	0.092	0.006	0.260	0.241	0.135	0.000	0	keep	-
TFCN_25-325Y-1	TFCN_25-325Y-1_TFCN_25-325Y-1	R. mucilaginosa	haploid	1	0.103	0.001	0.103	0.000	0.000	0.000	0.198	536	keep	-
TFCN_25-327D-1	TFCN_25-327D-1_TFCN_25-327D-1	R. mucilaginosa	haploid	1	0.034	0.004	0.034	0.013	0.000	0.000	0.005	67949	keep	-
TFCN_25-331D-1	TFCN_25-331D-1_TFCN_25-331D-1	R. mucilaginosa	diploid	2	0.087	0.087	0.006	0.256	0.236	0.158	0.000	0	keep	-
TFCN_25-332C-1	TFCN_25-332C-1_TFCN_25-332C-1	R. mucilaginosa	haploid	1	0.081	0.002	0.081	0.000	0.000	0.000	0.130	772	keep	-
TFCN_25-332D-1	TFCN_25-332D-1_TFCN_25-332D-1	R. mucilaginosa	haploid	1	0.085	0.002	0.085	0.000	0.000	0.000	0.094	779	keep	-
TFCN_25-332M-1	TFCN_25-332M-1_TFCN_25-332M-1	R. mucilaginosa	haploid	1	0.087	0.002	0.087	0.000	0.000	0.000	0.111	784	keep	-
TFCN_25-332P-2	TFCN_25-332P-2_TFCN_25-332P-2	R. mucilaginosa	haploid	1	0.121	0.002	0.121	0.000	0.000	0.000	0.119	751	keep	-
TFCN_25-332Y-1	TFCN_25-332Y-1_TFCN_25-332Y-1	R. mucilaginosa	haploid	1	0.120	0.002	0.120	0.000	0.000	0.000	0.129	754	keep	-
TFCN_25-333C-2	TFCN_25-333C-2_TFCN_25-333C-2	R. mucilaginosa	haploid	1	0.024	0.003	0.024	0.013	0.000	0.000	0.008	68119	keep	-
TFCN_25-333P-2	TFCN_25-333P-2_TFCN_25-333P-2	R. mucilaginosa	haploid	1	0.039	0.004	0.039	0.013	0.000	0.000	0.005	68198	keep	-
TFCN_25-333Y-9	TFCN_25-333Y-9_TFCN_25-333Y-9	R. mucilaginosa	haploid	1	0.036	0.004	0.036	0.013	0.000	0.000	0.006	68413	keep	-
TFCN_25-334D-3	TFCN_25-334D-3_TFCN_25-334D-3	R. mucilaginosa	haploid	1	0.037	0.008	0.037	0.033	0.000	0.000	0.005	169447	keep	-
TFCN_25-335Y-1	TFCN_25-335Y-1_TFCN_25-335Y-1	R. mucilaginosa	haploid	1	0.131	0.003	0.131	0.000	0.000	0.000	0.102	753	keep	-
TFCN_25-337Y-1	TFCN_25-337Y-1_TFCN_25-337Y-1	R. mucilaginosa	haploid	1	0.060	0.002	0.060	0.000	0.000	0.000	0.115	854	keep	-
TFCN_270H-1	TFCN_270H-1_TFCN_270H-1	R. mucilaginosa	diploid	2	0.107	0.107	0.009	0.286	0.257	0.073	0.000	0	keep	-
TFCN_270H-2	TFCN_270H-2_TFCN_270H-2	R. mucilaginosa	haploid	1	0.081	0.004	0.081	0.013	0.000	0.000	0.006	68336	keep	-
TFCN_273H-1	TFCN_273H-1_TFCN_273H-1	R. mucilaginosa	haploid	1	0.032	0.005	0.032	0.013	0.000	0.000	0.005	67952	keep	-
TFCN_2M-1-4	TFCN_2M-1-4_TFCN_2M-1-4	R. mucilaginosa	haploid	1	0.044	0.004	0.044	0.013	0.000	0.000	0.005	68230	keep	-
TFCN_340-1	TFCN_340-1_TFCN_340-1	R. mucilaginosa	haploid	1	0.033	0.004	0.033	0.013	0.000	0.000	0.005	68022	keep	-
TFCN_340-3	TFCN_340-3_TFCN_340-3	R. mucilaginosa	haploid	1	0.045	0.004	0.045	0.013	0.000	0.000	0.005	68093	keep	-
TFCN_342-3	TFCN_342-3_TFCN_342-3	R. mucilaginosa	haploid	1	0.119	0.002	0.119	0.000	0.000	0.000	0.148	792	keep	-
TFCN_404D-1	TFCN_404D-1_TFCN_404D-1	R. mucilaginosa	diploid	2	0.127	0.127	0.009	0.272	0.253	0.069	0.000	0	keep	-
TFCN_4M-1-2	TFCN_4M-1-2_TFCN_4M-1-2	R. mucilaginosa	haploid	1	0.051	0.004	0.051	0.013	0.000	0.000	0.005	68241	keep	-
TFCN_4M-1-3	TFCN_4M-1-3_TFCN_4M-1-3	R. mucilaginosa	haploid	1	0.066	0.002	0.066	0.000	0.000	0.000	0.097	873	keep	-
TFCN_4M-1-4	TFCN_4M-1-4_TFCN_4M-1-4	R. mucilaginosa	haploid	1	0.115	0.002	0.115	0.000	0.000	0.000	0.079	834	keep	-
TFCN_4M-1-5	TFCN_4M-1-5_TFCN_4M-1-5	R. mucilaginosa	haploid	1	0.059	0.002	0.059	0.000	0.000	0.000	0.100	898	keep	-
TFCN_54D-1	TFCN_54D-1_TFCN_54D-1	R. mucilaginosa	diploid	2	0.091	0.091	0.007	0.275	0.247	0.118	0.000	0	keep	-
TFCN_54D-2	TFCN_54D-2_TFCN_54D-2	R. mucilaginosa	haploid	1	0.075	0.002	0.075	0.000	0.000	0.000	0.100	908	keep	-
TFCN_86A-12	TFCN_86A-12_TFCN_86A-12	R. mucilaginosa	haploid	1	0.452	0.002	0.452	0.000	0.000	0.000	0.189	882	keep	-
TFCN_86A-3	TFCN_86A-3_TFCN_86A-3	R. mucilaginosa	haploid	1	0.113	0.003	0.113	0.000	0.000	0.000	0.077	859	keep	-
TFCN_98A-10	TFCN_98A-10_TFCN_98A-10	R. mucilaginosa	haploid	1	0.035	0.004	0.035	0.013	0.000	0.000	0.005	68017	keep	-
TFCN_98A-5	TFCN_98A-5_TFCN_98A-5	R. mucilaginosa	haploid	1	0.116	0.002	0.116	0.000	0.000	0.000	0.111	879	keep	-
TFCN_98C-3	TFCN_98C-3_TFCN_98C-3	R. mucilaginosa	haploid	1	0.109	0.002	0.109	0.000	0.000	0.000	0.085	851	keep	-
TFCN_98C-5	TFCN_98C-5_TFCN_98C-5	R. mucilaginosa	haploid	1	0.078	0.002	0.078	0.000	0.000	0.000	0.115	1038	keep	-
TFCN_98C-7	TFCN_98C-7_TFCN_98C-7	R. mucilaginosa	haploid	1	0.063	0.004	0.063	0.013	0.000	0.000	0.005	67965	keep	-
TFCN_98C-8	TFCN_98C-8_TFCN_98C-8	R. mucilaginosa	haploid	1	0.071	0.002	0.071	0.000	0.000	0.000	0.109	900	keep	-
TFCN_98D-11	TFCN_98D-11_TFCN_98D-11	R. mucilaginosa	haploid	1	0.135	0.002	0.135	0.000	0.000	0.000	0.104	949	keep	-
TFCN_98D-7	TFCN_98D-7_TFCN_98D-7	R. mucilaginosa	haploid	1	0.078	0.002	0.078	0.000	0.000	0.000	0.099	835	keep	-
TFCN_98D-9	TFCN_98D-9_TFCN_98D-9	R. mucilaginosa	haploid	1	0.122	0.002	0.122	0.000	0.000	0.000	0.094	817	keep	-
DBVPG_3239	DBVPG_3239_DBVPG_3239	R. mucilaginosa	diploid	2	0.008	0.008	0.004	0.014	0.001	0.370	0.000	0	keep	no_het_diploid
DBVPG_6094	DBVPG_6094_DBVPG_6094	R. mucilaginosa	diploid	2	0.009	0.009	0.005	0.014	0.001	0.403	0.000	0	keep	no_het_diploid
TFCN_25-332D-2	TFCN_25-332D-2_TFCN_25-332D-2	R. mucilaginosa	diploid	2	0.003	0.003	0.003	0.000	0.000	0.521	0.000	0	keep	no_het_diploid
