strain,reason,metadata_ploidy,draft_ploidy_in_overrides_file
DBVPG_3045,status=DISAGREE,haploid_from_hybrid,diploid
DBVPG_3239,status=DISAGREE,too low,haploid
DBVPG_3445,status=DISAGREE,too low,haploid
DBVPG_3446,status=DISAGREE,too low,diploid
DBVPG_3538,status=DISAGREE,too low,diploid
DBVPG_3855,status=DISAGREE,haploid_from_hybrid,diploid
DBVPG_4379,status=DISAGREE,too low,haploid
DBVPG_4952,status=DISAGREE,too low,haploid
DBVPG_6094,status=DISAGREE,too low,haploid
DBVPG_6649,status=DISAGREE,too low,haploid
EXF_10533,status=NO_METADATA,,haploid
EXF_10630,status=NO_METADATA,,haploid
EXF_10854,status=NO_METADATA,,haploid
EXF_12265,status=NO_METADATA,,haploid
EXF_13500,status=NO_METADATA,,haploid
EXF_14606,status=NO_METADATA,,diploid
EXF_17335,status=NO_METADATA,,haploid
EXF_5668,status=NO_METADATA,,haploid
NRRL_Y-2510,status=NO_METADATA,,haploid
TFCN_152A-3,status=NO_METADATA,,haploid
TFCN_17-0-2E334-4,status=DISAGREE,haploid_from_hybrid,diploid
TFCN_17-333M-1,status=NO_METADATA,,diploid
TFCN_17Y-278-1,status=DISAGREE,haploid_from_hybrid,diploid
TFCN_186CL-2,status=NO_METADATA,,diploid
TFCN_1A-1-5,status=NO_METADATA,,haploid
TFCN_211C-2,status=NO_METADATA,,haploid
TFCN_25-332D-2,status=DISAGREE,too low,haploid
TFCN_25-332M-2,status=NO_METADATA,,haploid
TFCN_270H-1,status=DISAGREE,too low,diploid
TFCN_2M-1-3,status=NO_METADATA,,haploid
TFCN_3M-1-1,status=DISAGREE,aneuploid,haploid
TFCN_7-6-3,status=NO_METADATA,,diploid
TFCN_86A-5,status=NO_METADATA,,haploid
TFCN_86C-3,status=NO_METADATA,,haploid
TFCN_BY120-C1,status=NO_METADATA,,haploid
TFCN_BY120-C7,status=NO_METADATA,,haploid
