library,ID,FileBase,culture_collection,Strain,genotype_result_DH4148 (do not edit),Species,collection_date,SimpleEnv,env_medium,host,lat_lon,light_type,geo_loc_name,env_local_scale,General Environment,env_broad_scale,Notes,info_source
9003_017,1A-1-5,9003_017_S45_R[12]_001.fastq.gz,TFCN,TFCN_1A-1-5,R. mucilaginosa,,,,,,,,,,,,,
9003_022,2M-1-3,9003_022_S50_R[12]_001.fastq.gz,TFCN,TFCN_2M-1-3,R. mucilaginosa,,,,,,,,,,,,,
9003_027,86C-3,9003_027_S55_R[12]_001.fastq.gz,TFCN,TFCN_86C-3,R. mucilaginosa,,,,,,,,,,,,,
9003_015,17-333M-1,9003_015_S43_R[12]_001.fastq.gz,TFCN,TFCN_17-333M-1,"candidate, no metadata",,,,,,,,,,,,,
9003_016,186CL-2,9003_016_S44_R[12]_001.fastq.gz,TFCN,TFCN_186CL-2,"candidate, no metadata (SeqCoast label 186CL④-2)",,,,,,,,,,,,,
9003_029,EXF10854,9003_029_S57_R[12]_001.fastq.gz,EXF,EXF_10854,"candidate, no metadata",,,,,,,,,,,,,
9003_034,EXF17335,9003_034_S62_R[12]_001.fastq.gz,EXF,EXF_17335,"candidate, no metadata",,,,,,,,,,,,,
9003_013,152A-3,9003_013_S41_R[12]_001.fastq.gz,TFCN,TFCN_152A-3,dropped by QC,,,,,,,,,,,,,
9003_018,211C-2,9003_018_S46_R[12]_001.fastq.gz,TFCN,TFCN_211C-2,dropped by QC,,,,,,,,,,,,,
9003_023,7-6-3,9003_023_S51_R[12]_001.fastq.gz,TFCN,TFCN_7-6-3,dropped by QC,,,,,,,,,,,,,
9003_026,86A-5,9003_026_S54_R[12]_001.fastq.gz,TFCN,TFCN_86A-5,dropped by QC,,,,,,,,,,,,,
9003_030,EXF10630,9003_030_S58_R[12]_001.fastq.gz,EXF,EXF_10630,dropped by QC,,,,,,,,,,,,,
9003_031,EXF14606,9003_031_S59_R[12]_001.fastq.gz,EXF,EXF_14606,dropped by QC,,,,,,,,,,,,,
9003_032,EXF13500,9003_032_S60_R[12]_001.fastq.gz,EXF,EXF_13500,dropped by QC,,,,,,,,,,,,,
9003_035,EXF12265,9003_035_S63_R[12]_001.fastq.gz,EXF,EXF_12265,dropped by QC,,,,,,,,,,,,,
