library,ID,FileBase,culture_collection,Strain,genotype_result_DH4148 (do not edit),sourmash_call_2026-10-04,Species,collection_date,SimpleEnv,env_medium,host,lat_lon,light_type,geo_loc_name,env_local_scale,General Environment,env_broad_scale,Notes,info_source
9003_017,1A-1-5,9003_017_S45_R[12]_001.fastq.gz,TFCN,TFCN_1A-1-5,R. mucilaginosa,R. mucilaginosa 1.000,Rhodotorula mucilaginosa,,tidal flat,,,,,"China: Zhoushan City, Zhejiang Province",soil [ENVO:00001998],mud flat,mudflat [ENVO:00000192],location/environment inferred from sibling TFCN_1A-1-2,Master_List sibling TFCN_1A-1-2 (user approved 2026-10-04); species: Species_ID_db sourmash 2026-10-04
9003_022,2M-1-3,9003_022_S50_R[12]_001.fastq.gz,TFCN,TFCN_2M-1-3,R. mucilaginosa,R. mucilaginosa 1.000,Rhodotorula mucilaginosa,,tidal flat,,Ipomoea pes-caprae,,,"Longtang town, Xuwen county, Zhanjiang City, Guangdong Province,China",plant matter [ENVO:01001121] ,sandy beach,sandy beach [ENVO:00002199],location/environment inferred from sibling TFCN_2M-1-4,Master_List sibling TFCN_2M-1-4 (user approved 2026-10-04); species: Species_ID_db sourmash 2026-10-04
9003_027,86C-3,9003_027_S55_R[12]_001.fastq.gz,TFCN,TFCN_86C-3,R. mucilaginosa,R. mucilaginosa 1.000,Rhodotorula mucilaginosa,,tidal flat,,,,,"China: Chelukou, Hepu County, Beihai City, Guangxi Province",sea water [ENVO:00002149],unknown,marine water body [ENVO:00001999],location/environment inferred from sibling TFCN_86C-10,Master_List sibling TFCN_86C-10 (user approved 2026-10-04); species: Species_ID_db sourmash 2026-10-04
9003_015,17-333M-1,9003_015_S43_R[12]_001.fastq.gz,TFCN,TFCN_17-333M-1,"candidate, no metadata",hybrid R. mucilaginosa x R. aff. mucilaginosa (0.9986/0.9984),Rhodotorula mucilaginosa x Rhodotorula aff. mucilaginosa hybrid,,tidal flat,,,,,"China: Zhoushan City, Zhejiang Province",sea water [ENVO:00002149],mud flat,mudflat [ENVO:00000192],"location/environment inferred from sibling TFCN_17-333D-2; reads match R. mucilaginosa hybrid diploid profile (88% mapped, 3.2% mismatch)",Master_List sibling TFCN_17-333D-2 (user approved 2026-10-04); species: Species_ID_db sourmash 2026-10-04
9003_016,186CL-2,9003_016_S44_R[12]_001.fastq.gz,TFCN,TFCN_186CL-2,"candidate, no metadata (SeqCoast label 186CL④-2)",hybrid R. mucilaginosa x R. aff. mucilaginosa (0.9980/0.9985),Rhodotorula mucilaginosa x Rhodotorula aff. mucilaginosa hybrid,,tidal flat,,Suaeda glauca;Phragmites australis,,,"China: Read Beach, Dawa District, Panjin City, Liaoning Province",soil [ENVO:00001998],mud flat,mudflat [ENVO:00000192],"location/environment inferred from sibling TFCN_186DK3-2; reads match R. mucilaginosa hybrid diploid profile (88% mapped, 3.4% mismatch); SeqCoast label 186CL④-2",Master_List sibling TFCN_186DK3-2 (user approved 2026-10-04); species: Species_ID_db sourmash 2026-10-04
9003_029,EXF10854,9003_029_S57_R[12]_001.fastq.gz,EXF,EXF_10854,"candidate, no metadata",unresolved: = public Rhodotorula sp. JG-1b lineage; 0.964 to R. frigidialcoholis,Rhodotorula sp_clade_XIV,,,,,,,,,,,"reads match R. frigidialcoholis / R. aff. mucilaginosa profile (83% mapped, 6.9% mismatch); not in the public EXF catalogue (catalogue.ex-genebank.com, all 699 species pages, highest ID EXF-11119, checked 2026-10-04); informal clade (user approved 2026-10-04): same lineage as public Rhodotorula sp. JG-1b; 0.964 ANI to R. frigidialcoholis",species: Species_ID_db sourmash 2026-10-04
9003_034,EXF17335,9003_034_S62_R[12]_001.fastq.gz,EXF,EXF_17335,"candidate, no metadata",R. frigidialcoholis 1.000,Rhodotorula frigidialcoholis,,,,,,,,,,,"reads match R. frigidialcoholis / R. aff. mucilaginosa profile (83% mapped, 6.9% mismatch); not in the public EXF catalogue (catalogue.ex-genebank.com, all 699 species pages, highest ID EXF-11119, checked 2026-10-04)",species: Species_ID_db sourmash 2026-10-04
9003_013,152A-3,9003_013_S41_R[12]_001.fastq.gz,TFCN,TFCN_152A-3,dropped by QC,R. toruloides 1.000,Rhodotorula toruloides,,tidal flat,,,,,"China: Chelukou, Hepu County, Beihai City, Guangxi Province",sea water [ENVO:00002149],,marine water body [ENVO:00001999],location/environment inferred from sibling TFCN_152A-1; reads map poorly to R. mucilaginosa DH4148 (9-44%): outside the R. mucilaginosa complex,Master_List sibling TFCN_152A-1 (user approved 2026-10-04); species: Species_ID_db sourmash 2026-10-04
9003_018,211C-2,9003_018_S46_R[12]_001.fastq.gz,TFCN,TFCN_211C-2,dropped by QC,R. aff. babjevae 0.994,Rhodotorula sp_clade_I,,tidal flat,,,,,"China: Dondang, Dandong City, Liaoning province",sea water [ENVO:00002149],marine water,marine water body [ENVO:00001999],location/environment inferred from sibling TFCN_211A-3; reads map poorly to R. mucilaginosa DH4148 (9-44%): outside the R. mucilaginosa complex,Master_List sibling TFCN_211A-3 (user approved 2026-10-04); species: Species_ID_db sourmash 2026-10-04
9003_023,7-6-3,9003_023_S51_R[12]_001.fastq.gz,TFCN,TFCN_7-6-3,dropped by QC,R. diobovata 0.999,Rhodotorula diobovata,,tidal flat,,,,,"China: Zhoushan City, Zhejiang Province",,,,alias 7-6-2003 is a spreadsheet date conversion of 7-6-3,"user, 2026-10-04; species: Species_ID_db sourmash 2026-10-04"
9003_026,86A-5,9003_026_S54_R[12]_001.fastq.gz,TFCN,TFCN_86A-5,dropped by QC,R. sphaerocarpa 0.995,Rhodotorula sphaerocarpa,,tidal flat,,,,,"China: Chelukou, Hepu County, Beihai City, Guangxi Province",sea water [ENVO:00002149],unknown,marine water body [ENVO:00001999],location/environment inferred from sibling TFCN_86A-12; reads map poorly to R. mucilaginosa DH4148 (9-44%): outside the R. mucilaginosa complex,Master_List sibling TFCN_86A-12 (user approved 2026-10-04); species: Species_ID_db sourmash 2026-10-04
9003_030,EXF10630,9003_030_S58_R[12]_001.fastq.gz,EXF,EXF_10630,dropped by QC,R. aff. babjevae 0.990,Rhodotorula sp_clade_I,,,,,,,,,,,"reads map poorly to R. mucilaginosa DH4148 (9-44%): outside the R. mucilaginosa complex; not in the public EXF catalogue (catalogue.ex-genebank.com, all 699 species pages, highest ID EXF-11119, checked 2026-10-04); 2023 fastANI (ExtremeRhodotorula_DraftGenomes/EXF_external): 98.3-98.7% ANI to the 13 R. aff. babjevae strains (DB name for DBVPG_4629/8058: 'Rhodotorula sp_clade_I'), 90.3% to R. babjevae CBS 7808",species: 2023 fastANI (user approved sp_clade_I 2026-10-04); species: Species_ID_db sourmash 2026-10-04
9003_031,EXF14606,9003_031_S59_R[12]_001.fastq.gz,EXF,EXF_14606,dropped by QC,likely hybrid R. glutinis x R. aff. babjevae (0.995/0.989) or mixed culture,Rhodotorula glutinis x Rhodotorula sp_clade_I hybrid,,,,,,,,,,,"reads map poorly to R. mucilaginosa DH4148 (9-44%): outside the R. mucilaginosa complex; not in the public EXF catalogue (catalogue.ex-genebank.com, all 699 species pages, highest ID EXF-11119, checked 2026-10-04); hybrid not confirmed: a mixed culture gives the same signal",species: Species_ID_db sourmash 2026-10-04
9003_032,EXF13500,9003_032_S60_R[12]_001.fastq.gz,EXF,EXF_13500,dropped by QC,R. dairenensis 0.996,Rhodotorula dairenensis,,,,,,,,,,,"reads map poorly to R. mucilaginosa DH4148 (9-44%): outside the R. mucilaginosa complex; not in the public EXF catalogue (catalogue.ex-genebank.com, all 699 species pages, highest ID EXF-11119, checked 2026-10-04)",species: Species_ID_db sourmash 2026-10-04
9003_035,EXF12265,9003_035_S63_R[12]_001.fastq.gz,EXF,EXF_12265,dropped by QC,R. aff. babjevae 0.994,Rhodotorula sp_clade_I,,,,,,,,,,,"reads map poorly to R. mucilaginosa DH4148 (9-44%): outside the R. mucilaginosa complex; not in the public EXF catalogue (catalogue.ex-genebank.com, all 699 species pages, highest ID EXF-11119, checked 2026-10-04)",species: Species_ID_db sourmash 2026-10-04
