cluster	size	strain	Origin	Environment	max_diffs_within	min_diffs_to_outside
NR01	11	TFCN_152A-5	China	marsh_tidalflat	10	6
NR01	11	TFCN_17-332C-1	China	marsh_tidalflat	10	6
NR01	11	TFCN_17-332D-1	China	marsh_tidalflat	10	6
NR01	11	TFCN_17-332P-2	China	marsh_tidalflat	10	6
NR01	11	TFCN_25-332C-1	China	marsh_tidalflat	10	6
NR01	11	TFCN_25-332D-2	China	marsh_tidalflat	10	6
NR01	11	TFCN_25-332M-1	China	marsh_tidalflat	10	6
NR01	11	TFCN_25-332M-2	NA	NA	10	6
NR01	11	TFCN_25-332Y-1	China	marsh_tidalflat	10	6
NR01	11	TFCN_25-335Y-1	China	marsh_tidalflat	10	6
NR01	11	TFCN_25-337M-3	China	marsh_tidalflat	10	6
NR02	8	TFCN_102C-1	China	marsh_tidalflat	9	174
NR02	8	TFCN_102D-2	China	marsh_tidalflat	9	174
NR02	8	TFCN_17-325D-2	China	marsh_tidalflat	9	174
NR02	8	TFCN_17-325D-4	China	marsh_tidalflat	9	174
NR02	8	TFCN_17-325P-1	China	marsh_tidalflat	9	174
NR02	8	TFCN_17-338D-3	China	marsh_tidalflat	9	174
NR02	8	TFCN_25-0-2E333-7	China	marsh_tidalflat	9	174
NR02	8	TFCN_25-325Y-1	China	marsh_tidalflat	9	174
NR03	8	TFCN_209-6-1	China	marsh_tidalflat	5	14
NR03	8	TFCN_209-6-11	China	marsh_tidalflat	5	14
NR03	8	TFCN_209-6-12	China	marsh_tidalflat	5	14
NR03	8	TFCN_209-6-14	China	marsh_tidalflat	5	14
NR03	8	TFCN_209-6-17	China	marsh_tidalflat	5	14
NR03	8	TFCN_209-6-2	China	marsh_tidalflat	5	14
NR03	8	TFCN_209-6-4	China	marsh_tidalflat	5	14
NR03	8	TFCN_209-6-5	China	marsh_tidalflat	5	14
NR04	6	TFCN_137D-4	China	marsh_tidalflat	7	12
NR04	6	TFCN_17-334Y-2	China	marsh_tidalflat	7	12
NR04	6	TFCN_212C-2	China	marsh_tidalflat	7	12
NR04	6	TFCN_213-6-2	China	marsh_tidalflat	7	12
NR04	6	TFCN_213-6-4	China	marsh_tidalflat	7	12
NR04	6	TFCN_86A-12	China	marsh_tidalflat	7	12
NR05	4	EXF_3417	Arctic	glacier_ice	2	72
NR05	4	EXF_3544	Arctic	glacier_ice	2	72
NR05	4	EXF_3569	Arctic	Glacial_water_with_sediment	2	72
NR05	4	EXF_3612	Arctic	Glacial_water	2	72
NR06	3	DBVPG_4304	Italy	unknown	1	307
NR06	3	DBVPG_6742	Italy	unknown	1	307
NR06	3	TFCN_86C-3	NA	NA	1	307
NR07	3	TFCN_152A-12	China	marsh_tidalflat	1	13
NR07	3	TFCN_17-333D-2	China	marsh_tidalflat	1	13
NR07	3	TFCN_54D-2	China	marsh_tidalflat	1	13
NR08	3	TFCN_4M-1-3	China	marsh_tidalflat	6	6
NR08	3	TFCN_4M-1-4	China	marsh_tidalflat	6	6
NR08	3	TFCN_86A-3	China	marsh_tidalflat	6	6
NR09	2	DBVPG_6741	Italy	soil	3	377
NR09	2	DBVPG_7019	Italy	unknown	3	377
NR10	2	EXF_13260	Mexico	volcano	1	235
NR10	2	EXF_13261	Mexico	volcano	1	235
NR11	2	TFCN_17-334C-1	China	marsh_tidalflat	1	321
NR11	2	TFCN_342-3	China	marsh_tidalflat	1	321
