strain	Origin	Environment	clone_group	candidate_sites_called	alt_calls	alt_lineage_wide	alt_shared_nearref_only	alt_shared_outside_set	alt_private	nearest_strain	nearest_diffs	nearest_compared	n_strains_0_diffs	n_strains_le5_diffs	n_strains_le20_diffs	median_diffs_to_set
DBVPG_10886	Italy	rock	CG001	8865	429	195	16	120	98	EXF_8155	229	8852	0	0	0	431
DBVPG_4201	Italy	plant	CG001	8877	361	199	87	59	16	DBVPG_4203	23	8862	0	0	0	491
DBVPG_4202	Italy	soil	CG001	8881	354	195	86	60	13	DBVPG_4203	27	8870	0	0	0	494
DBVPG_4203	Italy	soil	CG001	8879	345	195	87	58	5	DBVPG_4201	23	8862	0	0	0	485
DBVPG_4304	Italy	unknown	CG001	8839	541	197	172	172	0	DBVPG_6742	1	8824	0	2	2	512
DBVPG_4466	Italy	plant	CG001	8861	495	196	107	142	50	EXF_13602	163	8858	0	0	0	488
DBVPG_5236	Italy	soil	CG001	8876	321	200	25	45	51	EXF_7934	117	8735	0	0	0	456
DBVPG_6741	Italy	soil	CG001	8883	612	197	211	201	3	DBVPG_7019	4	8879	0	1	1	580
DBVPG_6742	Italy	unknown	CG001	8828	532	195	174	161	2	DBVPG_4304	1	8824	0	2	2	505
DBVPG_6803	Italy	soil	CG001	8861	477	196	38	133	110	EXF_7934	282	8720	0	0	0	468
DBVPG_7019	Italy	unknown	CG001	8881	609	197	211	200	1	DBVPG_6741	4	8879	0	1	1	577
EXF_13260	Mexico	volcano	CG001	8874	454	199	114	141	0	EXF_13261	1	8870	0	1	1	444
EXF_13261	Mexico	volcano	CG001	8870	451	195	114	141	1	EXF_13260	1	8870	0	1	1	445
EXF_13600	Greenland	air	CG001	8848	313	196	24	26	67	EXF_7934	114	8705	0	0	0	453
EXF_13602	Greenland	air	CG001	8864	503	195	107	139	62	DBVPG_4466	163	8858	0	0	0	497
EXF_1565	Arctic	Sea_ice	CG001	8862	450	196	112	137	5	EXF_1676	8	8834	0	0	1	442
EXF_1585	Arctic	Seawater	CG001	8883	281	163	0	47	71	EXF_7934	152	8743	0	0	0	485
EXF_1676	Arctic	glacier_ice	CG001	8850	457	195	113	144	5	EXF_1565	8	8834	0	0	1	450
EXF_1686	Arctic	Glacial_leaching	CG001	8859	375	199	0	67	109	EXF_7934	176	8718	0	0	0	510
EXF_2251			CG001	8863	293	199	24	29	41	EXF_7934	90	8722	0	0	0	428
EXF_3417	Arctic	glacier_ice	CG001	8860	325	198	87	40	0	EXF_3612	1	8859	0	3	3	459
EXF_3530	Arctic	glacier_ice	CG001	8850	514	194	118	196	6	EXF_3540	11	8841	0	0	1	508
EXF_3540	Arctic	glacier_ice	CG001	8849	503	196	113	191	3	EXF_3530	11	8841	0	0	1	495
EXF_3544	Arctic	glacier_ice	CG001	8857	325	199	86	40	0	EXF_3417	4	8855	0	3	3	457
EXF_3569	Arctic	Glacial_water_with_sediment	CG001	8864	318	199	84	33	2	EXF_3544	4	8846	0	3	3	453
EXF_3592	Arctic	glacier_ice	CG001	8863	538	195	117	219	7	EXF_3622	23	8821	0	0	0	530
EXF_3609	Arctic	glacier_ice	CG001	8853	526	195	124	201	6	EXF_3622	33	8822	0	0	0	519
EXF_3612	Arctic	Glacial_water	CG001	8864	328	201	87	40	0	EXF_3417	1	8859	0	3	3	460
EXF_3622	Arctic	glacier_ice	CG001	8827	493	196	106	182	9	EXF_3592	23	8821	0	0	0	485
EXF_5546	Slovenia	Dishwasher_rubber 	CG001	8857	419	194	1	124	100	EXF_7934	226	8716	0	0	0	412
EXF_5938	Argentina	watterfall	CG001	8854	483	195	13	141	134	EXF_7934	289	8715	0	0	0	476
EXF_5939	Argentina	Glacial_water	CG001	8869	390	199	24	53	114	EXF_7934	187	8730	0	0	0	526
EXF_5941	Argentina	Glacial_water	CG001	8869	580	195	3	174	208	EXF_7934	386	8727	0	0	0	571
EXF_6325	Slovenia	washing_machine_rubber	CG001	8869	301	197	25	33	46	EXF_7934	101	8730	0	0	0	439
EXF_7920	Sweden	metal_drainage_in_sink_Bathroom	CG001	8880	325	199	84	42	0	EXF_7944	9	8867	0	0	2	460
EXF_7931	Sweden	Metal_drain_of_the_kitchen_sink	CG001	8885	373	196	46	90	41	EXF_8155	117	8871	0	0	0	379
EXF_7934	Sweden	Kitchen_sink_surface 	NA	8763	201	199	0	1	1	EXF_8006	13	8753	0	0	1	338
EXF_7944	Sweden	metal_holder_for_washed_dishes	CG001	8873	324	200	84	34	6	EXF_7920	9	8867	0	0	2	460
EXF_8006	Sweden	metal_drainage_in_sink_Bathroom	CG001	8890	333	197	1	42	93	EXF_7934	13	8753	0	0	1	471
EXF_8014	Sweden	contact_surface_between_faucet_and_sink_bathroom	CG001	8869	378	195	84	96	3	EXF_8155	10	8857	0	0	1	383
EXF_8151	Denmark	shower_bathroom	CG001	8881	331	199	85	40	7	EXF_7920	9	8874	0	0	2	466
EXF_8155	Denmark	sink_in_kitchen	CG001	8885	368	197	80	87	4	EXF_8014	10	8857	0	0	1	371
EXF_8254	Slovenia	tap_water	CG001	8861	428	196	0	95	137	EXF_7934	233	8718	0	0	0	515
EXF_8464	Slovenia	water_from_well 	CG001	8863	448	196	31	118	103	EXF_7934	252	8723	0	0	0	437
EXF_8465	Slovenia	tap_water	CG001	8886	518	198	7	152	161	EXF_7934	322	8745	0	0	0	505
EXF_8891	Slovenia	Kitchen_counter_above_dishwasher	NA	8762	358	196	49	112	1	EXF_8898	7	8721	0	0	1	348
EXF_8898	Slovenia	Fugue_at_shower_bathroom	CG001	8847	471	198	57	150	66	EXF_8891	7	8721	0	0	1	459
EXF_8921	Slovenia	Hot_steam_after_end_of_dishwashing_cycle	CG001	8872	407	196	47	102	62	EXF_7931	140	8871	0	0	0	414
EXF_8942	Slovenia	Strainer_basket	CG001	8888	456	195	0	139	122	EXF_7934	263	8746	0	0	0	449
EXF_8984	Slovenia	water_from_cloth	CG001	8864	344	200	24	43	77	EXF_7934	140	8722	0	0	0	478
EXF_9051	Slovenia	Rubber_of_dishwasher_after_washing_cycle	NA	8873	291	197	26	35	33	EXF_7934	91	8731	0	0	0	429
EXF_9756	Slovenia	rubber_seal_dishwasher	CG001	8878	512	194	2	141	175	EXF_7934	319	8738	0	0	0	503
EXF_9762	Slovenia	rubber_seal_dishwasher	CG001	8873	502	197	38	152	115	EXF_7934	306	8732	0	0	0	489
TFCN_102C-1	China	marsh_tidalflat	CG001	8881	339	178	107	52	2	TFCN_102D-2	5	8879	0	3	7	516
TFCN_102C-2	China	marsh_tidalflat	CG001	8847	861	196	24	255	386	EXF_7934	666	8706	0	0	0	846
TFCN_102D-2	China	marsh_tidalflat	CG001	8880	339	178	107	53	1	TFCN_102C-1	5	8879	0	4	7	517
TFCN_105A-2	China	marsh_tidalflat	CG001	8861	533	195	61	256	21	TFCN_25-332M-1	64	8857	0	0	0	505
TFCN_106A-1	China	marsh_tidalflat	CG001	8821	623	194	228	195	6	TFCN_181A-1	12	8815	0	0	1	594
TFCN_110C-1	China	marsh_tidalflat	CG001	8869	628	195	218	206	9	TFCN_138A-1	23	8856	0	0	0	606
TFCN_122C-2	China	marsh_tidalflat	CG001	8861	607	194	218	191	4	TFCN_98D-7	7	8857	0	0	1	588
TFCN_130D-4	China	marsh_tidalflat	CG001	8867	529	196	61	249	23	TFCN_25-332M-1	59	8861	0	0	0	500
TFCN_137C-3	China	marsh_tidalflat	CG001	8864	574	194	211	165	4	TFCN_137D-4	13	8851	0	0	6	564
TFCN_137D-4	China	marsh_tidalflat	CG001	8852	572	191	217	164	0	TFCN_86A-12	2	8848	0	5	6	565
TFCN_138A-1	China	marsh_tidalflat	CG001	8862	612	198	218	193	3	TFCN_209-6-12	14	8854	0	0	9	588
TFCN_141C-2	China	marsh_tidalflat	CG001	8853	665	194	256	208	7	TFCN_98C-5	27	8843	0	0	0	647
TFCN_152A-12	China	marsh_tidalflat	CG001	8812	615	194	226	195	0	TFCN_17-333D-2	1	8800	0	2	3	590
TFCN_152A-5	China	marsh_tidalflat	CG001	8859	530	195	78	257	0	TFCN_17-332D-1	3	8858	0	1	15	502
TFCN_17-325D-2	China	marsh_tidalflat	CG001	8893	343	179	110	52	2	TFCN_17-338D-3	4	8889	0	2	7	519
TFCN_17-325D-4	China	marsh_tidalflat	CG001	8889	342	178	109	53	2	TFCN_17-338D-3	4	8886	0	4	7	518
TFCN_17-325P-1	China	marsh_tidalflat	CG001	8896	344	181	109	53	1	TFCN_25-0-2E333-7	4	8890	0	2	7	518
TFCN_17-332C-1	China	marsh_tidalflat	CG001	8865	531	196	74	258	3	TFCN_25-332M-1	4	8859	0	1	15	502
TFCN_17-332C-2	China	marsh_tidalflat	CG001	8864	534	194	75	260	5	TFCN_25-332C-1	8	8861	0	0	14	507
TFCN_17-332D-1	China	marsh_tidalflat	CG001	8867	534	195	77	261	1	TFCN_152A-5	3	8858	0	1	14	506
TFCN_17-332M-2	China	marsh_tidalflat	CG001	8863	537	197	75	259	6	TFCN_25-332M-1	9	8859	0	0	15	507
TFCN_17-332P-1	China	marsh_tidalflat	CG001	8865	541	195	75	266	5	TFCN_25-332M-1	15	8862	0	0	10	513
TFCN_17-332P-2	China	marsh_tidalflat	CG001	8865	532	195	75	259	3	TFCN_25-332M-1	6	8860	0	0	15	504
TFCN_17-333D-2	China	marsh_tidalflat	CG001	8813	610	194	225	190	1	TFCN_152A-12	1	8800	0	2	4	588
TFCN_17-334C-1	China	marsh_tidalflat	CG001	8871	554	195	159	198	2	TFCN_342-3	1	8869	0	1	1	534
TFCN_17-334Y-2	China	marsh_tidalflat	CG001	8865	582	195	220	165	2	TFCN_212C-2	4	8863	0	3	6	571
TFCN_17-338D-3	China	marsh_tidalflat	CG001	8892	343	180	109	53	1	TFCN_17-325D-2	4	8889	0	4	7	518
TFCN_172A-1	China	marsh_tidalflat	CG001	8857	614	194	219	194	7	TFCN_209-6-12	16	8856	0	0	8	594
TFCN_181A-1	China	marsh_tidalflat	CG001	8834	626	195	227	199	5	TFCN_106A-1	12	8815	0	0	1	596
TFCN_1A-1-5	NA	NA	CG001	8814	634	194	225	201	14	TFCN_54D-2	24	8808	0	0	0	610
TFCN_209-6-11	China	marsh_tidalflat	CG001	8849	609	193	224	191	1	TFCN_209-6-12	2	8849	0	6	10	590
TFCN_209-6-12	China	marsh_tidalflat	CG001	8861	609	195	224	190	0	TFCN_209-6-14	0	8854	1	6	10	589
TFCN_209-6-14	China	marsh_tidalflat	CG001	8859	611	196	224	191	0	TFCN_209-6-12	0	8854	1	6	10	589
TFCN_209-6-17	China	marsh_tidalflat	CG001	8869	619	196	224	198	1	TFCN_209-6-2	1	8864	0	6	9	596
TFCN_209-6-1	China	marsh_tidalflat	CG001	8859	610	195	224	189	2	TFCN_209-6-12	2	8858	0	6	10	590
TFCN_209-6-2	China	marsh_tidalflat	CG001	8867	617	195	224	198	0	TFCN_209-6-17	1	8864	0	6	9	595
TFCN_209-6-4	China	marsh_tidalflat	CG001	8867	616	195	224	197	0	TFCN_209-6-12	6	8855	0	0	7	594
TFCN_209-6-5	China	marsh_tidalflat	CG001	8867	615	195	224	195	1	TFCN_209-6-12	1	8857	0	6	9	593
TFCN_212C-2	China	marsh_tidalflat	CG001	8866	583	197	218	165	3	TFCN_137D-4	3	8850	0	5	6	570
TFCN_213-6-2	China	marsh_tidalflat	CG001	8861	582	194	220	165	3	TFCN_212C-2	4	8859	0	3	6	571
TFCN_213-6-4	China	marsh_tidalflat	CG001	8864	582	195	219	166	2	TFCN_137D-4	4	8851	0	3	6	571
TFCN_223A-8	China	marsh_tidalflat	CG001	8821	637	194	224	217	2	TFCN_17-333D-2	18	8802	0	0	2	604
TFCN_25-0-2E332-1	China	marsh_tidalflat	CG001	8855	529	191	75	260	3	TFCN_25-332C-1	7	8853	0	0	14	505
TFCN_25-0-2E333-7	China	marsh_tidalflat	CG001	8890	342	178	108	53	3	TFCN_17-325P-1	4	8890	0	1	7	519
TFCN_25-325Y-1	China	marsh_tidalflat	CG001	8896	347	179	110	57	1	TFCN_17-325D-4	7	8887	0	0	7	522
TFCN_25-332C-1	China	marsh_tidalflat	CG001	8865	531	195	76	260	0	TFCN_25-332Y-1	2	8858	0	5	16	503
TFCN_25-332D-1	China	marsh_tidalflat	CG001	8870	551	197	79	270	5	TFCN_25-332C-1	20	8864	0	0	2	516
TFCN_25-332D-2	China	marsh_tidalflat	CG001	8860	530	193	76	261	0	TFCN_25-332M-2	1	8860	0	5	15	504
TFCN_25-332M-1	China	marsh_tidalflat	CG001	8864	526	195	73	257	1	TFCN_17-332C-1	4	8859	0	3	15	498
TFCN_25-332M-2	NA	NA	CG001	8862	533	195	76	261	1	TFCN_25-332D-2	1	8860	0	4	15	505
TFCN_25-332P-2	China	marsh_tidalflat	CG001	8865	534	194	75	261	4	TFCN_25-332C-1	8	8862	0	0	14	507
TFCN_25-332Y-1	China	marsh_tidalflat	CG001	8863	531	195	76	259	1	TFCN_25-332C-1	2	8858	0	5	16	503
TFCN_25-335Y-1	China	marsh_tidalflat	CG001	8862	534	194	76	262	2	TFCN_25-332D-2	3	8860	0	2	14	507
TFCN_25-337M-3	China	marsh_tidalflat	CG001	8855	529	195	76	255	3	TFCN_25-332C-1	4	8853	0	3	15	502
TFCN_25-337Y-1	China	marsh_tidalflat	CG001	8853	623	195	127	202	99	TFCN_98C-5	354	8839	0	0	0	601
TFCN_342-3	China	marsh_tidalflat	CG001	8874	554	197	159	198	0	TFCN_17-334C-1	1	8869	0	1	1	532
TFCN_4M-1-3	China	marsh_tidalflat	CG001	8837	625	195	229	200	1	TFCN_4M-1-4	2	8801	0	1	3	590
TFCN_4M-1-4	China	marsh_tidalflat	CG001	8805	618	196	228	194	0	TFCN_4M-1-3	2	8801	0	2	3	588
TFCN_4M-1-5	China	marsh_tidalflat	CG001	8839	629	195	230	201	3	TFCN_4M-1-4	7	8801	0	0	3	595
TFCN_54D-2	China	marsh_tidalflat	CG001	8826	612	196	225	191	0	TFCN_152A-12	1	8806	0	2	3	587
TFCN_86A-12	China	marsh_tidalflat	CG001	8858	580	196	218	166	0	TFCN_137D-4	2	8848	0	5	6	566
TFCN_86A-3	China	marsh_tidalflat	CG001	8831	624	195	229	199	1	TFCN_4M-1-4	5	8797	0	1	3	594
TFCN_86C-3	NA	NA	CG001	8826	532	194	173	164	1	DBVPG_4304	1	8824	0	2	2	506
TFCN_98A-5	China	marsh_tidalflat	CG001	8816	614	194	223	194	3	TFCN_152A-12	18	8802	0	0	2	589
TFCN_98C-3	China	marsh_tidalflat	CG001	8818	624	194	220	201	9	TFCN_4M-1-4	24	8802	0	0	0	596
TFCN_98C-5	China	marsh_tidalflat	CG001	8853	651	196	256	195	4	TFCN_141C-2	27	8843	0	0	0	637
TFCN_98C-8	China	marsh_tidalflat	CG001	8837	632	196	221	211	4	TFCN_4M-1-3	25	8834	0	0	0	597
TFCN_98D-11	China	marsh_tidalflat	CG001	8830	647	194	224	217	12	TFCN_106A-1	29	8805	0	0	0	607
TFCN_98D-7	China	marsh_tidalflat	CG001	8866	606	197	218	191	0	TFCN_122C-2	7	8857	0	0	7	584
TFCN_98D-9	China	marsh_tidalflat	CG001	8844	606	195	215	187	9	TFCN_98D-7	16	8841	0	0	1	585
