sample	called_sites	mean_alt_fraction
CHIFNET_12H1194_CHIFNET_12H1194	235348	0.040723
CHIFNET_14NJ214_CHIFNET_14NJ214	246968	0.140931
DBVPG_10619_DBVPG_10619	262290	0.011991
DBVPG_10656_DBVPG_10656	266111	0.032967
DBVPG_10780_DBVPG_10780	261692	0.011892
DBVPG_10842_DBVPG_10842	261893	0.020241
DBVPG_10882_DBVPG_10882	263501	0.020471
DBVPG_10886_DBVPG_10886	241391	0.000087
DBVPG_10937_DBVPG_10937	260172	0.026017
DBVPG_3044_DBVPG_3044	266915	0.039342
DBVPG_3045_DBVPG_3045	245532	0.141049
DBVPG_3090_DBVPG_3090	267242	0.039249
DBVPG_3235_DBVPG_3235	266549	0.039430
DBVPG_3236_DBVPG_3236	267161	0.039295
DBVPG_3237_DBVPG_3237	265347	0.030816
DBVPG_3238_DBVPG_3238	262848	0.011775
DBVPG_3239_DBVPG_3239	265239	0.011672
DBVPG_3381_DBVPG_3381	267998	0.030515
DBVPG_3382_DBVPG_3382	267765	0.030545
DBVPG_3383_DBVPG_3383	264971	0.030924
DBVPG_3384_DBVPG_3384	266011	0.030736
DBVPG_3442_DBVPG_3442	265566	0.033058
DBVPG_3443_DBVPG_3443	266206	0.032989
DBVPG_3444_DBVPG_3444	245930	0.140241
DBVPG_3445_DBVPG_3445	227734	0.164681
DBVPG_3446_DBVPG_3446	240479	0.165389
DBVPG_3538_DBVPG_3538	251140	0.032476
DBVPG_3774_DBVPG_3774	266240	0.030784
DBVPG_3775_DBVPG_3775	267032	0.032640
DBVPG_3776_DBVPG_3776	266270	0.033068
DBVPG_3777_DBVPG_3777	266988	0.032893
DBVPG_3778_DBVPG_3778	261907	0.033489
DBVPG_3780_DBVPG_3780	265522	0.033150
DBVPG_3854_DBVPG_3854	251827	0.130850
DBVPG_3855_DBVPG_3855	256746	0.123022
DBVPG_3856_DBVPG_3856	251273	0.131268
DBVPG_3857_DBVPG_3857	251400	0.131382
DBVPG_3858_DBVPG_3858	267042	0.032778
DBVPG_3983_DBVPG_3983	267612	0.039277
DBVPG_3984_DBVPG_3984	267237	0.039321
DBVPG_4201_DBVPG_4201	222634	0.000076
DBVPG_4202_DBVPG_4202	228148	0.000070
DBVPG_4203_DBVPG_4203	236792	0.000068
DBVPG_4304_DBVPG_4304	253842	0.000098
DBVPG_4376_DBVPG_4376	267088	0.037688
DBVPG_4377_DBVPG_4377	259386	0.024408
DBVPG_4378_DBVPG_4378	267250	0.019667
DBVPG_4379_DBVPG_4379	154772	0.039477
DBVPG_4380_DBVPG_4380	210836	0.287920
DBVPG_4408_DBVPG_4408	265187	0.037879
DBVPG_4466_DBVPG_4466	251890	0.000127
DBVPG_4534_DBVPG_4534	232268	0.270364
DBVPG_4618_DBVPG_4618	266592	0.030005
DBVPG_4669_DBVPG_4669	265447	0.011716
DBVPG_4920_DBVPG_4920	260755	0.033541
DBVPG_4945_DBVPG_4945	161205	0.032666
DBVPG_4946_DBVPG_4946	266356	0.033001
DBVPG_4947_DBVPG_4947	250746	0.021133
DBVPG_4949_DBVPG_4949	264633	0.011756
DBVPG_4950_DBVPG_4950	265027	0.011671
DBVPG_4952_DBVPG_4952	250665	0.135115
DBVPG_4956_DBVPG_4956	261414	0.011885
DBVPG_4957_DBVPG_4957	257506	0.012027
DBVPG_4958_DBVPG_4958	265973	0.025442
DBVPG_4962_DBVPG_4962	264663	0.033076
DBVPG_4963_DBVPG_4963	265627	0.032851
DBVPG_4964_DBVPG_4964	258654	0.011997
DBVPG_5225_DBVPG_5225	263021	0.020553
DBVPG_5226_DBVPG_5226	266113	0.020356
DBVPG_5227_DBVPG_5227	265583	0.020464
DBVPG_5228_DBVPG_5228	263464	0.020527
DBVPG_5229_DBVPG_5229	264993	0.020423
DBVPG_5235_DBVPG_5235	262335	0.020664
DBVPG_5236_DBVPG_5236	227165	0.000053
DBVPG_5757_DBVPG_5757	267018	0.037574
DBVPG_5758_DBVPG_5758	267420	0.037563
DBVPG_5759_DBVPG_5759	267060	0.037557
DBVPG_6091_DBVPG_6091	264187	0.033272
DBVPG_6092_DBVPG_6092	264417	0.033368
DBVPG_6093_DBVPG_6093	261890	0.011974
DBVPG_6094_DBVPG_6094	261931	0.011862
DBVPG_6593_DBVPG_6593	266720	0.032963
DBVPG_6649_DBVPG_6649	229121	0.277030
DBVPG_6660_DBVPG_6660	245267	0.241891
DBVPG_6741_DBVPG_6741	241048	0.000145
DBVPG_6742_DBVPG_6742	246792	0.000093
DBVPG_6743_DBVPG_6743	265506	0.032937
DBVPG_6803_DBVPG_6803	247094	0.000121
DBVPG_7019_DBVPG_7019	250264	0.000140
DBVPG_8043_DBVPG_8043	231850	0.269683
EXF_10533_EXF_10533	29243	0.214957
EXF_10630_EXF_10630	20339	0.282708
EXF_10854_EXF_10854	239954	0.245472
EXF_12265_EXF_12265	20087	0.283168
EXF_12281_EXF_12281	266481	0.037725
EXF_12768_EXF_12768	256056	0.001148
EXF_13250_EXF_13250	244748	0.241820
EXF_13255_EXF_13255	244978	0.242267
EXF_13260_EXF_13260	245243	0.000114
EXF_13261_EXF_13261	251322	0.000111
EXF_13500_EXF_13500	106452	0.293879
EXF_13599_EXF_13599	266977	0.037632
EXF_13600_EXF_13600	231633	0.000086
EXF_13601_EXF_13601	245045	0.241221
EXF_13602_EXF_13602	248215	0.000125
EXF_13604_EXF_13604	265084	0.020299
EXF_14606_EXF_14606	17748	0.269213
EXF_1510_EXF_1510	261601	0.023704
EXF_1565_EXF_1565	253951	0.000114
EXF_1585_EXF_1585	234677	0.000111
EXF_1676_EXF_1676	246293	0.000114
EXF_1686_EXF_1686	242078	0.000107
EXF_1695_EXF_1695	267401	0.037517
EXF_1704_EXF_1704	267602	0.033064
EXF_17335_EXF_17335	243851	0.242517
EXF_2251_EXF_2251	230406	0.000082
EXF_3417_EXF_3417	242564	0.000091
EXF_3530_EXF_3530	240734	0.000087
EXF_3538_EXF_3538	267122	0.032139
EXF_3540_EXF_3540	250759	0.000088
EXF_3544_EXF_3544	247339	0.000085
EXF_3569_EXF_3569	234319	0.000085
EXF_3592_EXF_3592	243376	0.000099
EXF_3595_EXF_3595	265738	0.032920
EXF_3604_EXF_3604	267338	0.032094
EXF_3609_EXF_3609	254154	0.000094
EXF_3612_EXF_3612	241699	0.000087
EXF_3622_EXF_3622	241743	0.000103
EXF_3626_EXF_3626	267771	0.032128
EXF_3629_EXF_3629	245343	0.241947
EXF_3633_EXF_3633	245120	0.241445
EXF_3790_EXF_3790	264514	0.033140
EXF_3860_EXF_3860	262773	0.033527
EXF_3861_EXF_3861	263837	0.033278
EXF_3862_EXF_3862	261613	0.033519
EXF_4885_EXF_4885	265112	0.020339
EXF_5546_EXF_5546	245700	0.000114
EXF_5666_EXF_5666	231728	0.270615
EXF_5668_EXF_5668	226731	0.273959
EXF_5775_EXF_5775	267312	0.037664
EXF_5938_EXF_5938	243766	0.000107
EXF_5939_EXF_5939	233060	0.000082
EXF_5940_EXF_5940	266779	0.037743
EXF_5941_EXF_5941	252990	0.000158
EXF_6243_EXF_6243	266330	0.037829
EXF_6252_EXF_6252	266790	0.037704
EXF_6325_EXF_6325	235016	0.000072
EXF_6360_EXF_6360	266771	0.030097
EXF_6370_EXF_6370	266885	0.037619
EXF_6373_EXF_6373	266583	0.037673
EXF_7386_EXF_7386	244978	0.241826
EXF_7920_EXF_7920	245891	0.000077
EXF_7931_EXF_7931	237156	0.000076
EXF_7934_EXF_7934	226782	0.000101
EXF_7944_EXF_7944	243174	0.000082
EXF_7949_EXF_7949	267185	0.037566
EXF_8006_EXF_8006	220346	0.000100
EXF_8014_EXF_8014	236171	0.000076
EXF_8109_EXF_8109	265090	0.032095
EXF_8151_EXF_8151	243082	0.000078
EXF_8155_EXF_8155	238227	0.000080
EXF_8254_EXF_8254	231185	0.000112
EXF_8395_EXF_8395	264266	0.030462
EXF_8400_EXF_8400	255217	0.015939
EXF_8463_EXF_8463	259531	0.015671
EXF_8464_EXF_8464	242445	0.000107
EXF_8465_EXF_8465	242531	0.000103
EXF_8891_EXF_8891	237752	0.000118
EXF_8898_EXF_8898	248417	0.000113
EXF_8921_EXF_8921	238793	0.000092
EXF_8942_EXF_8942	251583	0.000107
EXF_8984_EXF_8984	248430	0.000081
EXF_9051_EXF_9051	244682	0.000082
EXF_9595_EXF_9595	264683	0.033202
EXF_9756_EXF_9756	250426	0.000140
EXF_9762_EXF_9762	247556	0.000125
EXF_9926_EXF_9926	264472	0.022611
EXF_9950_EXF_9950	267907	0.037491
IIF8SW-B2_IIF8SW-B2	261384	0.020166
NRRL_Y-2510_NRRL_Y-2510	265378	0.037901
TFCN_100D-1_TFCN_100D-1	254884	0.012241
TFCN_102C-1_TFCN_102C-1	219885	0.000077
TFCN_102C-2_TFCN_102C-2	256965	0.000237
TFCN_102D-1_TFCN_102D-1	265588	0.011793
TFCN_102D-2_TFCN_102D-2	209849	0.000081
TFCN_105A-2_TFCN_105A-2	254552	0.000134
TFCN_106A-1_TFCN_106A-1	239026	0.000180
TFCN_107A-6_TFCN_107A-6	250996	0.012423
TFCN_107C-3_TFCN_107C-3	260166	0.011992
TFCN_110C-1_TFCN_110C-1	257707	0.000144
TFCN_118C-2_TFCN_118C-2	263744	0.011814
TFCN_122C-2_TFCN_122C-2	243300	0.000144
TFCN_130D-4_TFCN_130D-4	252430	0.000143
TFCN_134A-3_TFCN_134A-3	245105	0.242778
TFCN_137C-3_TFCN_137C-3	145860	0.000206
TFCN_137D-4_TFCN_137D-4	29784	0.001074
TFCN_138A-1_TFCN_138A-1	243145	0.000148
TFCN_140A-3_TFCN_140A-3	258984	0.012078
TFCN_141C-2_TFCN_141C-2	243136	0.000177
TFCN_152A-12_TFCN_152A-12	255953	0.000160
TFCN_152A-1_TFCN_152A-1	247581	0.142567
TFCN_152A-2_TFCN_152A-2	264262	0.011806
TFCN_152A-3_TFCN_152A-3	14851	0.327015
TFCN_152A-5_TFCN_152A-5	241018	0.000141
TFCN_152C-5_TFCN_152C-5	211562	0.014658
TFCN_17-0-2E334-10_TFCN_17-0-2E334-10	265172	0.011800
TFCN_17-0-2E334-4_TFCN_17-0-2E334-4	248001	0.125969
TFCN_17-0-2E337-3_TFCN_17-0-2E337-3	245960	0.145879
TFCN_17-0-2E390-1_TFCN_17-0-2E390-1	252734	0.133098
TFCN_17-0-2E390-2_TFCN_17-0-2E390-2	250113	0.138132
TFCN_17-267M-1_TFCN_17-267M-1	250972	0.124667
TFCN_17-291Y-1_TFCN_17-291Y-1	249633	0.140174
TFCN_17-325D-2_TFCN_17-325D-2	221800	0.000077
TFCN_17-325D-4_TFCN_17-325D-4	185668	0.000097
TFCN_17-325P-1_TFCN_17-325P-1	235472	0.000072
TFCN_17-329Y-4_TFCN_17-329Y-4	266560	0.032799
TFCN_17-332C-1_TFCN_17-332C-1	242920	0.000136
TFCN_17-332C-2_TFCN_17-332C-2	257049	0.000132
TFCN_17-332D-1_TFCN_17-332D-1	250589	0.000136
TFCN_17-332M-1_TFCN_17-332M-1	243162	0.241440
TFCN_17-332M-2_TFCN_17-332M-2	218832	0.000155
TFCN_17-332P-1_TFCN_17-332P-1	257620	0.000128
TFCN_17-332P-2_TFCN_17-332P-2	251240	0.000131
TFCN_17-333D-2_TFCN_17-333D-2	118735	0.000345
TFCN_17-333M-1_TFCN_17-333M-1	244591	0.144962
TFCN_17-333P-6_TFCN_17-333P-6	243921	0.133182
TFCN_17-334C-1_TFCN_17-334C-1	237015	0.000131
TFCN_17-334D-6_TFCN_17-334D-6	245810	0.145808
TFCN_17-334P-3_TFCN_17-334P-3	263672	0.011901
TFCN_17-334Y-2_TFCN_17-334Y-2	259721	0.000123
TFCN_17-334Y-3_TFCN_17-334Y-3	263098	0.011847
TFCN_17-334Y-5_TFCN_17-334Y-5	249813	0.139739
TFCN_17-337P-5_TFCN_17-337P-5	245827	0.129323
TFCN_17-338D-3_TFCN_17-338D-3	247270	0.000069
TFCN_17-390M-1_TFCN_17-390M-1	248821	0.140410
TFCN_172A-1_TFCN_172A-1	240731	0.000145
TFCN_17Y-278-1_TFCN_17Y-278-1	249153	0.140962
TFCN_181A-1_TFCN_181A-1	255764	0.000168
TFCN_186CL-2_TFCN_186CL-2	244491	0.146713
TFCN_1A-1-5_TFCN_1A-1-5	242957	0.000169
TFCN_1A-14_TFCN_1A-14	245036	0.240250
TFCN_209-6-11_TFCN_209-6-11	214280	0.000163
TFCN_209-6-12_TFCN_209-6-12	252898	0.000142
TFCN_209-6-14_TFCN_209-6-14	252942	0.000142
TFCN_209-6-17_TFCN_209-6-17	249666	0.000144
TFCN_209-6-1_TFCN_209-6-1	241291	0.000149
TFCN_209-6-2_TFCN_209-6-2	257315	0.000140
TFCN_209-6-4_TFCN_209-6-4	254367	0.000142
TFCN_209-6-5_TFCN_209-6-5	248710	0.000145
TFCN_211A-3_TFCN_211A-3	265714	0.011723
TFCN_211C-2_TFCN_211C-2	20187	0.281592
TFCN_212C-2_TFCN_212C-2	255494	0.000125
TFCN_213-6-2_TFCN_213-6-2	196858	0.000163
TFCN_213-6-4_TFCN_213-6-4	252325	0.000123
TFCN_223A-8_TFCN_223A-8	245756	0.000167
TFCN_22C-4_TFCN_22C-4	250019	0.139151
TFCN_25-0-2E332-1_TFCN_25-0-2E332-1	129020	0.000264
TFCN_25-0-2E333-1_TFCN_25-0-2E333-1	247819	0.124817
TFCN_25-0-2E333-5_TFCN_25-0-2E333-5	263529	0.011805
TFCN_25-0-2E333-7_TFCN_25-0-2E333-7	225696	0.000075
TFCN_25-0-2E333-9_TFCN_25-0-2E333-9	264554	0.011767
TFCN_25-0-2E334-1_TFCN_25-0-2E334-1	246242	0.151627
TFCN_25-0-2E390-1_TFCN_25-0-2E390-1	251141	0.137025
TFCN_25-325Y-1_TFCN_25-325Y-1	249933	0.000068
TFCN_25-327D-1_TFCN_25-327D-1	265898	0.011692
TFCN_25-331D-1_TFCN_25-331D-1	252175	0.135148
TFCN_25-332C-1_TFCN_25-332C-1	251498	0.000135
TFCN_25-332D-1_TFCN_25-332D-1	256095	0.000144
TFCN_25-332D-2_TFCN_25-332D-2	245390	0.000139
TFCN_25-332M-1_TFCN_25-332M-1	258095	0.000128
TFCN_25-332M-2_TFCN_25-332M-2	242407	0.000140
TFCN_25-332P-2_TFCN_25-332P-2	243262	0.000140
TFCN_25-332Y-1_TFCN_25-332Y-1	240389	0.000146
TFCN_25-333C-2_TFCN_25-333C-2	267078	0.011641
TFCN_25-333P-2_TFCN_25-333P-2	262695	0.011911
TFCN_25-333Y-10_TFCN_25-333Y-10	230394	0.270688
TFCN_25-333Y-9_TFCN_25-333Y-9	262949	0.011846
TFCN_25-334D-3_TFCN_25-334D-3	259575	0.031120
TFCN_25-334Y-6_TFCN_25-334Y-6	229843	0.261805
TFCN_25-335Y-1_TFCN_25-335Y-1	243489	0.000144
TFCN_25-337M-3_TFCN_25-337M-3	42125	0.000807
TFCN_25-337Y-1_TFCN_25-337Y-1	259641	0.000146
TFCN_25-395P-1_TFCN_25-395P-1	232058	0.268338
TFCN_270H-1_TFCN_270H-1	247058	0.151726
TFCN_270H-2_TFCN_270H-2	247754	0.012597
TFCN_273H-1_TFCN_273H-1	266080	0.011752
TFCN_2M-1-3_TFCN_2M-1-3	251461	0.012384
TFCN_2M-1-4_TFCN_2M-1-4	261398	0.011932
TFCN_33A-4_TFCN_33A-4	232778	0.267963
TFCN_340-1_TFCN_340-1	265290	0.011731
TFCN_340-3_TFCN_340-3	262322	0.011879
TFCN_342-3_TFCN_342-3	237760	0.000130
TFCN_363-1-2_TFCN_363-1-2	117201	0.026356
TFCN_3M-1-1_TFCN_3M-1-1	241873	0.144291
TFCN_404D-1_TFCN_404D-1	243699	0.145834
TFCN_4M-1-2_TFCN_4M-1-2	261359	0.011964
TFCN_4M-1-3_TFCN_4M-1-3	259078	0.000158
TFCN_4M-1-4_TFCN_4M-1-4	244381	0.000168
TFCN_4M-1-5_TFCN_4M-1-5	259328	0.000166
TFCN_54D-1_TFCN_54D-1	249597	0.139813
TFCN_54D-2_TFCN_54D-2	251158	0.000163
TFCN_7-6-3_TFCN_7-6-3	20627	0.307243
TFCN_86A-12_TFCN_86A-12	137709	0.000232
TFCN_86A-3_TFCN_86A-3	244864	0.000172
TFCN_86A-5_TFCN_86A-5	54943	0.256375
TFCN_86C-3_TFCN_86C-3	243555	0.000103
TFCN_89D-3_TFCN_89D-3	119296	0.026078
TFCN_98A-10_TFCN_98A-10	265973	0.011742
TFCN_98A-5_TFCN_98A-5	246034	0.000167
TFCN_98C-3_TFCN_98C-3	245391	0.000171
TFCN_98C-5_TFCN_98C-5	249223	0.000177
TFCN_98C-7_TFCN_98C-7	255205	0.012214
TFCN_98C-8_TFCN_98C-8	254644	0.000161
TFCN_98D-11_TFCN_98D-11	239324	0.000175
TFCN_98D-7_TFCN_98D-7	246236	0.000138
TFCN_98D-9_TFCN_98D-9	230245	0.000148
