clone_group	size	strain	Origin	Environment
CG001	113	DBVPG_10886	Italy	rock
CG001	113	DBVPG_4201	Italy	plant
CG001	113	DBVPG_4202	Italy	soil
CG001	113	DBVPG_4203	Italy	soil
CG001	113	DBVPG_4304	Italy	unknown
CG001	113	DBVPG_4466	Italy	plant
CG001	113	DBVPG_5236	Italy	soil
CG001	113	DBVPG_6741	Italy	soil
CG001	113	DBVPG_6742	Italy	unknown
CG001	113	DBVPG_6803	Italy	soil
CG001	113	DBVPG_7019	Italy	unknown
CG001	113	EXF_13260	Mexico	volcano
CG001	113	EXF_13261	Mexico	volcano
CG001	113	EXF_13600	Greenland	air
CG001	113	EXF_13602	Greenland	air
CG001	113	EXF_1565	Arctic	Sea_ice
CG001	113	EXF_1585	Arctic	Seawater
CG001	113	EXF_1676	Arctic	glacier_ice
CG001	113	EXF_1686	Arctic	Glacial_leaching
CG001	113	EXF_2251		
CG001	113	EXF_3417	Arctic	glacier_ice
CG001	113	EXF_3530	Arctic	glacier_ice
CG001	113	EXF_3540	Arctic	glacier_ice
CG001	113	EXF_3544	Arctic	glacier_ice
CG001	113	EXF_3569	Arctic	Glacial_water_with_sediment
CG001	113	EXF_3592	Arctic	glacier_ice
CG001	113	EXF_3609	Arctic	glacier_ice
CG001	113	EXF_3612	Arctic	Glacial_water
CG001	113	EXF_3622	Arctic	glacier_ice
CG001	113	EXF_5546	Slovenia	Dishwasher_rubber 
CG001	113	EXF_5938	Argentina	watterfall
CG001	113	EXF_5939	Argentina	Glacial_water
CG001	113	EXF_5941	Argentina	Glacial_water
CG001	113	EXF_6325	Slovenia	washing_machine_rubber
CG001	113	EXF_7920	Sweden	metal_drainage_in_sink_Bathroom
CG001	113	EXF_7931	Sweden	Metal_drain_of_the_kitchen_sink
CG001	113	EXF_7944	Sweden	metal_holder_for_washed_dishes
CG001	113	EXF_8006	Sweden	metal_drainage_in_sink_Bathroom
CG001	113	EXF_8014	Sweden	contact_surface_between_faucet_and_sink_bathroom
CG001	113	EXF_8151	Denmark	shower_bathroom
CG001	113	EXF_8155	Denmark	sink_in_kitchen
CG001	113	EXF_8254	Slovenia	tap_water
CG001	113	EXF_8464	Slovenia	water_from_well 
CG001	113	EXF_8465	Slovenia	tap_water
CG001	113	EXF_8898	Slovenia	Fugue_at_shower_bathroom
CG001	113	EXF_8921	Slovenia	Hot_steam_after_end_of_dishwashing_cycle
CG001	113	EXF_8942	Slovenia	Strainer_basket
CG001	113	EXF_8984	Slovenia	water_from_cloth
CG001	113	EXF_9756	Slovenia	rubber_seal_dishwasher
CG001	113	EXF_9762	Slovenia	rubber_seal_dishwasher
CG001	113	TFCN_102C-1	China	marsh_tidalflat
CG001	113	TFCN_102C-2	China	marsh_tidalflat
CG001	113	TFCN_102D-2	China	marsh_tidalflat
CG001	113	TFCN_105A-2	China	marsh_tidalflat
CG001	113	TFCN_106A-1	China	marsh_tidalflat
CG001	113	TFCN_110C-1	China	marsh_tidalflat
CG001	113	TFCN_122C-2	China	marsh_tidalflat
CG001	113	TFCN_130D-4	China	marsh_tidalflat
CG001	113	TFCN_137C-3	China	marsh_tidalflat
CG001	113	TFCN_138A-1	China	marsh_tidalflat
CG001	113	TFCN_141C-2	China	marsh_tidalflat
CG001	113	TFCN_152A-12	China	marsh_tidalflat
CG001	113	TFCN_152A-5	China	marsh_tidalflat
CG001	113	TFCN_17-325D-2	China	marsh_tidalflat
CG001	113	TFCN_17-325D-4	China	marsh_tidalflat
CG001	113	TFCN_17-325P-1	China	marsh_tidalflat
CG001	113	TFCN_17-332C-1	China	marsh_tidalflat
CG001	113	TFCN_17-332C-2	China	marsh_tidalflat
CG001	113	TFCN_17-332D-1	China	marsh_tidalflat
CG001	113	TFCN_17-332M-2	China	marsh_tidalflat
CG001	113	TFCN_17-332P-1	China	marsh_tidalflat
CG001	113	TFCN_17-332P-2	China	marsh_tidalflat
CG001	113	TFCN_17-334C-1	China	marsh_tidalflat
CG001	113	TFCN_17-334Y-2	China	marsh_tidalflat
CG001	113	TFCN_17-338D-3	China	marsh_tidalflat
CG001	113	TFCN_172A-1	China	marsh_tidalflat
CG001	113	TFCN_181A-1	China	marsh_tidalflat
CG001	113	TFCN_209-6-1	China	marsh_tidalflat
CG001	113	TFCN_209-6-11	China	marsh_tidalflat
CG001	113	TFCN_209-6-12	China	marsh_tidalflat
CG001	113	TFCN_209-6-14	China	marsh_tidalflat
CG001	113	TFCN_209-6-17	China	marsh_tidalflat
CG001	113	TFCN_209-6-2	China	marsh_tidalflat
CG001	113	TFCN_209-6-4	China	marsh_tidalflat
CG001	113	TFCN_209-6-5	China	marsh_tidalflat
CG001	113	TFCN_212C-2	China	marsh_tidalflat
CG001	113	TFCN_213-6-2	China	marsh_tidalflat
CG001	113	TFCN_213-6-4	China	marsh_tidalflat
CG001	113	TFCN_223A-8	China	marsh_tidalflat
CG001	113	TFCN_25-0-2E333-7	China	marsh_tidalflat
CG001	113	TFCN_25-325Y-1	China	marsh_tidalflat
CG001	113	TFCN_25-332C-1	China	marsh_tidalflat
CG001	113	TFCN_25-332D-1	China	marsh_tidalflat
CG001	113	TFCN_25-332D-2	China	marsh_tidalflat
CG001	113	TFCN_25-332M-1	China	marsh_tidalflat
CG001	113	TFCN_25-332P-2	China	marsh_tidalflat
CG001	113	TFCN_25-332Y-1	China	marsh_tidalflat
CG001	113	TFCN_25-335Y-1	China	marsh_tidalflat
CG001	113	TFCN_25-337Y-1	China	marsh_tidalflat
CG001	113	TFCN_342-3	China	marsh_tidalflat
CG001	113	TFCN_4M-1-3	China	marsh_tidalflat
CG001	113	TFCN_4M-1-4	China	marsh_tidalflat
CG001	113	TFCN_4M-1-5	China	marsh_tidalflat
CG001	113	TFCN_54D-2	China	marsh_tidalflat
CG001	113	TFCN_86A-12	China	marsh_tidalflat
CG001	113	TFCN_86A-3	China	marsh_tidalflat
CG001	113	TFCN_98A-5	China	marsh_tidalflat
CG001	113	TFCN_98C-3	China	marsh_tidalflat
CG001	113	TFCN_98C-5	China	marsh_tidalflat
CG001	113	TFCN_98C-8	China	marsh_tidalflat
CG001	113	TFCN_98D-11	China	marsh_tidalflat
CG001	113	TFCN_98D-7	China	marsh_tidalflat
CG001	113	TFCN_98D-9	China	marsh_tidalflat
CG002	38	DBVPG_10619	Italy	plant
CG002	38	DBVPG_10780	Italy	snow_ice
CG002	38	DBVPG_3238	Italy	food
CG002	38	DBVPG_3239	Italy	food
CG002	38	DBVPG_4669	Italy	food
CG002	38	DBVPG_4949	Italy	soil
CG002	38	DBVPG_4950	Italy	soil
CG002	38	DBVPG_4956	Italy	soil
CG002	38	DBVPG_4957	Italy	soil
CG002	38	DBVPG_4964	Italy	soil
CG002	38	DBVPG_6093	Italy	unknown
CG002	38	DBVPG_6094	Italy	unknown
CG002	38	TFCN_100D-1	China	marsh_tidalflat
CG002	38	TFCN_102D-1	China	marsh_tidalflat
CG002	38	TFCN_107A-6	China	marsh_tidalflat
CG002	38	TFCN_107C-3	China	marsh_tidalflat
CG002	38	TFCN_118C-2	China	marsh_tidalflat
CG002	38	TFCN_140A-3	China	marsh_tidalflat
CG002	38	TFCN_152A-2	China	marsh_tidalflat
CG002	38	TFCN_152C-5	China	marsh_tidalflat
CG002	38	TFCN_17-0-2E334-10	China	marsh_tidalflat
CG002	38	TFCN_17-334P-3	China	marsh_tidalflat
CG002	38	TFCN_17-334Y-3	China	marsh_tidalflat
CG002	38	TFCN_211A-3	China	marsh_tidalflat
CG002	38	TFCN_25-0-2E333-5	China	marsh_tidalflat
CG002	38	TFCN_25-0-2E333-9	China	marsh_tidalflat
CG002	38	TFCN_25-327D-1	China	marsh_tidalflat
CG002	38	TFCN_25-333C-2	China	marsh_tidalflat
CG002	38	TFCN_25-333P-2	China	marsh_tidalflat
CG002	38	TFCN_25-333Y-9	China	marsh_tidalflat
CG002	38	TFCN_270H-2	China	marsh_tidalflat
CG002	38	TFCN_273H-1	China	marsh_tidalflat
CG002	38	TFCN_2M-1-4	China	marsh_tidalflat
CG002	38	TFCN_340-1	China	marsh_tidalflat
CG002	38	TFCN_340-3	China	marsh_tidalflat
CG002	38	TFCN_4M-1-2	China	marsh_tidalflat
CG002	38	TFCN_98A-10	China	marsh_tidalflat
CG002	38	TFCN_98C-7	China	marsh_tidalflat
CG003	23	DBVPG_10656		
CG003	23	DBVPG_3442	Italy	food
CG003	23	DBVPG_3443	Italy	food
CG003	23	DBVPG_3775	Italy	soil
CG003	23	DBVPG_3776	Italy	soil
CG003	23	DBVPG_3777	Italy	soil
CG003	23	DBVPG_3778	Italy	soil
CG003	23	DBVPG_3780	Italy	soil
CG003	23	DBVPG_3858	Italy	insect
CG003	23	DBVPG_4920	Italy	food
CG003	23	DBVPG_4946	Italy	food
CG003	23	DBVPG_4962	Italy	soil
CG003	23	DBVPG_4963	Italy	soil
CG003	23	DBVPG_6091	Italy	insect
CG003	23	DBVPG_6092	Italy	unknown
CG003	23	DBVPG_6593	Italy	unknown
CG003	23	DBVPG_6743	Italy	soil
CG003	23	EXF_3595	Puerto Rico	microbial_mat
CG003	23	EXF_3790	Puerto Rico	microbial_mat_salterns
CG003	23	EXF_3860	Puerto Rico	microbial_mat_salterns
CG003	23	EXF_3861	Puerto Rico	microbial_mat_salterns
CG003	23	EXF_3862	Puerto Rico	microbial_mat_salterns
CG003	23	EXF_9595	Italy	Kitchen_moist_panel_inside_fridge
CG004	17	DBVPG_4376	Italy	food
CG004	17	DBVPG_4408	Italy	marine
CG004	17	DBVPG_5757	Italy	soil
CG004	17	DBVPG_5758	Italy	soil
CG004	17	DBVPG_5759	Italy	soil
CG004	17	EXF_12281	Sweden	Refrigerator
CG004	17	EXF_13599	Norway	snow
CG004	17	EXF_1695	Arctic	glacier_ice
CG004	17	EXF_5775	Slovenia	water_from_car_wash
CG004	17	EXF_5940	Argentina	Glacial_water
CG004	17	EXF_6243	Slovenia	sewages_of_car_wash
CG004	17	EXF_6252	Slovenia	sewages_of_car_wash
CG004	17	EXF_6370	Slovenia	sink_in_bathroom
CG004	17	EXF_6373	Slovenia	sink_in_kitchen
CG004	17	EXF_7949	Sweden	Metal_drain_of_the_kitchen_sink 
CG004	17	EXF_9950	Slovenia	Strainer_basket
CG004	17	NRRL_Y-2510		
CG005	10	CCFEE_5036		
CG005	10	DBVPG_10882	Italy	rock
CG005	10	DBVPG_5225	Italy	soil
CG005	10	DBVPG_5226	Italy	soil
CG005	10	DBVPG_5227	Italy	soil
CG005	10	DBVPG_5228	Italy	soil
CG005	10	DBVPG_5229	Italy	soil
CG005	10	DBVPG_5235	Italy	soil
CG005	10	EXF_13604	Austria	air
CG005	10	EXF_4885	Slovenia	Mengore_cave
CG006	6	DBVPG_3044	Italy	unknown
CG006	6	DBVPG_3090	Italy	food
CG006	6	DBVPG_3235	Italy	food
CG006	6	DBVPG_3236	Italy	food
CG006	6	DBVPG_3983	Italy	cave
CG006	6	DBVPG_3984	Italy	cave
CG007	6	DBVPG_3237	Italy	food
CG007	6	DBVPG_3381	Italy	plant
CG007	6	DBVPG_3382	Italy	plant
CG007	6	DBVPG_3383	Italy	plant
CG007	6	DBVPG_3384	Italy	plant
CG007	6	DBVPG_3774	Italy	food
CG008	4	DBVPG_10842	Italy	snow_ice
CG008	4	DBVPG_4945	Italy	food
CG008	4	DBVPG_4947	Italy	food
CG008	4	IIF8SW-B2	America	ISS_waste_hygeine compt
CG009	3	DBVPG_4618	Italy	soil
CG009	3	EXF_6360	Slovenia	funnel_in_kitchen
CG009	3	EXF_8395	Slovenia	Box_of_detergent
CG010	3	EXF_3538	Arctic	glacier_ice
CG010	3	EXF_3604	Arctic	Glacial_water
CG010	3	EXF_3626	Arctic	glacier_ice
CG011	2	DBVPG_10937	Italy	food
CG011	2	DBVPG_4958	Italy	soil
CG012	2	EXF_8400	Slovenia	metal_drain_basin_in_bathroom
CG012	2	EXF_8463	Slovenia	tap_water
CG013	1	CHIFNET_12H1194	China	blood
CG014	1	DBVPG_4377	Italy	marine
CG015	1	DBVPG_4378	Italy	food
CG016	1	EXF_1510	Arctic	glacier_ice
CG017	1	EXF_1704	Arctic	glacier_ice
CG018	1	EXF_8109	Slovenia	Metal_drain_of_the_kitchen_sink
CG019	1	EXF_9926	Slovenia	Ceramic_platter
CG020	1	TFCN_17-329Y-4	China	marsh_tidalflat
CG021	1	TFCN_25-334D-3	China	marsh_tidalflat
