strain	group	qc_decision	phenotype_table_species	snps_per_Mb_vs_ref	median_dist_core_haploids	nearest_core	nearest_core_dist	nearest_frig	nearest_frig_dist	nearest_affmuc	nearest_affmuc_dist
CCFEE_5036	rmuc_core	keep:-	NA	5788.8	0.0210	DBVPG_5226	0.0001	TFCN_1A-14	0.2490	TFCN_25-334Y-6	0.2671
CHIFNET_12H1194	rmuc_core	keep:-	NA	8256.2	0.0410	EXF_3604	0.0217	TFCN_1A-14	0.2508	TFCN_25-334Y-6	0.2712
CHIFNET_14NJ214	R. frigidialcoholis	drop:other_species	NA	16876.1	0.1426	EXF_3604	0.1306	EXF_3633	0.1352	TFCN_25-334Y-6	0.2887
DBVPG_10619	rmuc_core	keep:-	Rhodotorula mucilaginosa	2876.7	0.0119	DBVPG_4956	0.0003	TFCN_1A-14	0.2474	TFCN_25-334Y-6	0.2654
DBVPG_10656	rmuc_core	keep:-	Rhodotorula nothofagi	6644.9	0.0343	DBVPG_4946	0.0001	TFCN_1A-14	0.2510	TFCN_25-334Y-6	0.2702
DBVPG_10780	rmuc_core	keep:-	Rhodotorula mucilaginosa	2837.0	0.0118	DBVPG_4964	0.0002	TFCN_1A-14	0.2471	TFCN_25-334Y-6	0.2654
DBVPG_10842	rmuc_core	keep:-	Rhodotorula mucilaginosa	5213.0	0.0207	IIF8SW-B2	0.0001	TFCN_1A-14	0.2490	TFCN_25-334Y-6	0.2672
DBVPG_10882	rmuc_core	keep:-	Rhodotorula mucilaginosa	5348.3	0.0208	DBVPG_5225	0.0000	TFCN_1A-14	0.2490	TFCN_25-334Y-6	0.2674
DBVPG_10886	rmuc_core	keep:-	Rhodotorula mucilaginosa	24.7	0.0119	EXF_7931	0.0001	TFCN_1A-14	0.2443	TFCN_25-334Y-6	0.2621
DBVPG_10937	rmuc_core	keep:-	Rhodotorula mucilaginosa	6598.6	0.0270	DBVPG_4958	0.0003	TFCN_1A-14	0.2499	TFCN_25-334Y-6	0.2689
DBVPG_3044	rmuc_core	keep:-	Rhodotorula mucilaginosa	9566.9	0.0405	DBVPG_3090	0.0001	TFCN_1A-14	0.2516	TFCN_25-334Y-6	0.2711
DBVPG_3045	hybrid diploid	keep:-	Rhodotorula mucilaginosa	15329.8	0.1419	EXF_1704	0.1287	TFCN_1A-14	0.2726	TFCN_25-334Y-6	0.2496
DBVPG_3090	rmuc_core	keep:-	Rhodotorula mucilaginosa	9579.1	0.0405	DBVPG_3235	0.0001	TFCN_1A-14	0.2518	TFCN_25-334Y-6	0.2711
DBVPG_3235	rmuc_core	keep:-	Rhodotorula mucilaginosa	9349.0	0.0406	DBVPG_3236	0.0001	TFCN_1A-14	0.2516	TFCN_25-334Y-6	0.2710
DBVPG_3236	rmuc_core	keep:-	Rhodotorula mucilaginosa	9435.5	0.0405	DBVPG_3984	0.0001	TFCN_1A-14	0.2517	TFCN_25-334Y-6	0.2710
DBVPG_3237	rmuc_core	keep:-	Rhodotorula mucilaginosa	6819.6	0.0305	DBVPG_3383	0.0001	TFCN_1A-14	0.2502	TFCN_25-334Y-6	0.2694
DBVPG_3238	rmuc_core	keep:-	Rhodotorula mucilaginosa	2766.0	0.0117	DBVPG_4964	0.0002	TFCN_1A-14	0.2469	TFCN_25-334Y-6	0.2653
DBVPG_3239	rmuc_core	keep:no_het_diploid	Rhodotorula mucilaginosa	2845.3	0.0116	DBVPG_3238	0.0001	TFCN_1A-14	0.2467	TFCN_25-334Y-6	0.2651
DBVPG_3381	rmuc_core	keep:-	Rhodotorula mucilaginosa	7043.6	0.0303	DBVPG_3383	0.0001	TFCN_1A-14	0.2501	TFCN_25-334Y-6	0.2692
DBVPG_3382	rmuc_core	keep:-	Rhodotorula mucilaginosa	7012.1	0.0302	DBVPG_3383	0.0000	TFCN_1A-14	0.2501	TFCN_25-334Y-6	0.2694
DBVPG_3383	rmuc_core	keep:-	Rhodotorula mucilaginosa	6882.2	0.0306	DBVPG_3382	0.0000	TFCN_1A-14	0.2503	TFCN_25-334Y-6	0.2694
DBVPG_3384	rmuc_core	keep:-	Rhodotorula mucilaginosa	6854.9	0.0304	DBVPG_3774	0.0000	TFCN_1A-14	0.2502	TFCN_25-334Y-6	0.2692
DBVPG_3442	rmuc_core	keep:-	Rhodotorula mucilaginosa	6572.5	0.0343	DBVPG_3443	0.0000	TFCN_1A-14	0.2510	TFCN_25-334Y-6	0.2702
DBVPG_3443	rmuc_core	keep:-	Rhodotorula mucilaginosa	6613.8	0.0343	DBVPG_3442	0.0000	TFCN_1A-14	0.2511	TFCN_25-334Y-6	0.2701
DBVPG_3444	hybrid diploid	keep:-	Rhodotorula mucilaginosa	15460.2	0.1409	EXF_1704	0.1280	TFCN_1A-14	0.2728	TFCN_25-334Y-6	0.2498
DBVPG_3445	other dropped	drop:ploidy_skewed	Rhodotorula mucilaginosa	31275.1	0.1066	TFCN_25-0-2E333-9	0.1001	TFCN_1A-14	0.2670	TFCN_25-334Y-6	0.2487
DBVPG_3446	hybrid diploid	keep:-	Rhodotorula mucilaginosa	18300.7	0.1676	CHIFNET_12H1194	0.1544	TFCN_1A-14	0.2782	TFCN_25-334Y-6	0.2468
DBVPG_3538	hybrid diploid	keep:-	Rhodotorula mucilaginosa	15828.1	0.1497	DBVPG_3384	0.1302	TFCN_1A-14	0.2802	TFCN_25-395P-1	0.1435
DBVPG_3774	rmuc_core	keep:-	Rhodotorula mucilaginosa	6967.7	0.0305	DBVPG_3384	0.0000	TFCN_1A-14	0.2504	TFCN_25-334Y-6	0.2696
DBVPG_3775	rmuc_core	keep:-	Rhodotorula mucilaginosa	6940.5	0.0340	DBVPG_3776	0.0001	TFCN_1A-14	0.2510	TFCN_25-334Y-6	0.2700
DBVPG_3776	rmuc_core	keep:-	Rhodotorula mucilaginosa	6667.0	0.0343	DBVPG_3777	0.0000	TFCN_1A-14	0.2509	TFCN_25-334Y-6	0.2702
DBVPG_3777	rmuc_core	keep:-	Rhodotorula mucilaginosa	6688.6	0.0342	DBVPG_3776	0.0000	TFCN_1A-14	0.2510	TFCN_25-334Y-6	0.2702
DBVPG_3778	rmuc_core	keep:-	Rhodotorula mucilaginosa	6163.7	0.0348	DBVPG_3776	0.0001	TFCN_1A-14	0.2512	TFCN_25-334Y-6	0.2705
DBVPG_3780	rmuc_core	keep:-	Rhodotorula mucilaginosa	6700.5	0.0344	DBVPG_3776	0.0001	TFCN_1A-14	0.2511	TFCN_25-334Y-6	0.2703
DBVPG_3854	hybrid diploid	keep:-	Rhodotorula mucilaginosa	14900.1	0.1322	TFCN_25-0-2E333-9	0.1261	TFCN_1A-14	0.2302	TFCN_25-334Y-6	0.2833
DBVPG_3855	hybrid diploid	keep:-	Rhodotorula mucilaginosa	18779.3	0.1243	TFCN_25-0-2E333-9	0.1179	TFCN_1A-14	0.2309	TFCN_25-334Y-6	0.2819
DBVPG_3856	hybrid diploid	keep:-	Rhodotorula mucilaginosa	14062.4	0.1327	TFCN_25-0-2E333-9	0.1266	TFCN_1A-14	0.2303	TFCN_25-334Y-6	0.2834
DBVPG_3857	hybrid diploid	keep:-	Rhodotorula mucilaginosa	13974.8	0.1328	TFCN_25-0-2E333-9	0.1266	TFCN_1A-14	0.2302	TFCN_25-334Y-6	0.2837
DBVPG_3858	rmuc_core	keep:-	Rhodotorula mucilaginosa	6961.1	0.0340	DBVPG_3776	0.0001	TFCN_1A-14	0.2509	TFCN_25-334Y-6	0.2700
DBVPG_3983	rmuc_core	keep:-	Rhodotorula mucilaginosa	9521.7	0.0405	DBVPG_3090	0.0001	TFCN_1A-14	0.2516	TFCN_25-334Y-6	0.2710
DBVPG_3984	rmuc_core	keep:-	Rhodotorula mucilaginosa	9433.8	0.0405	DBVPG_3236	0.0001	TFCN_1A-14	0.2517	TFCN_25-334Y-6	0.2710
DBVPG_4201	rmuc_core	keep:-	Rhodotorula mucilaginosa	24.0	0.0087	DBVPG_4202	0.0000	TFCN_1A-14	0.2452	TFCN_25-334Y-6	0.2619
DBVPG_4202	rmuc_core	keep:-	Rhodotorula mucilaginosa	21.7	0.0101	DBVPG_4201	0.0000	TFCN_1A-14	0.2447	TFCN_25-334Y-6	0.2618
DBVPG_4203	rmuc_core	keep:-	Rhodotorula mucilaginosa	21.4	0.0119	DBVPG_4201	0.0000	TFCN_1A-14	0.2452	TFCN_25-334Y-6	0.2622
DBVPG_4304	rmuc_core	keep:-	Rhodotorula mucilaginosa	30.6	0.0119	DBVPG_6742	0.0000	TFCN_1A-14	0.2457	TFCN_25-334Y-6	0.2633
DBVPG_4376	rmuc_core	keep:-	Rhodotorula mucilaginosa	9082.8	0.0390	DBVPG_5757	0.0003	TFCN_1A-14	0.2510	TFCN_25-334Y-6	0.2704
DBVPG_4377	rmuc_core	keep:-	Rhodotorula mucilaginosa	6961.2	0.0267	EXF_9926	0.0218	TFCN_1A-14	0.2487	TFCN_25-334Y-6	0.2678
DBVPG_4378	rmuc_core	keep:-	Rhodotorula mucilaginosa	5620.7	0.0198	EXF_4885	0.0086	TFCN_1A-14	0.2484	TFCN_25-334Y-6	0.2671
DBVPG_4379	hybrid diploid	keep:-	Rhodotorula mucilaginosa	35838.6	0.1332	TFCN_25-0-2E333-9	0.1277	TFCN_1A-14	0.2784	TFCN_25-334Y-6	0.1539
DBVPG_4380	R. aff. mucilaginosa	drop:other_species	Rhodotorula mucilaginosa	54030.2	0.2919	TFCN_137C-3	0.2893	TFCN_1A-14	0.3080	TFCN_25-334Y-6	0.2096
DBVPG_4408	rmuc_core	keep:-	Rhodotorula mucilaginosa	8694.6	0.0391	DBVPG_5757	0.0003	TFCN_1A-14	0.2509	TFCN_25-334Y-6	0.2705
DBVPG_4466	rmuc_core	keep:-	Rhodotorula mucilaginosa	30.0	0.0116	EXF_13602	0.0001	TFCN_1A-14	0.2455	TFCN_25-334Y-6	0.2626
DBVPG_4534	R. aff. mucilaginosa	drop:other_species	Rhodotorula mucilaginosa	68332.3	0.2733	TFCN_137C-3	0.2698	TFCN_1A-14	0.3079	DBVPG_8043	0.0059
DBVPG_4618	rmuc_core	keep:-	Rhodotorula mucilaginosa	7324.7	0.0308	EXF_6360	0.0001	TFCN_1A-14	0.2501	TFCN_25-334Y-6	0.2691
DBVPG_4669	rmuc_core	keep:-	Rhodotorula mucilaginosa	2854.2	0.0116	DBVPG_4957	0.0002	TFCN_1A-14	0.2468	TFCN_25-334Y-6	0.2650
DBVPG_4920	rmuc_core	keep:-	Rhodotorula mucilaginosa	6109.4	0.0347	DBVPG_4946	0.0001	TFCN_1A-14	0.2511	TFCN_25-334Y-6	0.2704
DBVPG_4945	rmuc_core	keep:-	Rhodotorula mucilaginosa	4494.2	0.0330	DBVPG_4947	0.0001	TFCN_1A-14	0.2519	TFCN_25-334Y-6	0.2714
DBVPG_4946	rmuc_core	keep:-	Rhodotorula mucilaginosa	6464.7	0.0343	DBVPG_4963	0.0000	TFCN_1A-14	0.2509	TFCN_25-334Y-6	0.2701
DBVPG_4947	rmuc_core	keep:-	Rhodotorula mucilaginosa	4860.4	0.0217	DBVPG_4945	0.0001	TFCN_1A-14	0.2488	TFCN_25-334Y-6	0.2676
DBVPG_4949	rmuc_core	keep:-	Rhodotorula mucilaginosa	2845.6	0.0117	DBVPG_4950	0.0000	TFCN_1A-14	0.2474	TFCN_25-334Y-6	0.2652
DBVPG_4950	rmuc_core	keep:-	Rhodotorula mucilaginosa	2833.8	0.0116	DBVPG_4949	0.0000	TFCN_1A-14	0.2468	TFCN_25-334Y-6	0.2651
DBVPG_4952	hybrid diploid	keep:-	Rhodotorula mucilaginosa	39510.3	0.1787	EXF_9950	0.1751	DBVPG_6660	0.1704	TFCN_25-334Y-6	0.3117
DBVPG_4956	rmuc_core	keep:-	Rhodotorula mucilaginosa	2783.1	0.0118	DBVPG_4964	0.0000	TFCN_1A-14	0.2472	TFCN_25-334Y-6	0.2655
DBVPG_4957	rmuc_core	keep:-	Rhodotorula mucilaginosa	2813.8	0.0119	DBVPG_4964	0.0000	TFCN_1A-14	0.2471	TFCN_25-334Y-6	0.2656
DBVPG_4958	rmuc_core	keep:-	Rhodotorula mucilaginosa	6673.8	0.0266	DBVPG_10937	0.0003	TFCN_1A-14	0.2496	TFCN_25-334Y-6	0.2685
DBVPG_4962	rmuc_core	keep:-	Rhodotorula mucilaginosa	6600.6	0.0343	DBVPG_10656	0.0001	TFCN_1A-14	0.2510	TFCN_25-334Y-6	0.2703
DBVPG_4963	rmuc_core	keep:-	Rhodotorula mucilaginosa	6687.2	0.0341	DBVPG_4946	0.0000	TFCN_1A-14	0.2512	TFCN_25-334Y-6	0.2702
DBVPG_4964	rmuc_core	keep:-	Rhodotorula mucilaginosa	2818.1	0.0119	DBVPG_4957	0.0000	TFCN_1A-14	0.2475	TFCN_25-334Y-6	0.2658
DBVPG_5225	rmuc_core	keep:-	Rhodotorula mucilaginosa	5375.7	0.0209	DBVPG_10882	0.0000	TFCN_1A-14	0.2486	TFCN_25-334Y-6	0.2669
DBVPG_5226	rmuc_core	keep:-	Rhodotorula mucilaginosa	5396.8	0.0208	DBVPG_5228	0.0000	TFCN_1A-14	0.2488	TFCN_25-334Y-6	0.2672
DBVPG_5227	rmuc_core	keep:-	Rhodotorula mucilaginosa	5386.2	0.0210	DBVPG_5228	0.0000	TFCN_1A-14	0.2488	TFCN_25-334Y-6	0.2672
DBVPG_5228	rmuc_core	keep:-	Rhodotorula mucilaginosa	5370.6	0.0209	DBVPG_5225	0.0000	TFCN_1A-14	0.2489	TFCN_25-334Y-6	0.2672
DBVPG_5229	rmuc_core	keep:-	Rhodotorula mucilaginosa	5448.5	0.0208	DBVPG_10882	0.0000	TFCN_1A-14	0.2490	TFCN_25-334Y-6	0.2673
DBVPG_5235	rmuc_core	keep:-	Rhodotorula mucilaginosa	5416.0	0.0210	DBVPG_5228	0.0000	TFCN_1A-14	0.2489	TFCN_25-334Y-6	0.2673
DBVPG_5236	rmuc_core	keep:-	Rhodotorula mucilaginosa	22.0	0.0100	EXF_8984	0.0000	TFCN_1A-14	0.2456	TFCN_25-334Y-6	0.2636
DBVPG_5757	rmuc_core	keep:-	Rhodotorula mucilaginosa	9039.6	0.0389	DBVPG_5758	0.0001	TFCN_1A-14	0.2509	TFCN_25-334Y-6	0.2702
DBVPG_5758	rmuc_core	keep:-	Rhodotorula mucilaginosa	9055.7	0.0389	DBVPG_5757	0.0001	TFCN_1A-14	0.2509	TFCN_25-334Y-6	0.2702
DBVPG_5759	rmuc_core	keep:-	Rhodotorula mucilaginosa	9030.2	0.0389	DBVPG_5757	0.0001	TFCN_1A-14	0.2508	TFCN_25-334Y-6	0.2703
DBVPG_6091	rmuc_core	keep:-	Rhodotorula mucilaginosa	6595.5	0.0345	DBVPG_6092	0.0002	TFCN_1A-14	0.2511	TFCN_25-334Y-6	0.2701
DBVPG_6092	rmuc_core	keep:-	Rhodotorula mucilaginosa	6683.7	0.0346	DBVPG_6091	0.0002	TFCN_1A-14	0.2510	TFCN_25-334Y-6	0.2701
DBVPG_6093	rmuc_core	keep:-	Rhodotorula mucilaginosa	2811.8	0.0118	DBVPG_4957	0.0003	TFCN_1A-14	0.2473	TFCN_25-334Y-6	0.2655
DBVPG_6094	rmuc_core	keep:no_het_diploid	Rhodotorula mucilaginosa	2742.6	0.0116	DBVPG_4957	0.0001	TFCN_1A-14	0.2467	TFCN_25-334Y-6	0.2651
DBVPG_6593	rmuc_core	keep:-	Rhodotorula mucilaginosa	6709.3	0.0343	DBVPG_10656	0.0001	TFCN_1A-14	0.2510	TFCN_25-334Y-6	0.2701
DBVPG_6649	hybrid diploid	keep:-	Rhodotorula mucilaginosa	40116.5	0.1744	TFCN_102C-1	0.1651	TFCN_1A-14	0.2432	TFCN_25-334Y-6	0.2793
DBVPG_6660	R. frigidialcoholis	drop:other_species	Rhodotorula mucilaginosa	61301.9	0.2490	TFCN_137C-3	0.2449	EXF_7386	0.0235	TFCN_25-334Y-6	0.3052
DBVPG_6741	rmuc_core	keep:-	Rhodotorula mucilaginosa	33.7	0.0123	DBVPG_7019	0.0000	TFCN_1A-14	0.2461	TFCN_25-334Y-6	0.2631
DBVPG_6742	rmuc_core	keep:-	Rhodotorula mucilaginosa	29.9	0.0116	DBVPG_4304	0.0000	TFCN_1A-14	0.2456	TFCN_25-334Y-6	0.2634
DBVPG_6743	rmuc_core	keep:-	Rhodotorula mucilaginosa	6650.9	0.0342	DBVPG_10656	0.0001	TFCN_1A-14	0.2510	TFCN_25-334Y-6	0.2702
DBVPG_6803	rmuc_core	keep:-	Rhodotorula mucilaginosa	27.3	0.0114	EXF_9762	0.0001	TFCN_1A-14	0.2450	TFCN_25-334Y-6	0.2625
DBVPG_7019	rmuc_core	keep:-	Rhodotorula mucilaginosa	34.0	0.0121	DBVPG_6741	0.0000	TFCN_1A-14	0.2454	TFCN_25-334Y-6	0.2629
DBVPG_8043	R. aff. mucilaginosa	drop:other_species	Rhodotorula mucilaginosa	68070.5	0.2725	EXF_7931	0.2697	TFCN_17-332M-1	0.3073	TFCN_33A-4	0.0038
EXF_10533	other dropped	drop:no_metadata,low_coverage	NA	63324.8	0.2195	TFCN_86A-12	0.2126	EXF_3633	0.2907	TFCN_25-334Y-6	0.3204
EXF_10630	other dropped	drop:no_metadata,low_coverage	NA	62439.5	0.2869	DBVPG_4201	0.2818	EXF_13601	0.3341	TFCN_25-334Y-6	0.3628
EXF_10854	candidate (no metadata)	drop:no_metadata	NA	58840.3	0.2514	TFCN_137C-3	0.2472	TFCN_17-332M-1	0.1371	TFCN_25-334Y-6	0.3111
EXF_12265	other dropped	drop:no_metadata,low_coverage	NA	64825.3	0.2854	TFCN_17-325D-4	0.2803	DBVPG_6660	0.3328	TFCN_33A-4	0.3587
EXF_12281	rmuc_core	keep:-	NA	9097.0	0.0390	EXF_6370	0.0001	TFCN_1A-14	0.2507	TFCN_25-334Y-6	0.2703
EXF_12768	other dropped	drop:ploidy_mixed	NA	5852.1	0.0119	TFCN_102D-2	0.0010	TFCN_1A-14	0.2445	TFCN_25-334Y-6	0.2628
EXF_13250	R. frigidialcoholis	drop:other_species	NA	60028.1	0.2482	TFCN_137C-3	0.2442	EXF_7386	0.0008	TFCN_25-334Y-6	0.3048
EXF_13255	R. frigidialcoholis	drop:other_species	NA	60652.9	0.2488	TFCN_137C-3	0.2451	EXF_7386	0.0009	TFCN_25-334Y-6	0.3049
EXF_13260	rmuc_core	keep:-	NA	25.7	0.0122	EXF_13261	0.0000	TFCN_1A-14	0.2445	TFCN_25-334Y-6	0.2622
EXF_13261	rmuc_core	keep:-	NA	25.4	0.0117	EXF_13260	0.0000	TFCN_1A-14	0.2451	TFCN_25-334Y-6	0.2626
EXF_13500	other dropped	drop:no_metadata,low_coverage	NA	86799.9	0.2950	TFCN_86A-12	0.2883	EXF_13601	0.3641	TFCN_25-334Y-6	0.3907
EXF_13599	rmuc_core	keep:-	NA	9095.2	0.0391	EXF_6370	0.0002	TFCN_1A-14	0.2509	TFCN_25-334Y-6	0.2702
EXF_13600	rmuc_core	keep:-	NA	18.8	0.0104	DBVPG_5236	0.0000	TFCN_1A-14	0.2448	TFCN_25-334Y-6	0.2630
EXF_13601	R. frigidialcoholis	drop:other_species	NA	60597.4	0.2475	TFCN_137C-3	0.2430	EXF_3633	0.0047	TFCN_25-334Y-6	0.3043
EXF_13602	rmuc_core	keep:-	NA	28.6	0.0118	DBVPG_4466	0.0001	TFCN_1A-14	0.2450	TFCN_25-334Y-6	0.2632
EXF_13604	rmuc_core	keep:-	NA	5389.8	0.0207	EXF_4885	0.0001	TFCN_1A-14	0.2487	TFCN_25-334Y-6	0.2674
EXF_14606	other dropped	drop:no_metadata,low_coverage	NA	56581.0	0.2788	TFCN_17-332M-2	0.2719	EXF_13601	0.3253	TFCN_33A-4	0.3485
EXF_1510	rmuc_core	keep:-	NA	5524.2	0.0242	EXF_13604	0.0050	TFCN_1A-14	0.2495	TFCN_25-334Y-6	0.2681
EXF_1565	rmuc_core	keep:-	NA	28.6	0.0116	EXF_1676	0.0000	TFCN_1A-14	0.2448	TFCN_25-334Y-6	0.2622
EXF_1585	rmuc_core	keep:-	NA	15.9	0.0109	DBVPG_5236	0.0001	TFCN_1A-14	0.2462	TFCN_25-334Y-6	0.2629
EXF_1676	rmuc_core	keep:-	NA	26.1	0.0123	EXF_1565	0.0000	TFCN_1A-14	0.2448	TFCN_25-334Y-6	0.2627
EXF_1686	rmuc_core	keep:-	NA	24.0	0.0113	EXF_6325	0.0001	TFCN_1A-14	0.2443	TFCN_25-334Y-6	0.2623
EXF_1695	rmuc_core	keep:-	NA	9021.2	0.0389	EXF_12281	0.0002	TFCN_1A-14	0.2508	TFCN_25-334Y-6	0.2703
EXF_1704	rmuc_core	keep:-	NA	8178.0	0.0337	EXF_3538	0.0160	TFCN_1A-14	0.2503	TFCN_25-334Y-6	0.2697
EXF_17335	candidate (no metadata)	drop:no_metadata	NA	59333.6	0.2487	TFCN_137C-3	0.2447	EXF_7386	0.0009	TFCN_25-334Y-6	0.3046
EXF_2251	rmuc_core	keep:-	NA	20.8	0.0102	DBVPG_5236	0.0000	TFCN_1A-14	0.2451	TFCN_25-334Y-6	0.2630
EXF_3417	rmuc_core	keep:-	NA	23.0	0.0116	EXF_3544	0.0000	TFCN_1A-14	0.2444	TFCN_25-334Y-6	0.2628
EXF_3530	rmuc_core	keep:-	NA	25.1	0.0118	EXF_3540	0.0000	TFCN_1A-14	0.2446	TFCN_25-334Y-6	0.2624
EXF_3538	rmuc_core	keep:-	NA	8156.2	0.0331	EXF_3604	0.0001	TFCN_1A-14	0.2505	TFCN_25-334Y-6	0.2698
EXF_3540	rmuc_core	keep:-	NA	25.2	0.0109	EXF_3530	0.0000	TFCN_1A-14	0.2445	TFCN_25-334Y-6	0.2621
EXF_3544	rmuc_core	keep:-	NA	22.1	0.0114	EXF_3569	0.0000	TFCN_1A-14	0.2449	TFCN_25-334Y-6	0.2628
EXF_3569	rmuc_core	keep:-	NA	21.8	0.0111	EXF_3544	0.0000	TFCN_1A-14	0.2457	TFCN_25-334Y-6	0.2631
EXF_3592	rmuc_core	keep:-	NA	26.5	0.0116	EXF_3609	0.0000	TFCN_1A-14	0.2445	TFCN_25-334Y-6	0.2624
EXF_3595	rmuc_core	keep:-	NA	6711.3	0.0343	EXF_3862	0.0001	TFCN_1A-14	0.2512	TFCN_25-334Y-6	0.2702
EXF_3604	rmuc_core	keep:-	NA	8139.4	0.0331	EXF_3538	0.0001	TFCN_1A-14	0.2505	TFCN_25-334Y-6	0.2699
EXF_3609	rmuc_core	keep:-	NA	25.8	0.0120	EXF_3592	0.0000	TFCN_1A-14	0.2446	TFCN_25-334Y-6	0.2624
EXF_3612	rmuc_core	keep:-	NA	21.7	0.0109	EXF_3544	0.0000	TFCN_1A-14	0.2447	TFCN_25-334Y-6	0.2625
EXF_3622	rmuc_core	keep:-	NA	26.1	0.0113	EXF_3609	0.0000	TFCN_1A-14	0.2445	TFCN_25-334Y-6	0.2623
EXF_3626	rmuc_core	keep:-	NA	8281.7	0.0331	EXF_3538	0.0001	TFCN_1A-14	0.2506	TFCN_25-334Y-6	0.2698
EXF_3629	R. frigidialcoholis	drop:other_species	NA	61200.0	0.2484	TFCN_137C-3	0.2441	EXF_7386	0.0008	TFCN_25-334Y-6	0.3049
EXF_3633	R. frigidialcoholis	drop:other_species	NA	60873.4	0.2477	TFCN_137C-3	0.2434	EXF_13601	0.0047	TFCN_25-334Y-6	0.3044
EXF_3790	rmuc_core	keep:-	NA	6694.6	0.0345	EXF_3862	0.0001	TFCN_1A-14	0.2511	TFCN_25-334Y-6	0.2701
EXF_3860	rmuc_core	keep:-	NA	6601.8	0.0348	EXF_3862	0.0001	TFCN_1A-14	0.2513	TFCN_25-334Y-6	0.2702
EXF_3861	rmuc_core	keep:-	NA	6652.4	0.0345	EXF_3862	0.0001	TFCN_1A-14	0.2514	TFCN_25-334Y-6	0.2704
EXF_3862	rmuc_core	keep:-	NA	6598.8	0.0347	EXF_3790	0.0001	TFCN_1A-14	0.2513	TFCN_25-334Y-6	0.2704
EXF_4885	rmuc_core	keep:-	NA	5369.3	0.0207	EXF_13604	0.0001	TFCN_1A-14	0.2489	TFCN_25-334Y-6	0.2672
EXF_5546	rmuc_core	keep:-	NA	25.4	0.0116	EXF_3540	0.0001	TFCN_1A-14	0.2447	TFCN_25-334Y-6	0.2625
EXF_5666	R. aff. mucilaginosa	drop:other_species	NA	66985.8	0.2739	TFCN_137C-3	0.2708	TFCN_17-332M-1	0.3076	DBVPG_8043	0.0076
EXF_5668	other dropped	drop:no_metadata,ploidy_skewed	NA	73425.9	0.2783	TFCN_137C-3	0.2757	TFCN_17-332M-1	0.1244	EXF_5666	0.1734
EXF_5775	rmuc_core	keep:-	NA	9088.6	0.0390	EXF_6252	0.0001	TFCN_1A-14	0.2509	TFCN_25-334Y-6	0.2701
EXF_5938	rmuc_core	keep:-	NA	28.3	0.0112	DBVPG_6742	0.0001	TFCN_1A-14	0.2451	TFCN_25-334Y-6	0.2627
EXF_5939	rmuc_core	keep:-	NA	26.2	0.0111	DBVPG_5236	0.0000	TFCN_1A-14	0.2442	TFCN_25-334Y-6	0.2619
EXF_5940	rmuc_core	keep:-	NA	8990.0	0.0390	EXF_12281	0.0002	TFCN_1A-14	0.2509	TFCN_25-334Y-6	0.2704
EXF_5941	rmuc_core	keep:-	NA	33.9	0.0115	EXF_7931	0.0001	TFCN_1A-14	0.2451	TFCN_25-334Y-6	0.2631
EXF_6243	rmuc_core	keep:-	NA	9017.1	0.0391	EXF_5775	0.0001	TFCN_1A-14	0.2510	TFCN_25-334Y-6	0.2704
EXF_6252	rmuc_core	keep:-	NA	9067.4	0.0390	EXF_5775	0.0001	TFCN_1A-14	0.2510	TFCN_25-334Y-6	0.2703
EXF_6325	rmuc_core	keep:-	NA	17.5	0.0110	DBVPG_5236	0.0000	TFCN_1A-14	0.2461	TFCN_25-334Y-6	0.2641
EXF_6360	rmuc_core	keep:-	NA	7211.3	0.0307	DBVPG_4618	0.0001	TFCN_1A-14	0.2502	TFCN_25-334Y-6	0.2692
EXF_6370	rmuc_core	keep:-	NA	9057.4	0.0389	EXF_12281	0.0001	TFCN_1A-14	0.2507	TFCN_25-334Y-6	0.2703
EXF_6373	rmuc_core	keep:-	NA	8949.7	0.0390	EXF_9950	0.0003	TFCN_1A-14	0.2509	TFCN_25-334Y-6	0.2703
EXF_7386	R. frigidialcoholis	drop:other_species	NA	60802.4	0.2481	TFCN_137C-3	0.2440	EXF_13250	0.0008	TFCN_25-334Y-6	0.3047
EXF_7920	rmuc_core	keep:-	NA	22.7	0.0116	EXF_8151	0.0000	TFCN_1A-14	0.2454	TFCN_25-334Y-6	0.2632
EXF_7931	rmuc_core	keep:-	NA	21.4	0.0115	EXF_8014	0.0000	TFCN_1A-14	0.2444	TFCN_25-334Y-6	0.2620
EXF_7934	other dropped	drop:ploidy_mixed	NA	22.1	0.0118	EXF_8006	0.0000	TFCN_1A-14	0.2450	TFCN_25-334Y-6	0.2620
EXF_7944	rmuc_core	keep:-	NA	21.5	0.0116	EXF_7920	0.0000	TFCN_1A-14	0.2452	TFCN_25-334Y-6	0.2627
EXF_7949	rmuc_core	keep:-	NA	9079.9	0.0389	EXF_12281	0.0001	TFCN_1A-14	0.2508	TFCN_25-334Y-6	0.2703
EXF_8006	rmuc_core	keep:-	NA	22.6	0.0109	EXF_8984	0.0001	TFCN_1A-14	0.2449	TFCN_25-334Y-6	0.2639
EXF_8014	rmuc_core	keep:-	NA	21.0	0.0117	EXF_8155	0.0000	TFCN_1A-14	0.2446	TFCN_25-334Y-6	0.2626
EXF_8109	rmuc_core	keep:-	NA	7433.6	0.0332	TFCN_25-334D-3	0.0142	TFCN_1A-14	0.2501	TFCN_25-334Y-6	0.2697
EXF_8151	rmuc_core	keep:-	NA	21.5	0.0119	EXF_7920	0.0000	TFCN_1A-14	0.2455	TFCN_25-334Y-6	0.2629
EXF_8155	rmuc_core	keep:-	NA	22.4	0.0118	EXF_8014	0.0000	TFCN_1A-14	0.2441	TFCN_25-334Y-6	0.2623
EXF_8254	rmuc_core	keep:-	NA	24.1	0.0122	DBVPG_4202	0.0001	TFCN_1A-14	0.2442	TFCN_25-334Y-6	0.2629
EXF_8395	rmuc_core	keep:-	NA	7022.6	0.0311	DBVPG_4618	0.0002	TFCN_1A-14	0.2505	TFCN_25-334Y-6	0.2693
EXF_8400	rmuc_core	keep:-	NA	4044.7	0.0174	EXF_8463	0.0000	TFCN_1A-14	0.2479	TFCN_25-334Y-6	0.2663
EXF_8463	rmuc_core	keep:-	NA	4044.7	0.0173	EXF_8400	0.0000	TFCN_1A-14	0.2477	TFCN_25-334Y-6	0.2660
EXF_8464	rmuc_core	keep:-	NA	25.8	0.0116	EXF_5938	0.0001	TFCN_1A-14	0.2447	TFCN_25-334Y-6	0.2630
EXF_8465	rmuc_core	keep:-	NA	28.7	0.0113	EXF_3530	0.0001	TFCN_1A-14	0.2434	TFCN_25-334Y-6	0.2624
EXF_8891	other dropped	drop:ploidy_mixed	NA	38.9	0.0116	EXF_8898	0.0000	TFCN_1A-14	0.2448	TFCN_25-334Y-6	0.2629
EXF_8898	rmuc_core	keep:-	NA	26.2	0.0112	EXF_5546	0.0001	TFCN_1A-14	0.2444	TFCN_25-334Y-6	0.2621
EXF_8921	rmuc_core	keep:-	NA	24.0	0.0121	EXF_7931	0.0000	TFCN_1A-14	0.2439	TFCN_25-334Y-6	0.2625
EXF_8942	rmuc_core	keep:-	NA	25.6	0.0118	EXF_8465	0.0001	TFCN_1A-14	0.2454	TFCN_25-334Y-6	0.2633
EXF_8984	rmuc_core	keep:-	NA	23.5	0.0105	DBVPG_5236	0.0000	TFCN_1A-14	0.2452	TFCN_25-334Y-6	0.2631
EXF_9051	other dropped	drop:ploidy_mixed	NA	1017.1	0.0103	DBVPG_5236	0.0000	TFCN_1A-14	0.2448	TFCN_25-334Y-6	0.2625
EXF_9595	rmuc_core	keep:-	NA	6667.8	0.0345	DBVPG_4962	0.0003	TFCN_1A-14	0.2510	TFCN_25-334Y-6	0.2702
EXF_9756	rmuc_core	keep:-	NA	30.0	0.0121	EXF_8155	0.0001	TFCN_1A-14	0.2449	TFCN_25-334Y-6	0.2623
EXF_9762	rmuc_core	keep:-	NA	29.0	0.0113	DBVPG_6803	0.0001	TFCN_1A-14	0.2452	TFCN_25-334Y-6	0.2630
EXF_9926	rmuc_core	keep:-	NA	6517.2	0.0252	EXF_1704	0.0209	TFCN_1A-14	0.2489	TFCN_25-334Y-6	0.2677
EXF_9950	rmuc_core	keep:-	NA	9085.4	0.0388	DBVPG_5757	0.0003	TFCN_1A-14	0.2509	TFCN_25-334Y-6	0.2702
IIF8SW-B2	rmuc_core	keep:-	NA	4922.9	0.0208	DBVPG_10842	0.0001	TFCN_1A-14	0.2490	TFCN_25-334Y-6	0.2673
NRRL_Y-2510	NRRL_Y-2510	drop:no_metadata	Rhodotorula mucilaginosa	8958.6	0.0393	DBVPG_5757	0.0003	TFCN_1A-14	0.2512	TFCN_25-334Y-6	0.2706
TFCN_100D-1	rmuc_core	keep:-	Rhodotorula mucilaginosa	2727.6	0.0121	TFCN_98C-7	0.0001	TFCN_1A-14	0.2473	TFCN_25-334Y-6	0.2649
TFCN_102C-1	rmuc_core	keep:-	Rhodotorula mucilaginosa	22.1	0.0114	TFCN_102D-2	0.0000	TFCN_1A-14	0.2443	TFCN_25-334Y-6	0.2620
TFCN_102C-2	rmuc_core	keep:-	Rhodotorula mucilaginosa	48.6	0.0116	TFCN_17-334C-1	0.0002	TFCN_1A-14	0.2458	TFCN_25-334Y-6	0.2628
TFCN_102D-1	rmuc_core	keep:-	Rhodotorula mucilaginosa	2881.9	0.0117	TFCN_2M-1-4	0.0000	TFCN_1A-14	0.2470	TFCN_25-334Y-6	0.2653
TFCN_102D-2	rmuc_core	keep:-	Rhodotorula mucilaginosa	21.8	0.0116	TFCN_102C-1	0.0000	TFCN_1A-14	0.2447	TFCN_25-334Y-6	0.2624
TFCN_105A-2	rmuc_core	keep:-	Rhodotorula mucilaginosa	32.9	0.0114	TFCN_130D-4	0.0000	TFCN_1A-14	0.2448	TFCN_25-334Y-6	0.2628
TFCN_106A-1	rmuc_core	keep:-	Rhodotorula mucilaginosa	37.6	0.0113	TFCN_152A-12	0.0000	TFCN_1A-14	0.2448	TFCN_25-334Y-6	0.2630
TFCN_107A-6	rmuc_core	keep:-	Rhodotorula mucilaginosa	2687.3	0.0123	TFCN_98C-7	0.0001	TFCN_1A-14	0.2467	TFCN_25-334Y-6	0.2652
TFCN_107C-3	rmuc_core	keep:-	Rhodotorula mucilaginosa	2808.3	0.0118	TFCN_98C-7	0.0000	TFCN_1A-14	0.2472	TFCN_25-334Y-6	0.2655
TFCN_110C-1	rmuc_core	keep:-	Rhodotorula mucilaginosa	36.2	0.0112	TFCN_138A-1	0.0000	TFCN_1A-14	0.2447	TFCN_25-334Y-6	0.2628
TFCN_118C-2	rmuc_core	keep:-	Rhodotorula mucilaginosa	2942.4	0.0117	TFCN_98A-10	0.0000	TFCN_1A-14	0.2469	TFCN_25-334Y-6	0.2652
TFCN_122C-2	rmuc_core	keep:-	Rhodotorula mucilaginosa	36.1	0.0111	TFCN_98D-7	0.0000	TFCN_1A-14	0.2446	TFCN_25-334Y-6	0.2634
TFCN_130D-4	rmuc_core	keep:-	Rhodotorula mucilaginosa	31.4	0.0116	TFCN_105A-2	0.0000	TFCN_1A-14	0.2447	TFCN_25-334Y-6	0.2625
TFCN_134A-3	R. frigidialcoholis	drop:other_species	Rhodotorula mucilaginosa	60973.1	0.2489	TFCN_137C-3	0.2450	EXF_13250	0.0009	TFCN_25-334Y-6	0.3050
TFCN_137C-3	rmuc_core	keep:-	Rhodotorula mucilaginosa	33.9	0.0125	TFCN_212C-2	0.0000	TFCN_1A-14	0.2426	TFCN_25-334Y-6	0.2610
TFCN_137D-4	other dropped	drop:low_coverage	Rhodotorula mucilaginosa	33.6	0.0146	TFCN_17-334Y-2	0.0000	EXF_7386	0.2472	TFCN_25-334Y-6	0.2661
TFCN_138A-1	rmuc_core	keep:-	Rhodotorula mucilaginosa	35.9	0.0114	TFCN_110C-1	0.0000	TFCN_1A-14	0.2443	TFCN_25-334Y-6	0.2629
TFCN_140A-3	rmuc_core	keep:-	Rhodotorula mucilaginosa	2750.7	0.0119	TFCN_102D-1	0.0000	TFCN_1A-14	0.2473	TFCN_25-334Y-6	0.2655
TFCN_141C-2	rmuc_core	keep:-	Rhodotorula mucilaginosa	37.9	0.0106	TFCN_98C-5	0.0000	TFCN_1A-14	0.2451	TFCN_25-334Y-6	0.2633
TFCN_152A-12	rmuc_core	keep:-	Rhodotorula sphaerocarpa	38.7	0.0116	TFCN_223A-8	0.0000	TFCN_1A-14	0.2447	TFCN_25-334Y-6	0.2628
TFCN_152A-1	hybrid diploid	keep:-	Rhodotorula toruloides	16481.6	0.1444	TFCN_17-329Y-4	0.1216	TFCN_1A-14	0.2771	TFCN_25-334Y-6	0.1445
TFCN_152A-2	rmuc_core	keep:-	Rhodotorula sphaerocarpa	2974.3	0.0117	TFCN_102D-1	0.0000	TFCN_1A-14	0.2470	TFCN_25-334Y-6	0.2655
TFCN_152A-3	other dropped	drop:no_metadata,low_coverage	NA	47149.5	0.3355	EXF_5546	0.3281	DBVPG_6660	0.3714	TFCN_25-333Y-10	0.3920
TFCN_152A-5	rmuc_core	keep:-	Rhodotorula toruloides	33.6	0.0117	TFCN_17-332C-2	0.0000	TFCN_1A-14	0.2446	TFCN_25-334Y-6	0.2628
TFCN_152C-5	rmuc_core	keep:-	Rhodotorula toruloides	2551.1	0.0146	TFCN_102D-1	0.0000	TFCN_1A-14	0.2469	TFCN_25-334Y-6	0.2640
TFCN_17-0-2E334-10	rmuc_core	keep:-	Rhodotorula mucilaginosa	2911.1	0.0117	TFCN_102D-1	0.0001	TFCN_1A-14	0.2467	TFCN_25-334Y-6	0.2652
TFCN_17-0-2E334-4	hybrid diploid	keep:-	Rhodotorula mucilaginosa	12367.6	0.1289	EXF_8463	0.1233	TFCN_1A-14	0.2740	TFCN_25-334Y-6	0.1426
TFCN_17-0-2E337-3	hybrid diploid	keep:-	Rhodotorula mucilaginosa	16976.1	0.1477	TFCN_17-329Y-4	0.1251	TFCN_1A-14	0.2778	TFCN_25-334Y-6	0.1439
TFCN_17-0-2E390-1	hybrid diploid	keep:-	Rhodotorula alborubescens	20606.8	0.1338	TFCN_25-0-2E333-9	0.1242	TFCN_1A-14	0.2760	TFCN_25-334Y-6	0.1482
TFCN_17-0-2E390-2	hybrid diploid	keep:-	NA	14079.2	0.1389	TFCN_25-0-2E333-9	0.1290	TFCN_1A-14	0.2768	TFCN_25-334Y-6	0.1461
TFCN_17-267M-1	hybrid diploid	keep:-	Rhodotorula alborubescens	18899.2	0.1250	DBVPG_4201	0.1217	TFCN_1A-14	0.2736	TFCN_25-334Y-6	0.1468
TFCN_17-291Y-1	hybrid diploid	keep:-	Rhodotorula alborubescens	16240.0	0.1418	TFCN_17-329Y-4	0.1190	TFCN_1A-14	0.2767	TFCN_25-334Y-6	0.1459
TFCN_17-325D-2	rmuc_core	keep:-	Rhodotorula mucilaginosa	22.4	0.0112	TFCN_102C-1	0.0000	TFCN_1A-14	0.2442	TFCN_25-334Y-6	0.2629
TFCN_17-325D-4	rmuc_core	keep:-	Rhodotorula mucilaginosa	24.0	0.0112	TFCN_102C-1	0.0000	TFCN_1A-14	0.2433	TFCN_25-334Y-6	0.2621
TFCN_17-325P-1	rmuc_core	keep:-	Rhodotorula mucilaginosa	23.4	0.0110	TFCN_102C-1	0.0000	TFCN_1A-14	0.2448	TFCN_25-334Y-6	0.2625
TFCN_17-329Y-4	rmuc_core	keep:-	Rhodotorula mucilaginosa	10067.2	0.0345	TFCN_25-332Y-1	0.0319	TFCN_1A-14	0.2500	TFCN_25-334Y-6	0.2696
TFCN_17-332C-1	rmuc_core	keep:-	Rhodotorula mucilaginosa	31.8	0.0119	TFCN_17-332P-1	0.0000	TFCN_1A-14	0.2451	TFCN_25-334Y-6	0.2629
TFCN_17-332C-2	rmuc_core	keep:-	Rhodotorula mucilaginosa	32.8	0.0114	TFCN_152A-5	0.0000	TFCN_1A-14	0.2450	TFCN_25-334Y-6	0.2623
TFCN_17-332D-1	rmuc_core	keep:-	Rhodotorula mucilaginosa	32.6	0.0112	TFCN_152A-5	0.0000	TFCN_1A-14	0.2443	TFCN_25-334Y-6	0.2627
TFCN_17-332M-1	R. frigidialcoholis	drop:other_species	Rhodotorula mucilaginosa	59135.9	0.2477	TFCN_137C-3	0.2440	TFCN_134A-3	0.0010	TFCN_25-334Y-6	0.3040
TFCN_17-332M-2	rmuc_core	keep:-	Rhodotorula mucilaginosa	32.0	0.0115	TFCN_17-332C-1	0.0000	TFCN_1A-14	0.2445	TFCN_25-334Y-6	0.2628
TFCN_17-332P-1	rmuc_core	keep:-	Rhodotorula mucilaginosa	31.8	0.0114	TFCN_17-332C-1	0.0000	TFCN_1A-14	0.2448	TFCN_25-334Y-6	0.2628
TFCN_17-332P-2	rmuc_core	keep:-	Rhodotorula mucilaginosa	32.6	0.0118	TFCN_152A-5	0.0000	TFCN_1A-14	0.2449	TFCN_25-334Y-6	0.2624
TFCN_17-333D-2	other dropped	drop:low_coverage	Rhodotorula mucilaginosa	35.5	0.0143	TFCN_152A-12	0.0000	TFCN_1A-14	0.2444	TFCN_25-334Y-6	0.2622
TFCN_17-333M-1	candidate (no metadata)	drop:no_metadata	NA	15280.8	0.1459	TFCN_25-0-2E333-9	0.1360	TFCN_1A-14	0.2786	TFCN_25-334Y-6	0.1455
TFCN_17-333P-6	hybrid diploid	keep:-	Rhodotorula mucilaginosa	11801.2	0.1360	EXF_8463	0.1304	TFCN_1A-14	0.2755	TFCN_25-334Y-6	0.1411
TFCN_17-334C-1	rmuc_core	keep:-	Rhodotorula mucilaginosa	30.8	0.0119	TFCN_342-3	0.0000	TFCN_1A-14	0.2452	TFCN_25-334Y-6	0.2627
TFCN_17-334D-6	hybrid diploid	keep:-	Rhodotorula mucilaginosa	17610.0	0.1480	TFCN_17-329Y-4	0.1252	TFCN_1A-14	0.2782	TFCN_25-334Y-6	0.1442
TFCN_17-334P-3	rmuc_core	keep:-	Rhodotorula mucilaginosa	2745.1	0.0118	TFCN_270H-2	0.0002	TFCN_1A-14	0.2471	TFCN_25-334Y-6	0.2650
TFCN_17-334Y-2	rmuc_core	keep:-	Rhodotorula mucilaginosa	34.8	0.0115	TFCN_212C-2	0.0000	TFCN_1A-14	0.2452	TFCN_25-334Y-6	0.2631
TFCN_17-334Y-3	rmuc_core	keep:-	Rhodotorula mucilaginosa	2966.2	0.0118	TFCN_25-333P-2	0.0001	TFCN_1A-14	0.2470	TFCN_25-334Y-6	0.2655
TFCN_17-334Y-5	hybrid diploid	keep:-	Rhodotorula mucilaginosa	16473.1	0.1419	TFCN_17-329Y-4	0.1191	TFCN_1A-14	0.2766	TFCN_25-334Y-6	0.1457
TFCN_17-337P-5	hybrid diploid	keep:-	Rhodotorula mucilaginosa	11804.1	0.1324	EXF_8463	0.1266	TFCN_1A-14	0.2745	TFCN_25-334Y-6	0.1420
TFCN_17-338D-3	rmuc_core	keep:-	Rhodotorula glutinis	24.1	0.0102	TFCN_102C-1	0.0000	TFCN_1A-14	0.2450	TFCN_25-334Y-6	0.2625
TFCN_17-390M-1	hybrid diploid	keep:-	Rhodotorula alborubescens	13985.0	0.1413	TFCN_25-0-2E333-9	0.1316	TFCN_1A-14	0.2774	TFCN_25-334Y-6	0.1454
TFCN_172A-1	rmuc_core	keep:-	Rhodotorula mucilaginosa	35.4	0.0097	TFCN_138A-1	0.0000	TFCN_1A-14	0.2444	TFCN_25-334Y-6	0.2624
TFCN_17Y-278-1	hybrid diploid	keep:-	Rhodotorula alborubescens	16179.1	0.1426	TFCN_17-329Y-4	0.1196	TFCN_1A-14	0.2769	TFCN_25-334Y-6	0.1455
TFCN_181A-1	rmuc_core	keep:-	Rhodotorula mucilaginosa	37.3	0.0113	TFCN_106A-1	0.0000	TFCN_1A-14	0.2448	TFCN_25-334Y-6	0.2634
TFCN_186CL-2	candidate (no metadata)	drop:no_metadata	NA	16891.7	0.1486	TFCN_17-329Y-4	0.1260	TFCN_1A-14	0.2784	TFCN_25-334Y-6	0.1448
TFCN_1A-1-5	no-metadata haploid (6)	drop:no_metadata,no_het_diploid	NA	38.5	0.0118	TFCN_152A-12	0.0000	TFCN_1A-14	0.2452	TFCN_25-334Y-6	0.2630
TFCN_1A-14	R. frigidialcoholis	drop:other_species	NA	64784.5	0.2467	TFCN_137C-3	0.2426	TFCN_134A-3	0.0012	TFCN_25-334Y-6	0.3039
TFCN_209-6-11	rmuc_core	keep:-	Rhodotorula mucilaginosa	35.2	0.0107	TFCN_209-6-12	0.0000	TFCN_1A-14	0.2449	TFCN_25-334Y-6	0.2632
TFCN_209-6-12	rmuc_core	keep:-	NA	35.5	0.0113	TFCN_209-6-11	0.0000	TFCN_1A-14	0.2451	TFCN_25-334Y-6	0.2628
TFCN_209-6-14	rmuc_core	keep:-	NA	35.5	0.0109	TFCN_209-6-12	0.0000	TFCN_1A-14	0.2446	TFCN_25-334Y-6	0.2622
TFCN_209-6-17	rmuc_core	keep:-	Rhodotorula mucilaginosa	36.1	0.0116	TFCN_209-6-11	0.0000	TFCN_1A-14	0.2448	TFCN_25-334Y-6	0.2634
TFCN_209-6-1	rmuc_core	keep:-	Rhodotorula mucilaginosa	35.4	0.0113	TFCN_209-6-11	0.0000	TFCN_1A-14	0.2452	TFCN_25-334Y-6	0.2633
TFCN_209-6-2	rmuc_core	keep:-	NA	35.5	0.0115	TFCN_209-6-11	0.0000	TFCN_1A-14	0.2451	TFCN_25-334Y-6	0.2631
TFCN_209-6-4	rmuc_core	keep:-	NA	36.1	0.0113	TFCN_209-6-11	0.0000	TFCN_1A-14	0.2448	TFCN_25-334Y-6	0.2629
TFCN_209-6-5	rmuc_core	keep:-	Rhodotorula mucilaginosa	35.5	0.0116	TFCN_209-6-11	0.0000	TFCN_1A-14	0.2450	TFCN_25-334Y-6	0.2632
TFCN_211A-3	rmuc_core	keep:-	Rhodotorula diobovata	2965.7	0.0116	TFCN_102D-1	0.0001	TFCN_1A-14	0.2469	TFCN_25-334Y-6	0.2653
TFCN_211C-2	other dropped	drop:no_metadata,low_coverage	NA	64782.1	0.2881	TFCN_17-325D-4	0.2837	EXF_13601	0.3360	TFCN_33A-4	0.3609
TFCN_212C-2	rmuc_core	keep:-	Rhodotorula diobovata	35.0	0.0115	TFCN_213-6-2	0.0000	TFCN_1A-14	0.2444	TFCN_25-334Y-6	0.2625
TFCN_213-6-2	rmuc_core	keep:-	Rhodotorula sphaerocarpa	34.6	0.0107	TFCN_212C-2	0.0000	TFCN_1A-14	0.2446	TFCN_25-334Y-6	0.2620
TFCN_213-6-4	rmuc_core	keep:-	Rhodotorula sphaerocarpa	34.9	0.0115	TFCN_212C-2	0.0000	TFCN_1A-14	0.2442	TFCN_25-334Y-6	0.2624
TFCN_223A-8	rmuc_core	keep:-	Rhodotorula mucilaginosa	35.4	0.0116	TFCN_152A-12	0.0000	TFCN_1A-14	0.2454	TFCN_25-334Y-6	0.2631
TFCN_22C-4	hybrid diploid	keep:-	Rhodotorula mucilaginosa	13605.5	0.1398	TFCN_25-0-2E333-9	0.1300	TFCN_1A-14	0.2768	TFCN_25-334Y-6	0.1462
TFCN_25-0-2E332-1	other dropped	drop:low_coverage	Rhodotorula mucilaginosa	29.4	0.0138	TFCN_152A-5	0.0000	TFCN_1A-14	0.2462	TFCN_25-334Y-6	0.2625
TFCN_25-0-2E333-1	hybrid diploid	keep:-	Rhodotorula mucilaginosa	11082.8	0.1279	EXF_8463	0.1222	TFCN_1A-14	0.2734	TFCN_25-334Y-6	0.1427
TFCN_25-0-2E333-5	rmuc_core	keep:-	Rhodotorula mucilaginosa	2741.8	0.0117	TFCN_25-333Y-9	0.0001	TFCN_1A-14	0.2469	TFCN_25-334Y-6	0.2654
TFCN_25-0-2E333-7	rmuc_core	keep:-	Rhodotorula graminis	24.7	0.0104	TFCN_17-338D-3	0.0000	TFCN_1A-14	0.2451	TFCN_25-334Y-6	0.2618
TFCN_25-0-2E333-9	rmuc_core	keep:-	Rhodotorula mucilaginosa	2404.2	0.0188	TFCN_25-333C-2	0.0001	TFCN_1A-14	0.2491	TFCN_25-334Y-6	0.2666
TFCN_25-0-2E334-1	hybrid diploid	keep:-	Rhodotorula mucilaginosa	18027.5	0.1532	TFCN_25-0-2E333-9	0.1504	TFCN_1A-14	0.2796	TFCN_25-334Y-6	0.1460
TFCN_25-0-2E390-1	hybrid diploid	keep:-	Rhodotorula alborubescens	15986.5	0.1379	TFCN_25-0-2E333-9	0.1282	TFCN_1A-14	0.2767	TFCN_25-334Y-6	0.1466
TFCN_25-325Y-1	rmuc_core	keep:-	Rhodotorula mucilaginosa	23.9	0.0108	TFCN_102C-1	0.0000	TFCN_1A-14	0.2450	TFCN_25-334Y-6	0.2627
TFCN_25-327D-1	rmuc_core	keep:-	Rhodotorula mucilaginosa	2970.3	0.0116	DBVPG_4957	0.0003	TFCN_1A-14	0.2468	TFCN_25-334Y-6	0.2653
TFCN_25-331D-1	hybrid diploid	keep:-	Rhodotorula mucilaginosa	19854.3	0.1362	TFCN_25-0-2E333-9	0.1265	TFCN_1A-14	0.2763	TFCN_25-334Y-6	0.1472
TFCN_25-332C-1	rmuc_core	keep:-	Rhodotorula mucilaginosa	32.2	0.0105	TFCN_152A-5	0.0000	TFCN_1A-14	0.2449	TFCN_25-334Y-6	0.2627
TFCN_25-332D-1	rmuc_core	keep:-	Rhodotorula mucilaginosa	32.1	0.0110	TFCN_152A-5	0.0000	TFCN_1A-14	0.2446	TFCN_25-334Y-6	0.2624
TFCN_25-332D-2	rmuc_core	keep:no_het_diploid	Rhodotorula mucilaginosa	32.6	0.0118	TFCN_152A-5	0.0000	TFCN_1A-14	0.2451	TFCN_25-334Y-6	0.2629
TFCN_25-332M-1	rmuc_core	keep:-	Rhodotorula mucilaginosa	32.2	0.0115	TFCN_17-332C-1	0.0000	TFCN_1A-14	0.2451	TFCN_25-334Y-6	0.2626
TFCN_25-332M-2	no-metadata haploid (6)	drop:no_metadata,no_het_diploid	Rhodotorula mucilaginosa	32.1	0.0118	TFCN_17-332C-2	0.0000	TFCN_1A-14	0.2451	TFCN_25-334Y-6	0.2629
TFCN_25-332P-2	rmuc_core	keep:-	Rhodotorula mucilaginosa	32.0	0.0124	TFCN_152A-5	0.0000	TFCN_1A-14	0.2445	TFCN_25-334Y-6	0.2627
TFCN_25-332Y-1	rmuc_core	keep:-	Rhodotorula mucilaginosa	32.6	0.0106	TFCN_152A-5	0.0000	TFCN_1A-14	0.2441	TFCN_25-334Y-6	0.2624
TFCN_25-333C-2	rmuc_core	keep:-	Rhodotorula mucilaginosa	2963.0	0.0116	TFCN_25-0-2E333-9	0.0001	TFCN_1A-14	0.2467	TFCN_25-334Y-6	0.2649
TFCN_25-333P-2	rmuc_core	keep:-	Rhodotorula mucilaginosa	2826.3	0.0118	TFCN_17-334Y-3	0.0001	TFCN_1A-14	0.2469	TFCN_25-334Y-6	0.2653
TFCN_25-333Y-10	R. aff. mucilaginosa	drop:other_species	NA	66077.2	0.2735	TFCN_137C-3	0.2693	TFCN_17-332M-1	0.3071	TFCN_25-334Y-6	0.0029
TFCN_25-333Y-9	rmuc_core	keep:-	Rhodotorula mucilaginosa	2961.1	0.0117	TFCN_25-0-2E333-5	0.0001	TFCN_1A-14	0.2469	TFCN_25-334Y-6	0.2655
TFCN_25-334D-3	rmuc_core	keep:-	Rhodotorula mucilaginosa	6762.3	0.0318	EXF_8109	0.0142	TFCN_1A-14	0.2496	TFCN_25-334Y-6	0.2688
TFCN_25-334Y-6	R. aff. mucilaginosa	drop:other_species	Rhodotorula mucilaginosa	71369.7	0.2650	TFCN_137C-3	0.2610	TFCN_1A-14	0.3039	TFCN_25-333Y-10	0.0029
TFCN_25-335Y-1	rmuc_core	keep:-	NA	31.6	0.0111	TFCN_152A-5	0.0000	TFCN_1A-14	0.2440	TFCN_25-334Y-6	0.2628
TFCN_25-337M-3	other dropped	drop:low_coverage	Rhodotorula mucilaginosa	30.4	0.0100	TFCN_17-332C-2	0.0000	TFCN_1A-14	0.2453	TFCN_25-334Y-6	0.2601
TFCN_25-337Y-1	rmuc_core	keep:-	Rhodotorula mucilaginosa	35.6	0.0115	TFCN_141C-2	0.0001	TFCN_1A-14	0.2452	TFCN_25-334Y-6	0.2628
TFCN_25-395P-1	R. aff. mucilaginosa	drop:other_species	Rhodotorula alborubescens	71182.9	0.2712	TFCN_137C-3	0.2676	TFCN_1A-14	0.3068	DBVPG_8043	0.0080
TFCN_270H-1	hybrid diploid	keep:-	Rhodotorula mucilaginosa	17211.2	0.1533	TFCN_25-0-2E333-9	0.1504	TFCN_1A-14	0.2803	TFCN_25-334Y-6	0.1467
TFCN_270H-2	rmuc_core	keep:-	Rhodotorula mucilaginosa	2712.0	0.0125	TFCN_100D-1	0.0002	TFCN_1A-14	0.2473	TFCN_25-334Y-6	0.2648
TFCN_273H-1	rmuc_core	keep:-	Rhodotorula mucilaginosa	2900.6	0.0117	TFCN_17-334Y-3	0.0002	TFCN_1A-14	0.2467	TFCN_25-334Y-6	0.2651
TFCN_2M-1-3	no-metadata haploid (6)	drop:no_metadata,no_het_diploid	NA	2731.6	0.0116	TFCN_98C-7	0.0001	TFCN_1A-14	0.2467	TFCN_25-334Y-6	0.2651
TFCN_2M-1-4	rmuc_core	keep:-	Rhodotorula mucilaginosa	2792.3	0.0118	TFCN_102D-1	0.0000	TFCN_1A-14	0.2469	TFCN_25-334Y-6	0.2653
TFCN_33A-4	R. aff. mucilaginosa	drop:other_species	Rhodotorula mucilaginosa	70878.9	0.2708	TFCN_137C-3	0.2672	TFCN_1A-14	0.3070	DBVPG_8043	0.0038
TFCN_340-1	rmuc_core	keep:-	Rhodotorula mucilaginosa	2958.2	0.0117	TFCN_25-333C-2	0.0001	TFCN_1A-14	0.2465	TFCN_25-334Y-6	0.2650
TFCN_340-3	rmuc_core	keep:-	Rhodotorula mucilaginosa	2857.6	0.0118	TFCN_25-0-2E333-9	0.0001	TFCN_1A-14	0.2471	TFCN_25-334Y-6	0.2652
TFCN_342-3	rmuc_core	keep:-	Rhodotorula paludigena	31.0	0.0113	TFCN_17-334C-1	0.0000	TFCN_1A-14	0.2453	TFCN_25-334Y-6	0.2626
TFCN_363-1-2	other dropped	drop:low_coverage	Rhodotorula taiwanensis	2410.0	0.0259	TFCN_340-3	0.0001	TFCN_1A-14	0.2502	TFCN_25-334Y-6	0.2673
TFCN_3M-1-1	R. frigidialcoholis	drop:other_species,ploidy_skewed	Rhodotorula mucilaginosa	52122.6	0.1524	TFCN_137C-3	0.1451	DBVPG_6660	0.0984	TFCN_25-334Y-6	0.2841
TFCN_404D-1	hybrid diploid	keep:-	Rhodotorula mucilaginosa	15886.5	0.1470	TFCN_25-0-2E333-9	0.1375	TFCN_1A-14	0.2787	TFCN_25-334Y-6	0.1449
TFCN_4M-1-2	rmuc_core	keep:-	Rhodotorula mucilaginosa	2874.3	0.0118	TFCN_100D-1	0.0001	TFCN_1A-14	0.2470	TFCN_25-334Y-6	0.2654
TFCN_4M-1-3	rmuc_core	keep:-	Rhodotorula mucilaginosa	37.4	0.0115	TFCN_152A-12	0.0000	TFCN_1A-14	0.2451	TFCN_25-334Y-6	0.2626
TFCN_4M-1-4	rmuc_core	keep:-	Rhodotorula mucilaginosa	37.5	0.0118	TFCN_152A-12	0.0000	TFCN_1A-14	0.2444	TFCN_25-334Y-6	0.2618
TFCN_4M-1-5	rmuc_core	keep:-	Rhodotorula mucilaginosa	38.1	0.0116	TFCN_152A-12	0.0000	TFCN_1A-14	0.2452	TFCN_25-334Y-6	0.2630
TFCN_54D-1	hybrid diploid	keep:-	Rhodotorula sphaerocarpa	16156.3	0.1417	TFCN_17-329Y-4	0.1189	TFCN_1A-14	0.2765	TFCN_25-334Y-6	0.1459
TFCN_54D-2	rmuc_core	keep:-	Rhodotorula sphaerocarpa	36.0	0.0120	TFCN_152A-12	0.0000	TFCN_1A-14	0.2448	TFCN_25-334Y-6	0.2626
TFCN_7-6-3	other dropped	drop:no_metadata,low_coverage	NA	65481.4	0.3075	TFCN_86A-12	0.3018	EXF_13601	0.3510	TFCN_25-334Y-6	0.3778
TFCN_86A-12	rmuc_core	keep:-	Rhodotorula sphaerocarpa	34.1	0.0151	TFCN_212C-2	0.0000	TFCN_1A-14	0.2437	TFCN_25-334Y-6	0.2632
TFCN_86A-3	rmuc_core	keep:-	Rhodotorula sphaerocarpa	36.9	0.0121	TFCN_152A-12	0.0000	TFCN_1A-14	0.2457	TFCN_25-334Y-6	0.2628
TFCN_86A-5	other dropped	drop:no_metadata,low_coverage	NA	83943.3	0.2586	TFCN_86A-12	0.2520	EXF_3633	0.3309	TFCN_25-334Y-6	0.3573
TFCN_86C-3	no-metadata haploid (6)	drop:no_metadata,no_het_diploid	NA	31.4	0.0117	DBVPG_6742	0.0000	TFCN_1A-14	0.2451	TFCN_25-334Y-6	0.2629
TFCN_89D-3	other dropped	drop:low_coverage	Rhodotorula mucilaginosa	2288.2	0.0259	TFCN_102D-1	0.0001	TFCN_1A-14	0.2499	TFCN_25-334Y-6	0.2672
TFCN_98A-10	rmuc_core	keep:-	Rhodotorula mucilaginosa	2966.4	0.0116	TFCN_118C-2	0.0000	TFCN_1A-14	0.2469	TFCN_25-334Y-6	0.2653
TFCN_98A-5	rmuc_core	keep:-	Rhodotorula mucilaginosa	35.8	0.0119	TFCN_152A-12	0.0000	TFCN_1A-14	0.2447	TFCN_25-334Y-6	0.2628
TFCN_98C-3	rmuc_core	keep:-	Rhodotorula mucilaginosa	37.2	0.0119	TFCN_152A-12	0.0000	TFCN_1A-14	0.2445	TFCN_25-334Y-6	0.2625
TFCN_98C-5	rmuc_core	keep:-	Rhodotorula mucilaginosa	41.6	0.0114	TFCN_141C-2	0.0000	TFCN_1A-14	0.2444	TFCN_25-334Y-6	0.2628
TFCN_98C-7	rmuc_core	keep:-	Rhodotorula mucilaginosa	2761.2	0.0120	TFCN_107C-3	0.0000	TFCN_1A-14	0.2471	TFCN_25-334Y-6	0.2654
TFCN_98C-8	rmuc_core	keep:-	Rhodotorula mucilaginosa	37.2	0.0114	TFCN_106A-1	0.0000	TFCN_1A-14	0.2449	TFCN_25-334Y-6	0.2629
TFCN_98D-11	rmuc_core	keep:-	NA	38.0	0.0114	TFCN_152A-12	0.0000	TFCN_1A-14	0.2449	TFCN_25-334Y-6	0.2628
TFCN_98D-7	rmuc_core	keep:-	NA	35.8	0.0112	TFCN_122C-2	0.0000	TFCN_1A-14	0.2447	TFCN_25-334Y-6	0.2632
TFCN_98D-9	rmuc_core	keep:-	NA	35.1	0.0108	TFCN_98D-7	0.0000	TFCN_1A-14	0.2443	TFCN_25-334Y-6	0.2634
TFCN_BY120-C1	no-metadata haploid (6)	drop:no_metadata,no_het_diploid	NA	2766.5	0.0116	TFCN_25-333C-2	0.0001	TFCN_1A-14	0.2467	TFCN_25-334Y-6	0.2651
TFCN_BY120-C7	no-metadata haploid (6)	drop:no_metadata,no_het_diploid	NA	2702.2	0.0116	TFCN_25-333C-2	0.0001	TFCN_1A-14	0.2467	TFCN_25-334Y-6	0.2651
